<?xml version="1.0" encoding="UTF-8"?><kml xmlns="http://www.opengis.net/kml/2.2"><Document><name>Four Marks revised minimum-profile terrain analysis</name><Placemark><name>Unnamed face near SU 665 063</name><description>Likely ridge-soarable; Rank 1 terrain-only. Sustained 120–200 m slope 9.7°; relief 32 m; qualifying ridge at ≥8° 2797 m; 52% of the broader face reaches 8° and 32% reaches 9.5°. Category: Likely ridge-soarable. Obstacles: Not automatically checked; inspect buildings, power lines, roads, railways, trees and fences manually. Airspace: Not automatically checked; manually review current aviation charts, NOTAMs, aerodromes and local procedures.</description><Point><coordinates>-1.0578638646927385,50.85286820121118,0</coordinates></Point></Placemark><Placemark><name>Unnamed face near TQ 065 487</name><description>Likely ridge-soarable; Rank 2 terrain-only. Sustained 120–200 m slope 10.3°; relief 36 m; qualifying ridge at ≥8° 2071 m; 66% of the broader face reaches 8° and 50% reaches 9.5°. Category: Likely ridge-soarable. Obstacles: Not automatically checked; inspect buildings, power lines, roads, railways, trees and fences manually. Airspace: Not automatically checked; manually review current aviation charts, NOTAMs, aerodromes and local procedures.</description><Point><coordinates>-0.4806463838399408,51.230411868099125,0</coordinates></Point></Placemark><Placemark><name>Unnamed face near SU 621 066</name><description>Likely ridge-soarable; Rank 3 terrain-only. Sustained 120–200 m slope 10.0°; relief 36 m; qualifying ridge at ≥8° 2105 m; 40% of the broader face reaches 8° and 29% reaches 9.5°. Category: Likely ridge-soarable. Obstacles: Not automatically checked; inspect buildings, power lines, roads, railways, trees and fences manually. Airspace: Not automatically checked; manually review current aviation charts, NOTAMs, aerodromes and local procedures.</description><Point><coordinates>-1.1129394794479026,50.85657198293863,0</coordinates></Point></Placemark><Placemark><name>Unnamed face near TQ 019 489</name><description>Likely ridge-soarable; Rank 4 terrain-only. Sustained 120–200 m slope 11.3°; relief 38 m; qualifying ridge at ≥8° 1133 m; 59% of the broader face reaches 8° and 46% reaches 9.5°. Category: Likely ridge-soarable. Obstacles: Not automatically checked; inspect buildings, power lines, roads, railways, trees and fences manually. Airspace: Not automatically checked; manually review current aviation charts, NOTAMs, aerodromes and local procedures.</description><Point><coordinates>-0.5379143667310506,51.22331432051402,0</coordinates></Point></Placemark><Placemark><name>Unnamed face near SU 917 288</name><description>Marginal terrain candidate; Rank 5 terrain-only. Sustained 120–200 m slope 9.1°; relief 31 m; qualifying ridge at ≥8° 2454 m; 54% of the broader face reaches 8° and 32% reaches 9.5°. Category: Marginal — inspect carefully. Obstacles: Not automatically checked; inspect buildings, power lines, roads, railways, trees and fences manually. Airspace: Not automatically checked; manually review current aviation charts, NOTAMs, aerodromes and local procedures.</description><Point><coordinates>-0.6927790400260136,51.05426258369376,0</coordinates></Point></Placemark><Placemark><name>Unnamed face near TQ 105 486</name><description>Likely ridge-soarable; Rank 6 terrain-only. Sustained 120–200 m slope 12.6°; relief 45 m; qualifying ridge at ≥8° 2800 m; 77% of the broader face reaches 8° and 66% reaches 9.5°. Category: Likely ridge-soarable. Obstacles: Not automatically checked; inspect buildings, power lines, roads, railways, trees and fences manually. Airspace: Not automatically checked; manually review current aviation charts, NOTAMs, aerodromes and local procedures.</description><Point><coordinates>-0.41709977173263324,51.22721227572943,0</coordinates></Point></Placemark><Placemark><name>Unnamed face near SU 572 816</name><description>Likely ridge-soarable; Rank 7 terrain-only. Sustained 120–200 m slope 10.5°; relief 35 m; qualifying ridge at ≥8° 2657 m; 64% of the broader face reaches 8° and 48% reaches 9.5°. Category: Likely ridge-soarable. Obstacles: Not automatically checked; inspect buildings, power lines, roads, railways, trees and fences manually. Airspace: Not automatically checked; manually review current aviation charts, NOTAMs, aerodromes and local procedures.</description><Point><coordinates>-1.1774013374563201,51.53121473150423,0</coordinates></Point></Placemark><Placemark><name>Unnamed face near SU 727 253</name><description>Likely ridge-soarable; Rank 8 terrain-only. Sustained 120–200 m slope 14.9°; relief 58 m; qualifying ridge at ≥8° 2511 m; 85% of the broader face reaches 8° and 73% reaches 9.5°. Category: Likely ridge-soarable. Obstacles: Not automatically checked; inspect buildings, power lines, roads, railways, trees and fences manually. Airspace: Not automatically checked; manually review current aviation charts, NOTAMs, aerodromes and local procedures.</description><Point><coordinates>-0.966705512048777,51.02346330031016,0</coordinates></Point></Placemark><Placemark><name>Unnamed face near SU 860 323</name><description>Likely ridge-soarable; Rank 9 terrain-only. Sustained 120–200 m slope 9.7°; relief 31 m; qualifying ridge at ≥8° 1602 m; 53% of the broader face reaches 8° and 33% reaches 9.5°. Category: Likely ridge-soarable. Obstacles: Not automatically checked; inspect buildings, power lines, roads, railways, trees and fences manually. Airspace: Not automatically checked; manually review current aviation charts, NOTAMs, aerodromes and local procedures.</description><Point><coordinates>-0.768948452391966,51.085966767532476,0</coordinates></Point></Placemark><Placemark><name>Unnamed face near SU 742 269</name><description>Likely ridge-soarable; Rank 10 terrain-only. Sustained 120–200 m slope 17.0°; relief 60 m; qualifying ridge at ≥8° 2075 m; 94% of the broader face reaches 8° and 85% reaches 9.5°. Category: Likely ridge-soarable. Obstacles: Not automatically checked; inspect buildings, power lines, roads, railways, trees and fences manually. Airspace: Not automatically checked; manually review current aviation charts, NOTAMs, aerodromes and local procedures.</description><Point><coordinates>-0.9469426040751613,51.036541855799314,0</coordinates></Point></Placemark><Placemark><name>Unnamed face near SU 968 124</name><description>Likely ridge-soarable; Rank 11 terrain-only. Sustained 120–200 m slope 11.5°; relief 43 m; qualifying ridge at ≥8° 436 m; 68% of the broader face reaches 8° and 55% reaches 9.5°. Category: Likely ridge-soarable. Obstacles: Not automatically checked; inspect buildings, power lines, roads, railways, trees and fences manually. Airspace: Not automatically checked; manually review current aviation charts, NOTAMs, aerodromes and local procedures.</description><Point><coordinates>-0.6271480116219755,50.91316851604721,0</coordinates></Point></Placemark><Placemark><name>Unnamed face near SU 983 385</name><description>Likely ridge-soarable; Rank 12 terrain-only. Sustained 120–200 m slope 10.3°; relief 33 m; qualifying ridge at ≥8° 2795 m; 58% of the broader face reaches 8° and 44% reaches 9.5°. Category: Likely ridge-soarable. Obstacles: Not automatically checked; inspect buildings, power lines, roads, railways, trees and fences manually. Airspace: Not automatically checked; manually review current aviation charts, NOTAMs, aerodromes and local procedures.</description><Point><coordinates>-0.5939559799515869,51.1379570779085,0</coordinates></Point></Placemark><Placemark><name>Unnamed face near SU 612 236</name><description>Likely ridge-soarable; Rank 13 terrain-only. Sustained 120–200 m slope 10.9°; relief 38 m; qualifying ridge at ≥8° 1093 m; 55% of the broader face reaches 8° and 42% reaches 9.5°. Category: Likely ridge-soarable. Obstacles: Not automatically checked; inspect buildings, power lines, roads, railways, trees and fences manually. Airspace: Not automatically checked; manually review current aviation charts, NOTAMs, aerodromes and local procedures.</description><Point><coordinates>-1.1395685504133055,51.00520637149161,0</coordinates></Point></Placemark><Placemark><name>Unnamed face near SU 924 132</name><description>Marginal terrain candidate; Rank 14 terrain-only. Sustained 120–200 m slope 9.1°; relief 33 m; qualifying ridge at ≥8° 1880 m; 48% of the broader face reaches 8° and 29% reaches 9.5°. Category: Marginal — inspect carefully. Obstacles: Not automatically checked; inspect buildings, power lines, roads, railways, trees and fences manually. Airspace: Not automatically checked; manually review current aviation charts, NOTAMs, aerodromes and local procedures.</description><Point><coordinates>-0.6784189937278482,50.91348149783343,0</coordinates></Point></Placemark><Placemark><name>Unnamed face near SU 941 143</name><description>Likely ridge-soarable; Rank 15 terrain-only. Sustained 120–200 m slope 9.9°; relief 35 m; qualifying ridge at ≥8° 1837 m; 58% of the broader face reaches 8° and 42% reaches 9.5°. Category: Likely ridge-soarable. Obstacles: Not automatically checked; inspect buildings, power lines, roads, railways, trees and fences manually. Airspace: Not automatically checked; manually review current aviation charts, NOTAMs, aerodromes and local procedures.</description><Point><coordinates>-0.6624639274672117,50.923768531726836,0</coordinates></Point></Placemark><Placemark><name>Unnamed face near TQ 058 425</name><description>Likely ridge-soarable; Rank 16 terrain-only. Sustained 120–200 m slope 10.4°; relief 34 m; qualifying ridge at ≥8° 2791 m; 53% of the broader face reaches 8° and 41% reaches 9.5°. Category: Likely ridge-soarable. Obstacles: Not automatically checked; inspect buildings, power lines, roads, railways, trees and fences manually. Airspace: Not automatically checked; manually review current aviation charts, NOTAMs, aerodromes and local procedures.</description><Point><coordinates>-0.48401634026419277,51.17228970975051,0</coordinates></Point></Placemark><Placemark><name>Unnamed face near TQ 008 385</name><description>Likely ridge-soarable; Rank 17 terrain-only. Sustained 120–200 m slope 10.9°; relief 36 m; qualifying ridge at ≥8° 1433 m; 61% of the broader face reaches 8° and 47% reaches 9.5°. Category: Likely ridge-soarable. Obstacles: Not automatically checked; inspect buildings, power lines, roads, railways, trees and fences manually. Airspace: Not automatically checked; manually review current aviation charts, NOTAMs, aerodromes and local procedures.</description><Point><coordinates>-0.5602397338519653,51.13873560184393,0</coordinates></Point></Placemark><Placemark><name>Unnamed face near SU 898 133</name><description>Likely ridge-soarable; Rank 18 terrain-only. Sustained 120–200 m slope 11.3°; relief 41 m; qualifying ridge at ≥8° 1271 m; 63% of the broader face reaches 8° and 49% reaches 9.5°. Category: Likely ridge-soarable. Obstacles: Not automatically checked; inspect buildings, power lines, roads, railways, trees and fences manually. Airspace: Not automatically checked; manually review current aviation charts, NOTAMs, aerodromes and local procedures.</description><Point><coordinates>-0.7387458300585109,50.916105913334306,0</coordinates></Point></Placemark><Placemark><name>Unnamed face near SU 964 154</name><description>Likely ridge-soarable; Rank 19 terrain-only. Sustained 120–200 m slope 11.0°; relief 40 m; qualifying ridge at ≥8° 1515 m; 70% of the broader face reaches 8° and 56% reaches 9.5°. Category: Likely ridge-soarable. Obstacles: Not automatically checked; inspect buildings, power lines, roads, railways, trees and fences manually. Airspace: Not automatically checked; manually review current aviation charts, NOTAMs, aerodromes and local procedures.</description><Point><coordinates>-0.6311500647919581,50.92323652477476,0</coordinates></Point></Placemark><Placemark><name>Unnamed face near SU 660 778</name><description>Likely ridge-soarable; Rank 20 terrain-only. Sustained 120–200 m slope 10.9°; relief 35 m; qualifying ridge at ≥8° 2331 m; 61% of the broader face reaches 8° and 47% reaches 9.5°. Category: Likely ridge-soarable. Obstacles: Not automatically checked; inspect buildings, power lines, roads, railways, trees and fences manually. Airspace: Not automatically checked; manually review current aviation charts, NOTAMs, aerodromes and local procedures.</description><Point><coordinates>-1.0525522076968137,51.496534721417994,0</coordinates></Point></Placemark><Placemark><name>Unnamed face near SU 927 154</name><description>Likely ridge-soarable; Rank 21 terrain-only. Sustained 120–200 m slope 13.6°; relief 51 m; qualifying ridge at ≥8° 843 m; 73% of the broader face reaches 8° and 59% reaches 9.5°. Category: Likely ridge-soarable. Obstacles: Not automatically checked; inspect buildings, power lines, roads, railways, trees and fences manually. Airspace: Not automatically checked; manually review current aviation charts, NOTAMs, aerodromes and local procedures.</description><Point><coordinates>-0.6702832522941022,50.92450388174389,0</coordinates></Point></Placemark><Placemark><name>Unnamed face near SU 862 172</name><description>Likely ridge-soarable; Rank 22 terrain-only. Sustained 120–200 m slope 11.3°; relief 41 m; qualifying ridge at ≥8° 981 m; 59% of the broader face reaches 8° and 48% reaches 9.5°. Category: Likely ridge-soarable. Obstacles: Not automatically checked; inspect buildings, power lines, roads, railways, trees and fences manually. Airspace: Not automatically checked; manually review current aviation charts, NOTAMs, aerodromes and local procedures.</description><Point><coordinates>-0.7778554814299361,50.949076972308895,0</coordinates></Point></Placemark><Placemark><name>Unnamed face near TQ 011 478</name><description>Likely ridge-soarable; Rank 23 terrain-only. Sustained 120–200 m slope 9.8°; relief 32 m; qualifying ridge at ≥8° 1653 m; 44% of the broader face reaches 8° and 32% reaches 9.5°. Category: Likely ridge-soarable. Obstacles: Not automatically checked; inspect buildings, power lines, roads, railways, trees and fences manually. Airspace: Not automatically checked; manually review current aviation charts, NOTAMs, aerodromes and local procedures.</description><Point><coordinates>-0.5500872945776902,51.222574809149926,0</coordinates></Point></Placemark><Placemark><name>Unnamed face near SU 374 613</name><description>Likely ridge-soarable; Rank 24 terrain-only. Sustained 120–200 m slope 11.3°; relief 39 m; qualifying ridge at ≥8° 2249 m; 64% of the broader face reaches 8° and 51% reaches 9.5°. Category: Likely ridge-soarable. Obstacles: Not automatically checked; inspect buildings, power lines, roads, railways, trees and fences manually. Airspace: Not automatically checked; manually review current aviation charts, NOTAMs, aerodromes and local procedures.</description><Point><coordinates>-1.465668095309336,51.35175464038465,0</coordinates></Point></Placemark><Placemark><name>Unnamed face near SU 813 274</name><description>Likely ridge-soarable; Rank 25 terrain-only. Sustained 120–200 m slope 11.4°; relief 38 m; qualifying ridge at ≥8° 2247 m; 60% of the broader face reaches 8° and 48% reaches 9.5°. Category: Likely ridge-soarable. Obstacles: Not automatically checked; inspect buildings, power lines, roads, railways, trees and fences manually. Airspace: Not automatically checked; manually review current aviation charts, NOTAMs, aerodromes and local procedures.</description><Point><coordinates>-0.8398986535863481,51.04198575138166,0</coordinates></Point></Placemark><Placemark><name>Unnamed face near SU 917 378</name><description>Marginal terrain candidate; Rank 26 terrain-only. Sustained 120–200 m slope 9.2°; relief 29 m; qualifying ridge at ≥8° 2179 m; 57% of the broader face reaches 8° and 39% reaches 9.5°. Category: Marginal — inspect carefully. Obstacles: Not automatically checked; inspect buildings, power lines, roads, railways, trees and fences manually. Airspace: Not automatically checked; manually review current aviation charts, NOTAMs, aerodromes and local procedures.</description><Point><coordinates>-0.6929625122976856,51.13245011105275,0</coordinates></Point></Placemark><Placemark><name>Unnamed face near SU 691 754</name><description>Marginal terrain candidate; Rank 27 terrain-only. Sustained 120–200 m slope 9.3°; relief 29 m; qualifying ridge at ≥8° 1911 m; 58% of the broader face reaches 8° and 35% reaches 9.5°. Category: Marginal — inspect carefully. Obstacles: Not automatically checked; inspect buildings, power lines, roads, railways, trees and fences manually. Airspace: Not automatically checked; manually review current aviation charts, NOTAMs, aerodromes and local procedures.</description><Point><coordinates>-1.0076706088052838,51.47488862900246,0</coordinates></Point></Placemark><Placemark><name>Unnamed face near TQ 012 110</name><description>Likely ridge-soarable; Rank 28 terrain-only. Sustained 120–200 m slope 9.7°; relief 38 m; qualifying ridge at ≥8° 1536 m; 55% of the broader face reaches 8° and 38% reaches 9.5°. Category: Likely ridge-soarable. Obstacles: Not automatically checked; inspect buildings, power lines, roads, railways, trees and fences manually. Airspace: Not automatically checked; manually review current aviation charts, NOTAMs, aerodromes and local procedures.</description><Point><coordinates>-0.564349802073036,50.89089125545475,0</coordinates></Point></Placemark><Placemark><name>Unnamed face near SU 505 291</name><description>Likely ridge-soarable; Rank 29 terrain-only. Sustained 120–200 m slope 10.6°; relief 34 m; qualifying ridge at ≥8° 1698 m; 53% of the broader face reaches 8° and 39% reaches 9.5°. Category: Likely ridge-soarable. Obstacles: Not automatically checked; inspect buildings, power lines, roads, railways, trees and fences manually. Airspace: Not automatically checked; manually review current aviation charts, NOTAMs, aerodromes and local procedures.</description><Point><coordinates>-1.2790355138551535,51.059448923455605,0</coordinates></Point></Placemark><Placemark><name>Unnamed face near SU 873 357</name><description>Likely ridge-soarable; Rank 30 terrain-only. Sustained 120–200 m slope 11.0°; relief 35 m; qualifying ridge at ≥8° 2096 m; 67% of the broader face reaches 8° and 52% reaches 9.5°. Category: Likely ridge-soarable. Obstacles: Not automatically checked; inspect buildings, power lines, roads, railways, trees and fences manually. Airspace: Not automatically checked; manually review current aviation charts, NOTAMs, aerodromes and local procedures.</description><Point><coordinates>-0.7572688600505999,51.11999813264518,0</coordinates></Point></Placemark><Placemark><name>Unnamed face near SU 822 108</name><description>Likely ridge-soarable; Rank 31 terrain-only. Sustained 120–200 m slope 10.6°; relief 37 m; qualifying ridge at ≥8° 2457 m; 53% of the broader face reaches 8° and 40% reaches 9.5°. Category: Likely ridge-soarable. Obstacles: Not automatically checked; inspect buildings, power lines, roads, railways, trees and fences manually. Airspace: Not automatically checked; manually review current aviation charts, NOTAMs, aerodromes and local procedures.</description><Point><coordinates>-0.8332090710922022,50.89182130042932,0</coordinates></Point></Placemark><Placemark><name>Unnamed face near SU 874 307</name><description>Likely ridge-soarable; Rank 32 terrain-only. Sustained 120–200 m slope 11.2°; relief 36 m; qualifying ridge at ≥8° 2167 m; 60% of the broader face reaches 8° and 46% reaches 9.5°. Category: Likely ridge-soarable. Obstacles: Not automatically checked; inspect buildings, power lines, roads, railways, trees and fences manually. Airspace: Not automatically checked; manually review current aviation charts, NOTAMs, aerodromes and local procedures.</description><Point><coordinates>-0.748442692864541,51.07054706486477,0</coordinates></Point></Placemark><Placemark><name>Holybourne slopes</name><description>Marginal terrain candidate; Rank 33 terrain-only. Sustained 120–200 m slope 9.3°; relief 30 m; qualifying ridge at ≥8° 1122 m; 41% of the broader face reaches 8° and 29% reaches 9.5°. Category: Marginal — inspect carefully. Obstacles: Not automatically checked; inspect buildings, power lines, roads, railways, trees and fences manually. Airspace: Not automatically checked; manually review current aviation charts, NOTAMs, aerodromes and local procedures.</description><Point><coordinates>-0.9546384779134303,51.17968782821521,0</coordinates></Point></Placemark><Placemark><name>Unnamed face near SU 714 196</name><description>Likely ridge-soarable; Rank 34 terrain-only. Sustained 120–200 m slope 12.4°; relief 44 m; qualifying ridge at ≥8° 1428 m; 72% of the broader face reaches 8° and 60% reaches 9.5°. Category: Likely ridge-soarable. Obstacles: Not automatically checked; inspect buildings, power lines, roads, railways, trees and fences manually. Airspace: Not automatically checked; manually review current aviation charts, NOTAMs, aerodromes and local procedures.</description><Point><coordinates>-0.9808079921949981,50.97419002435819,0</coordinates></Point></Placemark><Placemark><name>Unnamed face near SU 298 560</name><description>Likely ridge-soarable; Rank 35 terrain-only. Sustained 120–200 m slope 13.0°; relief 43 m; qualifying ridge at ≥8° 755 m; 67% of the broader face reaches 8° and 53% reaches 9.5°. Category: Likely ridge-soarable. Obstacles: Not automatically checked; inspect buildings, power lines, roads, railways, trees and fences manually. Airspace: Not automatically checked; manually review current aviation charts, NOTAMs, aerodromes and local procedures.</description><Point><coordinates>-1.5633024486133593,51.31026675205777,0</coordinates></Point></Placemark><Placemark><name>Unnamed face near SU 698 249</name><description>Likely ridge-soarable; Rank 36 terrain-only. Sustained 120–200 m slope 13.1°; relief 47 m; qualifying ridge at ≥8° 540 m; 77% of the broader face reaches 8° and 68% reaches 9.5°. Category: Likely ridge-soarable. Obstacles: Not automatically checked; inspect buildings, power lines, roads, railways, trees and fences manually. Airspace: Not automatically checked; manually review current aviation charts, NOTAMs, aerodromes and local procedures.</description><Point><coordinates>-1.003503454214462,51.00907754244545,0</coordinates></Point></Placemark><Placemark><name>Unnamed face near SU 996 383</name><description>Likely ridge-soarable; Rank 37 terrain-only. Sustained 120–200 m slope 10.6°; relief 34 m; qualifying ridge at ≥8° 1795 m; 60% of the broader face reaches 8° and 46% reaches 9.5°. Category: Likely ridge-soarable. Obstacles: Not automatically checked; inspect buildings, power lines, roads, railways, trees and fences manually. Airspace: Not automatically checked; manually review current aviation charts, NOTAMs, aerodromes and local procedures.</description><Point><coordinates>-0.5811353385434299,51.13749210224229,0</coordinates></Point></Placemark><Placemark><name>Pidham Hill</name><description>Likely ridge-soarable; Rank 38 terrain-only. Sustained 120–200 m slope 11.9°; relief 42 m; qualifying ridge at ≥8° 986 m; 64% of the broader face reaches 8° and 49% reaches 9.5°. Category: Likely ridge-soarable. Obstacles: Not automatically checked; inspect buildings, power lines, roads, railways, trees and fences manually. Airspace: Not automatically checked; manually review current aviation charts, NOTAMs, aerodromes and local procedures.</description><Point><coordinates>-1.0167985239456674,51.00047414354536,0</coordinates></Point></Placemark><Placemark><name>Unnamed face near SU 953 123</name><description>Likely ridge-soarable; Rank 39 terrain-only. Sustained 120–200 m slope 11.5°; relief 42 m; qualifying ridge at ≥8° 752 m; 71% of the broader face reaches 8° and 58% reaches 9.5°. Category: Likely ridge-soarable. Obstacles: Not automatically checked; inspect buildings, power lines, roads, railways, trees and fences manually. Airspace: Not automatically checked; manually review current aviation charts, NOTAMs, aerodromes and local procedures.</description><Point><coordinates>-0.6441163095097027,50.912800406549614,0</coordinates></Point></Placemark><Placemark><name>Unnamed face near SU 316 563</name><description>Likely ridge-soarable; Rank 40 terrain-only. Sustained 120–200 m slope 10.1°; relief 34 m; qualifying ridge at ≥8° 2228 m; 59% of the broader face reaches 8° and 45% reaches 9.5°. Category: Likely ridge-soarable. Obstacles: Not automatically checked; inspect buildings, power lines, roads, railways, trees and fences manually. Airspace: Not automatically checked; manually review current aviation charts, NOTAMs, aerodromes and local procedures.</description><Point><coordinates>-1.5476074557744885,51.30657112917816,0</coordinates></Point></Placemark><Placemark><name>Unnamed face near TQ 033 115</name><description>Likely ridge-soarable; Rank 41 terrain-only. Sustained 120–200 m slope 9.8°; relief 35 m; qualifying ridge at ≥8° 1352 m; 58% of the broader face reaches 8° and 41% reaches 9.5°. Category: Likely ridge-soarable. Obstacles: Not automatically checked; inspect buildings, power lines, roads, railways, trees and fences manually. Airspace: Not automatically checked; manually review current aviation charts, NOTAMs, aerodromes and local procedures.</description><Point><coordinates>-0.5270872904237799,50.89765630007061,0</coordinates></Point></Placemark><Placemark><name>Unnamed face near SU 724 189</name><description>Likely ridge-soarable; Rank 42 terrain-only. Sustained 120–200 m slope 10.8°; relief 40 m; qualifying ridge at ≥8° 1933 m; 68% of the broader face reaches 8° and 53% reaches 9.5°. Category: Likely ridge-soarable. Obstacles: Not automatically checked; inspect buildings, power lines, roads, railways, trees and fences manually. Airspace: Not automatically checked; manually review current aviation charts, NOTAMs, aerodromes and local procedures.</description><Point><coordinates>-0.9673223162230076,50.966476042681975,0</coordinates></Point></Placemark><Placemark><name>Unnamed face near TQ 051 437</name><description>Likely ridge-soarable; Rank 43 terrain-only. Sustained 120–200 m slope 10.2°; relief 34 m; qualifying ridge at ≥8° 1720 m; 54% of the broader face reaches 8° and 40% reaches 9.5°. Category: Likely ridge-soarable. Obstacles: Not automatically checked; inspect buildings, power lines, roads, railways, trees and fences manually. Airspace: Not automatically checked; manually review current aviation charts, NOTAMs, aerodromes and local procedures.</description><Point><coordinates>-0.4963584842389112,51.17547244786996,0</coordinates></Point></Placemark><Placemark><name>Unnamed face near SU 745 314</name><description>Likely ridge-soarable; Rank 44 terrain-only. Sustained 120–200 m slope 13.1°; relief 46 m; qualifying ridge at ≥8° 1433 m; 76% of the broader face reaches 8° and 64% reaches 9.5°. Category: Likely ridge-soarable. Obstacles: Not automatically checked; inspect buildings, power lines, roads, railways, trees and fences manually. Airspace: Not automatically checked; manually review current aviation charts, NOTAMs, aerodromes and local procedures.</description><Point><coordinates>-0.9394628659082964,51.07736463597115,0</coordinates></Point></Placemark><Placemark><name>Unnamed face near SU 575 794</name><description>Likely ridge-soarable; Rank 45 terrain-only. Sustained 120–200 m slope 9.9°; relief 33 m; qualifying ridge at ≥8° 865 m; 57% of the broader face reaches 8° and 40% reaches 9.5°. Category: Likely ridge-soarable. Obstacles: Not automatically checked; inspect buildings, power lines, roads, railways, trees and fences manually. Airspace: Not automatically checked; manually review current aviation charts, NOTAMs, aerodromes and local procedures.</description><Point><coordinates>-1.1600399729232331,51.51546748959648,0</coordinates></Point></Placemark><Placemark><name>Unnamed face near TQ 014 084</name><description>Marginal terrain candidate; Rank 46 terrain-only. Sustained 120–200 m slope 9.3°; relief 32 m; qualifying ridge at ≥8° 790 m; 54% of the broader face reaches 8° and 35% reaches 9.5°. Category: Marginal — inspect carefully. Obstacles: Not automatically checked; inspect buildings, power lines, roads, railways, trees and fences manually. Airspace: Not automatically checked; manually review current aviation charts, NOTAMs, aerodromes and local procedures.</description><Point><coordinates>-0.5572755333771562,50.86989799013605,0</coordinates></Point></Placemark><Placemark><name>Unnamed face near SU 865 132</name><description>Marginal terrain candidate; Rank 47 terrain-only. Sustained 120–200 m slope 9.3°; relief 32 m; qualifying ridge at ≥8° 1318 m; 52% of the broader face reaches 8° and 34% reaches 9.5°. Category: Marginal — inspect carefully. Obstacles: Not automatically checked; inspect buildings, power lines, roads, railways, trees and fences manually. Airspace: Not automatically checked; manually review current aviation charts, NOTAMs, aerodromes and local procedures.</description><Point><coordinates>-0.7696338179094684,50.91360233527392,0</coordinates></Point></Placemark><Placemark><name>Unnamed face near TQ 045 117</name><description>Likely ridge-soarable; Rank 48 terrain-only. Sustained 120–200 m slope 10.6°; relief 38 m; qualifying ridge at ≥8° 1806 m; 62% of the broader face reaches 8° and 45% reaches 9.5°. Category: Likely ridge-soarable. Obstacles: Not automatically checked; inspect buildings, power lines, roads, railways, trees and fences manually. Airspace: Not automatically checked; manually review current aviation charts, NOTAMs, aerodromes and local procedures.</description><Point><coordinates>-0.5207784263884024,50.899532510616666,0</coordinates></Point></Placemark><Placemark><name>Unnamed face near SU 908 353</name><description>Likely ridge-soarable; Rank 49 terrain-only. Sustained 120–200 m slope 9.5°; relief 32 m; qualifying ridge at ≥8° 1524 m; 52% of the broader face reaches 8° and 35% reaches 9.5°. Category: Likely ridge-soarable. Obstacles: Not automatically checked; inspect buildings, power lines, roads, railways, trees and fences manually. Airspace: Not automatically checked; manually review current aviation charts, NOTAMs, aerodromes and local procedures.</description><Point><coordinates>-0.7119434008928228,51.11088543897916,0</coordinates></Point></Placemark><Placemark><name>Unnamed face near SU 604 223</name><description>Likely ridge-soarable; Rank 50 terrain-only. Sustained 120–200 m slope 10.9°; relief 39 m; qualifying ridge at ≥8° 1193 m; 55% of the broader face reaches 8° and 44% reaches 9.5°. Category: Likely ridge-soarable. Obstacles: Not automatically checked; inspect buildings, power lines, roads, railways, trees and fences manually. Airspace: Not automatically checked; manually review current aviation charts, NOTAMs, aerodromes and local procedures.</description><Point><coordinates>-1.1434775503904036,50.9944062638746,0</coordinates></Point></Placemark><Placemark><name>Unnamed face near SU 522 269</name><description>Likely ridge-soarable; Rank 51 terrain-only. Sustained 120–200 m slope 9.7°; relief 31 m; qualifying ridge at ≥8° 693 m; 43% of the broader face reaches 8° and 28% reaches 9.5°. Category: Likely ridge-soarable. Obstacles: Not automatically checked; inspect buildings, power lines, roads, railways, trees and fences manually. Airspace: Not automatically checked; manually review current aviation charts, NOTAMs, aerodromes and local procedures.</description><Point><coordinates>-1.2563272043048253,51.049056463526554,0</coordinates></Point></Placemark><Placemark><name>Unnamed face near SU 854 289</name><description>Likely ridge-soarable; Rank 52 terrain-only. Sustained 120–200 m slope 11.0°; relief 37 m; qualifying ridge at ≥8° 1569 m; 60% of the broader face reaches 8° and 47% reaches 9.5°. Category: Likely ridge-soarable. Obstacles: Not automatically checked; inspect buildings, power lines, roads, railways, trees and fences manually. Airspace: Not automatically checked; manually review current aviation charts, NOTAMs, aerodromes and local procedures.</description><Point><coordinates>-0.7760746731554734,51.0544215571285,0</coordinates></Point></Placemark><Placemark><name>Unnamed face near SU 983 128</name><description>Likely ridge-soarable; Rank 53 terrain-only. Sustained 120–200 m slope 11.6°; relief 43 m; qualifying ridge at ≥8° 587 m; 74% of the broader face reaches 8° and 61% reaches 9.5°. Category: Likely ridge-soarable. Obstacles: Not automatically checked; inspect buildings, power lines, roads, railways, trees and fences manually. Airspace: Not automatically checked; manually review current aviation charts, NOTAMs, aerodromes and local procedures.</description><Point><coordinates>-0.5978593029362766,50.91507995917429,0</coordinates></Point></Placemark><Placemark><name>Unnamed face near SU 902 319</name><description>Likely ridge-soarable; Rank 54 terrain-only. Sustained 120–200 m slope 11.5°; relief 38 m; qualifying ridge at ≥8° 2006 m; 69% of the broader face reaches 8° and 56% reaches 9.5°. Category: Likely ridge-soarable. Obstacles: Not automatically checked; inspect buildings, power lines, roads, railways, trees and fences manually. Airspace: Not automatically checked; manually review current aviation charts, NOTAMs, aerodromes and local procedures.</description><Point><coordinates>-0.7081261893950103,51.078913186801294,0</coordinates></Point></Placemark><Placemark><name>Unnamed face near SU 923 304</name><description>Likely ridge-soarable; Rank 55 terrain-only. Sustained 120–200 m slope 10.2°; relief 34 m; qualifying ridge at ≥8° 1182 m; 53% of the broader face reaches 8° and 41% reaches 9.5°. Category: Likely ridge-soarable. Obstacles: Not automatically checked; inspect buildings, power lines, roads, railways, trees and fences manually. Airspace: Not automatically checked; manually review current aviation charts, NOTAMs, aerodromes and local procedures.</description><Point><coordinates>-0.6829022260361893,51.063710461633406,0</coordinates></Point></Placemark><Placemark><name>Unnamed face near TQ 124 495</name><description>Likely ridge-soarable; Rank 56 terrain-only. Sustained 120–200 m slope 14.0°; relief 51 m; qualifying ridge at ≥8° 2800 m; 85% of the broader face reaches 8° and 75% reaches 9.5°. Category: Likely ridge-soarable. Obstacles: Not automatically checked; inspect buildings, power lines, roads, railways, trees and fences manually. Airspace: Not automatically checked; manually review current aviation charts, NOTAMs, aerodromes and local procedures.</description><Point><coordinates>-0.3905985595296264,51.233612283294576,0</coordinates></Point></Placemark><Placemark><name>Unnamed face near SU 643 202</name><description>Likely ridge-soarable; Rank 57 terrain-only. Sustained 120–200 m slope 10.1°; relief 37 m; qualifying ridge at ≥8° 618 m; 65% of the broader face reaches 8° and 47% reaches 9.5°. Category: Likely ridge-soarable. Obstacles: Not automatically checked; inspect buildings, power lines, roads, railways, trees and fences manually. Airspace: Not automatically checked; manually review current aviation charts, NOTAMs, aerodromes and local procedures.</description><Point><coordinates>-1.0804632074098977,50.98591991828823,0</coordinates></Point></Placemark><Placemark><name>Unnamed face near SU 644 779</name><description>Likely ridge-soarable; Rank 58 terrain-only. Sustained 120–200 m slope 12.2°; relief 42 m; qualifying ridge at ≥8° 832 m; 65% of the broader face reaches 8° and 50% reaches 9.5°. Category: Likely ridge-soarable. Obstacles: Not automatically checked; inspect buildings, power lines, roads, railways, trees and fences manually. Airspace: Not automatically checked; manually review current aviation charts, NOTAMs, aerodromes and local procedures.</description><Point><coordinates>-1.0739526850709378,51.497386018855266,0</coordinates></Point></Placemark><Placemark><name>Unnamed face near SU 744 183</name><description>Likely ridge-soarable; Rank 59 terrain-only. Sustained 120–200 m slope 10.3°; relief 39 m; qualifying ridge at ≥8° 1081 m; 51% of the broader face reaches 8° and 37% reaches 9.5°. Category: Likely ridge-soarable. Obstacles: Not automatically checked; inspect buildings, power lines, roads, railways, trees and fences manually. Airspace: Not automatically checked; manually review current aviation charts, NOTAMs, aerodromes and local procedures.</description><Point><coordinates>-0.9322045942561742,50.962999894949924,0</coordinates></Point></Placemark><Placemark><name>Holybourne slopes</name><description>Likely ridge-soarable; Rank 60 terrain-only. Sustained 120–200 m slope 9.8°; relief 33 m; qualifying ridge at ≥8° 996 m; 40% of the broader face reaches 8° and 27% reaches 9.5°. Category: Likely ridge-soarable. Obstacles: Not automatically checked; inspect buildings, power lines, roads, railways, trees and fences manually. Airspace: Not automatically checked; manually review current aviation charts, NOTAMs, aerodromes and local procedures.</description><Point><coordinates>-0.9659191888923304,51.1756013151578,0</coordinates></Point></Placemark><Placemark><name>Unnamed face near SU 440 566</name><description>Likely ridge-soarable; Rank 61 terrain-only. Sustained 120–200 m slope 9.6°; relief 34 m; qualifying ridge at ≥8° 970 m; 37% of the broader face reaches 8° and 23% reaches 9.5°. Category: Likely ridge-soarable. Obstacles: Not automatically checked; inspect buildings, power lines, roads, railways, trees and fences manually. Airspace: Not automatically checked; manually review current aviation charts, NOTAMs, aerodromes and local procedures.</description><Point><coordinates>-1.3636319078987582,51.30989497849991,0</coordinates></Point></Placemark><Placemark><name>Unnamed face near SU 397 595</name><description>Likely ridge-soarable; Rank 62 terrain-only. Sustained 120–200 m slope 11.1°; relief 39 m; qualifying ridge at ≥8° 1311 m; 63% of the broader face reaches 8° and 49% reaches 9.5°. Category: Likely ridge-soarable. Obstacles: Not automatically checked; inspect buildings, power lines, roads, railways, trees and fences manually. Airspace: Not automatically checked; manually review current aviation charts, NOTAMs, aerodromes and local procedures.</description><Point><coordinates>-1.4271791969947285,51.332991918067535,0</coordinates></Point></Placemark><Placemark><name>Unnamed face near TQ 054 501</name><description>Likely ridge-soarable; Rank 63 terrain-only. Sustained 120–200 m slope 10.6°; relief 37 m; qualifying ridge at ≥8° 1939 m; 72% of the broader face reaches 8° and 53% reaches 9.5°. Category: Likely ridge-soarable. Obstacles: Not automatically checked; inspect buildings, power lines, roads, railways, trees and fences manually. Airspace: Not automatically checked; manually review current aviation charts, NOTAMs, aerodromes and local procedures.</description><Point><coordinates>-0.4905888129194499,51.2313817204872,0</coordinates></Point></Placemark><Placemark><name>Unnamed face near SU 690 412</name><description>Likely ridge-soarable; Rank 64 terrain-only. Sustained 120–200 m slope 10.4°; relief 38 m; qualifying ridge at ≥8° 717 m; 44% of the broader face reaches 8° and 25% reaches 9.5°. Category: Likely ridge-soarable. Obstacles: Not automatically checked; inspect buildings, power lines, roads, railways, trees and fences manually. Airspace: Not automatically checked; manually review current aviation charts, NOTAMs, aerodromes and local procedures.</description><Point><coordinates>-1.0046734676338047,51.15796789725983,0</coordinates></Point></Placemark><Placemark><name>Unnamed face near SU 969 384</name><description>Likely ridge-soarable; Rank 65 terrain-only. Sustained 120–200 m slope 9.9°; relief 32 m; qualifying ridge at ≥8° 1604 m; 53% of the broader face reaches 8° and 39% reaches 9.5°. Category: Likely ridge-soarable. Obstacles: Not automatically checked; inspect buildings, power lines, roads, railways, trees and fences manually. Airspace: Not automatically checked; manually review current aviation charts, NOTAMs, aerodromes and local procedures.</description><Point><coordinates>-0.6109937431155269,51.13795895574682,0</coordinates></Point></Placemark><Placemark><name>Unnamed face near TQ 091 490</name><description>Likely ridge-soarable; Rank 66 terrain-only. Sustained 120–200 m slope 12.3°; relief 44 m; qualifying ridge at ≥8° 1535 m; 73% of the broader face reaches 8° and 62% reaches 9.5°. Category: Likely ridge-soarable. Obstacles: Not automatically checked; inspect buildings, power lines, roads, railways, trees and fences manually. Airspace: Not automatically checked; manually review current aviation charts, NOTAMs, aerodromes and local procedures.</description><Point><coordinates>-0.42983100916719863,51.22645139119241,0</coordinates></Point></Placemark><Placemark><name>Unnamed face near SU 614 806</name><description>Likely ridge-soarable; Rank 67 terrain-only. Sustained 120–200 m slope 12.6°; relief 47 m; qualifying ridge at ≥8° 686 m; 65% of the broader face reaches 8° and 49% reaches 9.5°. Category: Likely ridge-soarable. Obstacles: Not automatically checked; inspect buildings, power lines, roads, railways, trees and fences manually. Airspace: Not automatically checked; manually review current aviation charts, NOTAMs, aerodromes and local procedures.</description><Point><coordinates>-1.1112602069823938,51.510798722522885,0</coordinates></Point></Placemark><Placemark><name>Unnamed face near SU 590 783</name><description>Likely ridge-soarable; Rank 68 terrain-only. Sustained 120–200 m slope 11.2°; relief 37 m; qualifying ridge at ≥8° 1177 m; 71% of the broader face reaches 8° and 55% reaches 9.5°. Category: Likely ridge-soarable. Obstacles: Not automatically checked; inspect buildings, power lines, roads, railways, trees and fences manually. Airspace: Not automatically checked; manually review current aviation charts, NOTAMs, aerodromes and local procedures.</description><Point><coordinates>-1.1442543761217234,51.51104779180367,0</coordinates></Point></Placemark><Placemark><name>Unnamed face near SU 738 290</name><description>Likely ridge-soarable; Rank 69 terrain-only. Sustained 120–200 m slope 13.4°; relief 49 m; qualifying ridge at ≥8° 529 m; 86% of the broader face reaches 8° and 77% reaches 9.5°. Category: Likely ridge-soarable. Obstacles: Not automatically checked; inspect buildings, power lines, roads, railways, trees and fences manually. Airspace: Not automatically checked; manually review current aviation charts, NOTAMs, aerodromes and local procedures.</description><Point><coordinates>-0.9514262180009491,51.04546817762966,0</coordinates></Point></Placemark><Placemark><name>Unnamed face near SU 894 110</name><description>Likely ridge-soarable; Rank 70 terrain-only. Sustained 120–200 m slope 10.6°; relief 38 m; qualifying ridge at ≥8° 882 m; 34% of the broader face reaches 8° and 20% reaches 9.5°. Category: Likely ridge-soarable. Obstacles: Not automatically checked; inspect buildings, power lines, roads, railways, trees and fences manually. Airspace: Not automatically checked; manually review current aviation charts, NOTAMs, aerodromes and local procedures.</description><Point><coordinates>-0.7423101161459985,50.887708769201986,0</coordinates></Point></Placemark><Placemark><name>Unnamed face near SU 587 798</name><description>Likely ridge-soarable; Rank 71 terrain-only. Sustained 120–200 m slope 10.3°; relief 35 m; qualifying ridge at ≥8° 1889 m; 61% of the broader face reaches 8° and 46% reaches 9.5°. Category: Likely ridge-soarable. Obstacles: Not automatically checked; inspect buildings, power lines, roads, railways, trees and fences manually. Airspace: Not automatically checked; manually review current aviation charts, NOTAMs, aerodromes and local procedures.</description><Point><coordinates>-1.1522235465730024,51.51428569890637,0</coordinates></Point></Placemark><Placemark><name>Unnamed face near SU 805 101</name><description>Marginal terrain candidate; Rank 72 terrain-only. Sustained 120–200 m slope 9.1°; relief 31 m; qualifying ridge at ≥8° 1321 m; 36% of the broader face reaches 8° and 22% reaches 9.5°. Category: Marginal — inspect carefully. Obstacles: Not automatically checked; inspect buildings, power lines, roads, railways, trees and fences manually. Airspace: Not automatically checked; manually review current aviation charts, NOTAMs, aerodromes and local procedures.</description><Point><coordinates>-0.846629305906697,50.88523258918681,0</coordinates></Point></Placemark><Placemark><name>Unnamed face near TQ 012 454</name><description>Likely ridge-soarable; Rank 73 terrain-only. Sustained 120–200 m slope 10.1°; relief 35 m; qualifying ridge at ≥8° 558 m; 65% of the broader face reaches 8° and 48% reaches 9.5°. Category: Likely ridge-soarable. Obstacles: Not automatically checked; inspect buildings, power lines, roads, railways, trees and fences manually. Airspace: Not automatically checked; manually review current aviation charts, NOTAMs, aerodromes and local procedures.</description><Point><coordinates>-0.5517393431774708,51.201265945163705,0</coordinates></Point></Placemark><Placemark><name>Unnamed face near SZ 574 873</name><description>Likely ridge-soarable; Rank 74 terrain-only. Sustained 120–200 m slope 10.8°; relief 38 m; qualifying ridge at ≥8° 2053 m; 65% of the broader face reaches 8° and 49% reaches 9.5°. Category: Likely ridge-soarable. Obstacles: Not automatically checked; inspect buildings, power lines, roads, railways, trees and fences manually. Airspace: Not automatically checked; manually review current aviation charts, NOTAMs, aerodromes and local procedures.</description><Point><coordinates>-1.194257963893233,50.683129607517806,0</coordinates></Point></Placemark><Placemark><name>Henwood Down</name><description>Likely ridge-soarable; Rank 75 terrain-only. Sustained 120–200 m slope 11.9°; relief 42 m; qualifying ridge at ≥8° 804 m; 59% of the broader face reaches 8° and 38% reaches 9.5°. Category: Likely ridge-soarable. Obstacles: Not automatically checked; inspect buildings, power lines, roads, railways, trees and fences manually. Airspace: Not automatically checked; manually review current aviation charts, NOTAMs, aerodromes and local procedures.</description><Point><coordinates>-1.0551575995125604,50.99876825012409,0</coordinates></Point></Placemark><Placemark><name>Unnamed face near SU 683 763</name><description>Marginal terrain candidate; Rank 76 terrain-only. Sustained 120–200 m slope 9.4°; relief 31 m; qualifying ridge at ≥8° 1015 m; 47% of the broader face reaches 8° and 29% reaches 9.5°. Category: Marginal — inspect carefully. Obstacles: Not automatically checked; inspect buildings, power lines, roads, railways, trees and fences manually. Airspace: Not automatically checked; manually review current aviation charts, NOTAMs, aerodromes and local procedures.</description><Point><coordinates>-1.02410602488851,51.48424193600025,0</coordinates></Point></Placemark><Placemark><name>Unnamed face near SU 591 223</name><description>Likely ridge-soarable; Rank 77 terrain-only. Sustained 120–200 m slope 12.6°; relief 49 m; qualifying ridge at ≥8° 447 m; 68% of the broader face reaches 8° and 56% reaches 9.5°. Category: Likely ridge-soarable. Obstacles: Not automatically checked; inspect buildings, power lines, roads, railways, trees and fences manually. Airspace: Not automatically checked; manually review current aviation charts, NOTAMs, aerodromes and local procedures.</description><Point><coordinates>-1.1454771415139158,51.00340263557148,0</coordinates></Point></Placemark><Placemark><name>Unnamed face near SU 835 282</name><description>Likely ridge-soarable; Rank 78 terrain-only. Sustained 120–200 m slope 11.6°; relief 37 m; qualifying ridge at ≥8° 2797 m; 63% of the broader face reaches 8° and 52% reaches 9.5°. Category: Likely ridge-soarable. Obstacles: Not automatically checked; inspect buildings, power lines, roads, railways, trees and fences manually. Airspace: Not automatically checked; manually review current aviation charts, NOTAMs, aerodromes and local procedures.</description><Point><coordinates>-0.8113961468475529,51.04927332550586,0</coordinates></Point></Placemark><Placemark><name>Unnamed face near SU 806 171</name><description>Likely ridge-soarable; Rank 79 terrain-only. Sustained 120–200 m slope 10.2°; relief 35 m; qualifying ridge at ≥8° 889 m; 42% of the broader face reaches 8° and 24% reaches 9.5°. Category: Likely ridge-soarable. Obstacles: Not automatically checked; inspect buildings, power lines, roads, railways, trees and fences manually. Airspace: Not automatically checked; manually review current aviation charts, NOTAMs, aerodromes and local procedures.</description><Point><coordinates>-0.8453974115358062,50.95564730507816,0</coordinates></Point></Placemark><Placemark><name>Unnamed face near SU 875 328</name><description>Likely ridge-soarable; Rank 80 terrain-only. Sustained 120–200 m slope 10.8°; relief 36 m; qualifying ridge at ≥8° 1361 m; 64% of the broader face reaches 8° and 49% reaches 9.5°. Category: Likely ridge-soarable. Obstacles: Not automatically checked; inspect buildings, power lines, roads, railways, trees and fences manually. Airspace: Not automatically checked; manually review current aviation charts, NOTAMs, aerodromes and local procedures.</description><Point><coordinates>-0.7480851132239025,51.09172075814334,0</coordinates></Point></Placemark><Placemark><name>Unnamed face near SU 555 812</name><description>Likely ridge-soarable; Rank 81 terrain-only. Sustained 120–200 m slope 9.6°; relief 32 m; qualifying ridge at ≥8° 1868 m; 55% of the broader face reaches 8° and 34% reaches 9.5°. Category: Likely ridge-soarable. Obstacles: Not automatically checked; inspect buildings, power lines, roads, railways, trees and fences manually. Airspace: Not automatically checked; manually review current aviation charts, NOTAMs, aerodromes and local procedures.</description><Point><coordinates>-1.1926176767912144,51.52873093224731,0</coordinates></Point></Placemark><Placemark><name>Unnamed face near TQ 009 096</name><description>Marginal terrain candidate; Rank 82 terrain-only. Sustained 120–200 m slope 9.1°; relief 32 m; qualifying ridge at ≥8° 856 m; 42% of the broader face reaches 8° and 21% reaches 9.5°. Category: Marginal — inspect carefully. Obstacles: Not automatically checked; inspect buildings, power lines, roads, railways, trees and fences manually. Airspace: Not automatically checked; manually review current aviation charts, NOTAMs, aerodromes and local procedures.</description><Point><coordinates>-0.5630854747416661,50.87385399779258,0</coordinates></Point></Placemark><Placemark><name>Unnamed face near SU 780 202</name><description>Likely ridge-soarable; Rank 83 terrain-only. Sustained 120–200 m slope 10.8°; relief 36 m; qualifying ridge at ≥8° 828 m; 58% of the broader face reaches 8° and 46% reaches 9.5°. Category: Likely ridge-soarable. Obstacles: Not automatically checked; inspect buildings, power lines, roads, railways, trees and fences manually. Airspace: Not automatically checked; manually review current aviation charts, NOTAMs, aerodromes and local procedures.</description><Point><coordinates>-0.8910270599819522,50.975831464176046,0</coordinates></Point></Placemark><Placemark><name>Unnamed face near TQ 008 123</name><description>Likely ridge-soarable; Rank 84 terrain-only. Sustained 120–200 m slope 10.7°; relief 43 m; qualifying ridge at ≥8° 777 m; 62% of the broader face reaches 8° and 50% reaches 9.5°. Category: Likely ridge-soarable. Obstacles: Not automatically checked; inspect buildings, power lines, roads, railways, trees and fences manually. Airspace: Not automatically checked; manually review current aviation charts, NOTAMs, aerodromes and local procedures.</description><Point><coordinates>-0.5701211945029256,50.90228210646043,0</coordinates></Point></Placemark><Placemark><name>Unnamed face near SU 956 447</name><description>Likely ridge-soarable; Rank 85 terrain-only. Sustained 120–200 m slope 10.0°; relief 32 m; qualifying ridge at ≥8° 971 m; 56% of the broader face reaches 8° and 43% reaches 9.5°. Category: Likely ridge-soarable. Obstacles: Not automatically checked; inspect buildings, power lines, roads, railways, trees and fences manually. Airspace: Not automatically checked; manually review current aviation charts, NOTAMs, aerodromes and local procedures.</description><Point><coordinates>-0.6330699714713391,51.195015063962146,0</coordinates></Point></Placemark><Placemark><name>Unnamed face near SU 722 175</name><description>Likely ridge-soarable; Rank 86 terrain-only. Sustained 120–200 m slope 11.0°; relief 41 m; qualifying ridge at ≥8° 728 m; 73% of the broader face reaches 8° and 57% reaches 9.5°. Category: Likely ridge-soarable. Obstacles: Not automatically checked; inspect buildings, power lines, roads, railways, trees and fences manually. Airspace: Not automatically checked; manually review current aviation charts, NOTAMs, aerodromes and local procedures.</description><Point><coordinates>-0.9752111325314518,50.96288091262169,0</coordinates></Point></Placemark><Placemark><name>Unnamed face near SU 761 315</name><description>Likely ridge-soarable; Rank 87 terrain-only. Sustained 120–200 m slope 14.0°; relief 47 m; qualifying ridge at ≥8° 487 m; 87% of the broader face reaches 8° and 78% reaches 9.5°. Category: Likely ridge-soarable. Obstacles: Not automatically checked; inspect buildings, power lines, roads, railways, trees and fences manually. Airspace: Not automatically checked; manually review current aviation charts, NOTAMs, aerodromes and local procedures.</description><Point><coordinates>-0.9313959288042266,51.08030024776481,0</coordinates></Point></Placemark><Placemark><name>Unnamed face near SU 893 351</name><description>Likely ridge-soarable; Rank 88 terrain-only. Sustained 120–200 m slope 11.8°; relief 39 m; qualifying ridge at ≥8° 2086 m; 56% of the broader face reaches 8° and 36% reaches 9.5°. Category: Likely ridge-soarable. Obstacles: Not automatically checked; inspect buildings, power lines, roads, railways, trees and fences manually. Airspace: Not automatically checked; manually review current aviation charts, NOTAMs, aerodromes and local procedures.</description><Point><coordinates>-0.7199942999129924,51.10980095717738,0</coordinates></Point></Placemark><Placemark><name>Pidham Hill</name><description>Likely ridge-soarable; Rank 89 terrain-only. Sustained 120–200 m slope 10.6°; relief 35 m; qualifying ridge at ≥8° 1701 m; 63% of the broader face reaches 8° and 48% reaches 9.5°. Category: Likely ridge-soarable. Obstacles: Not automatically checked; inspect buildings, power lines, roads, railways, trees and fences manually. Airspace: Not automatically checked; manually review current aviation charts, NOTAMs, aerodromes and local procedures.</description><Point><coordinates>-0.9894151415029874,51.0125502045047,0</coordinates></Point></Placemark><Placemark><name>Unnamed face near SU 855 372</name><description>Likely ridge-soarable; Rank 90 terrain-only. Sustained 120–200 m slope 11.9°; relief 39 m; qualifying ridge at ≥8° 1392 m; 70% of the broader face reaches 8° and 56% reaches 9.5°. Category: Likely ridge-soarable. Obstacles: Not automatically checked; inspect buildings, power lines, roads, railways, trees and fences manually. Airspace: Not automatically checked; manually review current aviation charts, NOTAMs, aerodromes and local procedures.</description><Point><coordinates>-0.7724641902591914,51.12525702777089,0</coordinates></Point></Placemark><Placemark><name>Unnamed face near TQ 126 471</name><description>Likely ridge-soarable; Rank 91 terrain-only. Sustained 120–200 m slope 10.9°; relief 37 m; qualifying ridge at ≥8° 770 m; 70% of the broader face reaches 8° and 57% reaches 9.5°. Category: Likely ridge-soarable. Obstacles: Not automatically checked; inspect buildings, power lines, roads, railways, trees and fences manually. Airspace: Not automatically checked; manually review current aviation charts, NOTAMs, aerodromes and local procedures.</description><Point><coordinates>-0.37422659396223995,51.21817189839782,0</coordinates></Point></Placemark><Placemark><name>Unnamed face near TQ 080 121</name><description>Likely ridge-soarable; Rank 92 terrain-only. Sustained 120–200 m slope 11.7°; relief 43 m; qualifying ridge at ≥8° 532 m; 77% of the broader face reaches 8° and 64% reaches 9.5°. Category: Likely ridge-soarable. Obstacles: Not automatically checked; inspect buildings, power lines, roads, railways, trees and fences manually. Airspace: Not automatically checked; manually review current aviation charts, NOTAMs, aerodromes and local procedures.</description><Point><coordinates>-0.45709299024000277,50.903046277369285,0</coordinates></Point></Placemark><Placemark><name>Unnamed face near SU 602 201</name><description>Marginal terrain candidate; Rank 93 terrain-only. Sustained 120–200 m slope 9.0°; relief 34 m; qualifying ridge at ≥8° 459 m; 43% of the broader face reaches 8° and 30% reaches 9.5°. Category: Marginal — inspect carefully. Obstacles: Not automatically checked; inspect buildings, power lines, roads, railways, trees and fences manually. Airspace: Not automatically checked; manually review current aviation charts, NOTAMs, aerodromes and local procedures.</description><Point><coordinates>-1.1457964087758894,50.98612562893426,0</coordinates></Point></Placemark><Placemark><name>Unnamed face near SU 954 382</name><description>Likely ridge-soarable; Rank 94 terrain-only. Sustained 120–200 m slope 9.5°; relief 30 m; qualifying ridge at ≥8° 796 m; 41% of the broader face reaches 8° and 28% reaches 9.5°. Category: Likely ridge-soarable. Obstacles: Not automatically checked; inspect buildings, power lines, roads, railways, trees and fences manually. Airspace: Not automatically checked; manually review current aviation charts, NOTAMs, aerodromes and local procedures.</description><Point><coordinates>-0.6248865884877802,51.137377822837735,0</coordinates></Point></Placemark><Placemark><name>Unnamed face near SU 491 291</name><description>Likely ridge-soarable; Rank 95 terrain-only. Sustained 120–200 m slope 10.6°; relief 33 m; qualifying ridge at ≥8° 918 m; 61% of the broader face reaches 8° and 48% reaches 9.5°. Category: Likely ridge-soarable. Obstacles: Not automatically checked; inspect buildings, power lines, roads, railways, trees and fences manually. Airspace: Not automatically checked; manually review current aviation charts, NOTAMs, aerodromes and local procedures.</description><Point><coordinates>-1.2850361581649057,51.06066222242181,0</coordinates></Point></Placemark><Placemark><name>Pidham Hill</name><description>Likely ridge-soarable; Rank 96 terrain-only. Sustained 120–200 m slope 12.1°; relief 43 m; qualifying ridge at ≥8° 1020 m; 67% of the broader face reaches 8° and 54% reaches 9.5°. Category: Likely ridge-soarable. Obstacles: Not automatically checked; inspect buildings, power lines, roads, railways, trees and fences manually. Airspace: Not automatically checked; manually review current aviation charts, NOTAMs, aerodromes and local procedures.</description><Point><coordinates>-1.0116086203450971,51.00307142251101,0</coordinates></Point></Placemark><Placemark><name>Unnamed face near SU 750 347</name><description>Likely ridge-soarable; Rank 97 terrain-only. Sustained 120–200 m slope 10.3°; relief 33 m; qualifying ridge at ≥8° 811 m; 31% of the broader face reaches 8° and 25% reaches 9.5°. Category: Likely ridge-soarable. Obstacles: Not automatically checked; inspect buildings, power lines, roads, railways, trees and fences manually. Airspace: Not automatically checked; manually review current aviation charts, NOTAMs, aerodromes and local procedures.</description><Point><coordinates>-0.9274557307847703,51.109718006180046,0</coordinates></Point></Placemark><Placemark><name>Unnamed face near SU 817 121</name><description>Likely ridge-soarable; Rank 98 terrain-only. Sustained 120–200 m slope 13.2°; relief 50 m; qualifying ridge at ≥8° 2246 m; 78% of the broader face reaches 8° and 65% reaches 9.5°. Category: Likely ridge-soarable. Obstacles: Not automatically checked; inspect buildings, power lines, roads, railways, trees and fences manually. Airspace: Not automatically checked; manually review current aviation charts, NOTAMs, aerodromes and local procedures.</description><Point><coordinates>-0.8271912762991873,50.89822038815118,0</coordinates></Point></Placemark><Placemark><name>Unnamed face near TQ 045 471</name><description>Likely ridge-soarable; Rank 99 terrain-only. Sustained 120–200 m slope 11.3°; relief 38 m; qualifying ridge at ≥8° 835 m; 72% of the broader face reaches 8° and 60% reaches 9.5°. Category: Likely ridge-soarable. Obstacles: Not automatically checked; inspect buildings, power lines, roads, railways, trees and fences manually. Airspace: Not automatically checked; manually review current aviation charts, NOTAMs, aerodromes and local procedures.</description><Point><coordinates>-0.5109399907034805,51.22337487546668,0</coordinates></Point></Placemark><Placemark><name>Unnamed face near TQ 031 496</name><description>Marginal terrain candidate; Rank 100 terrain-only. Sustained 120–200 m slope 9.3°; relief 31 m; qualifying ridge at ≥8° 1888 m; 46% of the broader face reaches 8° and 25% reaches 9.5°. Category: Marginal — inspect carefully. Obstacles: Not automatically checked; inspect buildings, power lines, roads, railways, trees and fences manually. Airspace: Not automatically checked; manually review current aviation charts, NOTAMs, aerodromes and local procedures.</description><Point><coordinates>-0.5164470947818872,51.23150840609032,0</coordinates></Point></Placemark><Placemark><name>Unnamed face near SU 459 560</name><description>Marginal terrain candidate; Rank 101 terrain-only. Sustained 120–200 m slope 9.3°; relief 31 m; qualifying ridge at ≥8° 698 m; 47% of the broader face reaches 8° and 33% reaches 9.5°. Category: Marginal — inspect carefully. Obstacles: Not automatically checked; inspect buildings, power lines, roads, railways, trees and fences manually. Airspace: Not automatically checked; manually review current aviation charts, NOTAMs, aerodromes and local procedures.</description><Point><coordinates>-1.3431841376680551,51.30947542718006,0</coordinates></Point></Placemark><Placemark><name>Unnamed face near SU 784 809</name><description>Likely ridge-soarable; Rank 102 terrain-only. Sustained 120–200 m slope 10.5°; relief 35 m; qualifying ridge at ≥8° 1024 m; 60% of the broader face reaches 8° and 45% reaches 9.5°. Category: Likely ridge-soarable. Obstacles: Not automatically checked; inspect buildings, power lines, roads, railways, trees and fences manually. Airspace: Not automatically checked; manually review current aviation charts, NOTAMs, aerodromes and local procedures.</description><Point><coordinates>-0.8688540006822026,51.51571127487514,0</coordinates></Point></Placemark><Placemark><name>Unnamed face near SU 995 429</name><description>Likely ridge-soarable; Rank 103 terrain-only. Sustained 120–200 m slope 9.8°; relief 31 m; qualifying ridge at ≥8° 894 m; 47% of the broader face reaches 8° and 25% reaches 9.5°. Category: Likely ridge-soarable. Obstacles: Not automatically checked; inspect buildings, power lines, roads, railways, trees and fences manually. Airspace: Not automatically checked; manually review current aviation charts, NOTAMs, aerodromes and local procedures.</description><Point><coordinates>-0.5657040536891136,51.17948821099962,0</coordinates></Point></Placemark><Placemark><name>Unnamed face near SU 801 274</name><description>Likely ridge-soarable; Rank 104 terrain-only. Sustained 120–200 m slope 12.2°; relief 39 m; qualifying ridge at ≥8° 1668 m; 74% of the broader face reaches 8° and 61% reaches 9.5°. Category: Likely ridge-soarable. Obstacles: Not automatically checked; inspect buildings, power lines, roads, railways, trees and fences manually. Airspace: Not automatically checked; manually review current aviation charts, NOTAMs, aerodromes and local procedures.</description><Point><coordinates>-0.8648698662116805,51.037602106992196,0</coordinates></Point></Placemark><Placemark><name>Unnamed face near SU 851 118</name><description>Likely ridge-soarable; Rank 105 terrain-only. Sustained 120–200 m slope 10.1°; relief 35 m; qualifying ridge at ≥8° 649 m; 63% of the broader face reaches 8° and 46% reaches 9.5°. Category: Likely ridge-soarable. Obstacles: Not automatically checked; inspect buildings, power lines, roads, railways, trees and fences manually. Airspace: Not automatically checked; manually review current aviation charts, NOTAMs, aerodromes and local procedures.</description><Point><coordinates>-0.7821340124511063,50.90865335316483,0</coordinates></Point></Placemark><Placemark><name>Unnamed face near SU 787 253</name><description>Likely ridge-soarable; Rank 106 terrain-only. Sustained 120–200 m slope 10.9°; relief 34 m; qualifying ridge at ≥8° 471 m; 66% of the broader face reaches 8° and 54% reaches 9.5°. Category: Likely ridge-soarable. Obstacles: Not automatically checked; inspect buildings, power lines, roads, railways, trees and fences manually. Airspace: Not automatically checked; manually review current aviation charts, NOTAMs, aerodromes and local procedures.</description><Point><coordinates>-0.8717769232919045,51.032089496386185,0</coordinates></Point></Placemark><Placemark><name>Unnamed face near SU 969 444</name><description>Likely ridge-soarable; Rank 107 terrain-only. Sustained 120–200 m slope 10.7°; relief 35 m; qualifying ridge at ≥8° 664 m; 61% of the broader face reaches 8° and 48% reaches 9.5°. Category: Likely ridge-soarable. Obstacles: Not automatically checked; inspect buildings, power lines, roads, railways, trees and fences manually. Airspace: Not automatically checked; manually review current aviation charts, NOTAMs, aerodromes and local procedures.</description><Point><coordinates>-0.6220104266705657,51.19404525232607,0</coordinates></Point></Placemark><Placemark><name>Unnamed face near SU 755 294</name><description>Marginal terrain candidate; Rank 108 terrain-only. Sustained 120–200 m slope 9.5°; relief 30 m; qualifying ridge at ≥8° 1708 m; 36% of the broader face reaches 8° and 28% reaches 9.5°. Category: Marginal — inspect carefully. Obstacles: Not automatically checked; inspect buildings, power lines, roads, railways, trees and fences manually. Airspace: Not automatically checked; manually review current aviation charts, NOTAMs, aerodromes and local procedures.</description><Point><coordinates>-0.9291455920550263,51.05611701487388,0</coordinates></Point></Placemark><Placemark><name>Unnamed face near SU 904 300</name><description>Likely ridge-soarable; Rank 109 terrain-only. Sustained 120–200 m slope 10.5°; relief 36 m; qualifying ridge at ≥8° 1471 m; 63% of the broader face reaches 8° and 47% reaches 9.5°. Category: Likely ridge-soarable. Obstacles: Not automatically checked; inspect buildings, power lines, roads, railways, trees and fences manually. Airspace: Not automatically checked; manually review current aviation charts, NOTAMs, aerodromes and local procedures.</description><Point><coordinates>-0.6994526857992442,51.066391463977936,0</coordinates></Point></Placemark><Placemark><name>Unnamed face near SU 702 187</name><description>Likely ridge-soarable; Rank 110 terrain-only. Sustained 120–200 m slope 12.0°; relief 42 m; qualifying ridge at ≥8° 773 m; 69% of the broader face reaches 8° and 57% reaches 9.5°. Category: Likely ridge-soarable. Obstacles: Not automatically checked; inspect buildings, power lines, roads, railways, trees and fences manually. Airspace: Not automatically checked; manually review current aviation charts, NOTAMs, aerodromes and local procedures.</description><Point><coordinates>-0.9880730940183273,50.965834664140786,0</coordinates></Point></Placemark><Placemark><name>Unnamed face near SU 697 402</name><description>Likely ridge-soarable; Rank 111 terrain-only. Sustained 120–200 m slope 10.2°; relief 36 m; qualifying ridge at ≥8° 985 m; 40% of the broader face reaches 8° and 26% reaches 9.5°. Category: Likely ridge-soarable. Obstacles: Not automatically checked; inspect buildings, power lines, roads, railways, trees and fences manually. Airspace: Not automatically checked; manually review current aviation charts, NOTAMs, aerodromes and local procedures.</description><Point><coordinates>-1.0026192618597818,51.15410915756193,0</coordinates></Point></Placemark><Placemark><name>Unnamed face near SZ 648 869</name><description>Marginal terrain candidate; Rank 112 terrain-only. Sustained 120–200 m slope 9.0°; relief 28 m; qualifying ridge at ≥8° 1377 m; 41% of the broader face reaches 8° and 22% reaches 9.5°. Category: Marginal — inspect carefully. Obstacles: Not automatically checked; inspect buildings, power lines, roads, railways, trees and fences manually. Airspace: Not automatically checked; manually review current aviation charts, NOTAMs, aerodromes and local procedures.</description><Point><coordinates>-1.0909669111797784,50.67470932138379,0</coordinates></Point></Placemark><Placemark><name>Unnamed face near SU 915 568</name><description>Marginal terrain candidate; Rank 113 terrain-only. Sustained 120–200 m slope 8.8°; relief 27 m; qualifying ridge at ≥8° 504 m; 41% of the broader face reaches 8° and 18% reaches 9.5°. Category: Marginal — inspect carefully. Obstacles: Not automatically checked; inspect buildings, power lines, roads, railways, trees and fences manually. Airspace: Not automatically checked; manually review current aviation charts, NOTAMs, aerodromes and local procedures.</description><Point><coordinates>-0.6873118880872452,51.30388560728741,0</coordinates></Point></Placemark><Placemark><name>Henwood Down</name><description>Likely ridge-soarable; Rank 114 terrain-only. Sustained 120–200 m slope 10.3°; relief 38 m; qualifying ridge at ≥8° 443 m; 58% of the broader face reaches 8° and 44% reaches 9.5°. Category: Likely ridge-soarable. Obstacles: Not automatically checked; inspect buildings, power lines, roads, railways, trees and fences manually. Airspace: Not automatically checked; manually review current aviation charts, NOTAMs, aerodromes and local procedures.</description><Point><coordinates>-1.039633737783435,50.979964919849245,0</coordinates></Point></Placemark><Placemark><name>Unnamed face near SU 892 374</name><description>Likely ridge-soarable; Rank 115 terrain-only. Sustained 120–200 m slope 10.6°; relief 35 m; qualifying ridge at ≥8° 747 m; 52% of the broader face reaches 8° and 36% reaches 9.5°. Category: Likely ridge-soarable. Obstacles: Not automatically checked; inspect buildings, power lines, roads, railways, trees and fences manually. Airspace: Not automatically checked; manually review current aviation charts, NOTAMs, aerodromes and local procedures.</description><Point><coordinates>-0.7320259941271624,51.12398390892654,0</coordinates></Point></Placemark><Placemark><name>Unnamed face near SZ 594 869</name><description>Likely ridge-soarable; Rank 116 terrain-only. Sustained 120–200 m slope 9.8°; relief 33 m; qualifying ridge at ≥8° 2631 m; 54% of the broader face reaches 8° and 37% reaches 9.5°. Category: Likely ridge-soarable. Obstacles: Not automatically checked; inspect buildings, power lines, roads, railways, trees and fences manually. Airspace: Not automatically checked; manually review current aviation charts, NOTAMs, aerodromes and local procedures.</description><Point><coordinates>-1.162702629458558,50.67773249464284,0</coordinates></Point></Placemark><Placemark><name>Unnamed face near TQ 090 438</name><description>Likely ridge-soarable; Rank 117 terrain-only. Sustained 120–200 m slope 10.5°; relief 35 m; qualifying ridge at ≥8° 1939 m; 60% of the broader face reaches 8° and 45% reaches 9.5°. Category: Likely ridge-soarable. Obstacles: Not automatically checked; inspect buildings, power lines, roads, railways, trees and fences manually. Airspace: Not automatically checked; manually review current aviation charts, NOTAMs, aerodromes and local procedures.</description><Point><coordinates>-0.43534507288803487,51.17766919694718,0</coordinates></Point></Placemark><Placemark><name>Unnamed face near SU 889 333</name><description>Likely ridge-soarable; Rank 118 terrain-only. Sustained 120–200 m slope 11.0°; relief 36 m; qualifying ridge at ≥8° 1544 m; 66% of the broader face reaches 8° and 51% reaches 9.5°. Category: Likely ridge-soarable. Obstacles: Not automatically checked; inspect buildings, power lines, roads, railways, trees and fences manually. Airspace: Not automatically checked; manually review current aviation charts, NOTAMs, aerodromes and local procedures.</description><Point><coordinates>-0.7445821690810961,51.095731162562366,0</coordinates></Point></Placemark><Placemark><name>Unnamed face near TQ 023 093</name><description>Likely ridge-soarable; Rank 119 terrain-only. Sustained 120–200 m slope 11.4°; relief 44 m; qualifying ridge at ≥8° 883 m; 57% of the broader face reaches 8° and 36% reaches 9.5°. Category: Likely ridge-soarable. Obstacles: Not automatically checked; inspect buildings, power lines, roads, railways, trees and fences manually. Airspace: Not automatically checked; manually review current aviation charts, NOTAMs, aerodromes and local procedures.</description><Point><coordinates>-0.5494252110249768,50.86624429910326,0</coordinates></Point></Placemark><Placemark><name>Unnamed face near SZ 538 881</name><description>Likely ridge-soarable; Rank 120 terrain-only. Sustained 120–200 m slope 10.7°; relief 37 m; qualifying ridge at ≥8° 1714 m; 59% of the broader face reaches 8° and 43% reaches 9.5°. Category: Likely ridge-soarable. Obstacles: Not automatically checked; inspect buildings, power lines, roads, railways, trees and fences manually. Airspace: Not automatically checked; manually review current aviation charts, NOTAMs, aerodromes and local procedures.</description><Point><coordinates>-1.2369528232781783,50.68143176322338,0</coordinates></Point></Placemark><Placemark><name>Unnamed face near SU 907 248</name><description>Likely ridge-soarable; Rank 121 terrain-only. Sustained 120–200 m slope 10.7°; relief 35 m; qualifying ridge at ≥8° 543 m; 40% of the broader face reaches 8° and 29% reaches 9.5°. Category: Likely ridge-soarable. Obstacles: Not automatically checked; inspect buildings, power lines, roads, railways, trees and fences manually. Airspace: Not automatically checked; manually review current aviation charts, NOTAMs, aerodromes and local procedures.</description><Point><coordinates>-0.6945678412301164,51.01074590024759,0</coordinates></Point></Placemark><Placemark><name>Unnamed face near SU 701 208</name><description>Likely ridge-soarable; Rank 122 terrain-only. Sustained 120–200 m slope 14.1°; relief 55 m; qualifying ridge at ≥8° 1052 m; 86% of the broader face reaches 8° and 78% reaches 9.5°. Category: Likely ridge-soarable. Obstacles: Not automatically checked; inspect buildings, power lines, roads, railways, trees and fences manually. Airspace: Not automatically checked; manually review current aviation charts, NOTAMs, aerodromes and local procedures.</description><Point><coordinates>-0.9882650357985363,50.98246976646092,0</coordinates></Point></Placemark><Placemark><name>Unnamed face near SU 961 476</name><description>Marginal terrain candidate; Rank 123 terrain-only. Sustained 120–200 m slope 8.9°; relief 29 m; qualifying ridge at ≥8° 2445 m; 44% of the broader face reaches 8° and 21% reaches 9.5°. Category: Marginal — inspect carefully. Obstacles: Not automatically checked; inspect buildings, power lines, roads, railways, trees and fences manually. Airspace: Not automatically checked; manually review current aviation charts, NOTAMs, aerodromes and local procedures.</description><Point><coordinates>-0.6249194147594193,51.22680822040332,0</coordinates></Point></Placemark><Placemark><name>Unnamed face near SU 999 487</name><description>Marginal terrain candidate; Rank 124 terrain-only. Sustained 120–200 m slope 9.4°; relief 31 m; qualifying ridge at ≥8° 1552 m; 50% of the broader face reaches 8° and 33% reaches 9.5°. Category: Marginal — inspect carefully. Obstacles: Not automatically checked; inspect buildings, power lines, roads, railways, trees and fences manually. Airspace: Not automatically checked; manually review current aviation charts, NOTAMs, aerodromes and local procedures.</description><Point><coordinates>-0.5634651274116548,51.23061413888674,0</coordinates></Point></Placemark><Placemark><name>Unnamed face near SU 675 772</name><description>Likely ridge-soarable; Rank 125 terrain-only. Sustained 120–200 m slope 10.4°; relief 34 m; qualifying ridge at ≥8° 1338 m; 60% of the broader face reaches 8° and 43% reaches 9.5°. Category: Likely ridge-soarable. Obstacles: Not automatically checked; inspect buildings, power lines, roads, railways, trees and fences manually. Airspace: Not automatically checked; manually review current aviation charts, NOTAMs, aerodromes and local procedures.</description><Point><coordinates>-1.0337070922162863,51.49612470307296,0</coordinates></Point></Placemark><Placemark><name>Unnamed face near SU 415 597</name><description>Likely ridge-soarable; Rank 126 terrain-only. Sustained 120–200 m slope 10.8°; relief 38 m; qualifying ridge at ≥8° 1095 m; 62% of the broader face reaches 8° and 47% reaches 9.5°. Category: Likely ridge-soarable. Obstacles: Not automatically checked; inspect buildings, power lines, roads, railways, trees and fences manually. Airspace: Not automatically checked; manually review current aviation charts, NOTAMs, aerodromes and local procedures.</description><Point><coordinates>-1.4191453940854306,51.33166139553517,0</coordinates></Point></Placemark><Placemark><name>Unnamed face near SU 717 212</name><description>Likely ridge-soarable; Rank 127 terrain-only. Sustained 120–200 m slope 13.4°; relief 51 m; qualifying ridge at ≥8° 1113 m; 74% of the broader face reaches 8° and 62% reaches 9.5°. Category: Likely ridge-soarable. Obstacles: Not automatically checked; inspect buildings, power lines, roads, railways, trees and fences manually. Airspace: Not automatically checked; manually review current aviation charts, NOTAMs, aerodromes and local procedures.</description><Point><coordinates>-0.976612873890534,50.97706946882011,0</coordinates></Point></Placemark><Placemark><name>Unnamed face near SU 919 276</name><description>Marginal terrain candidate; Rank 128 terrain-only. Sustained 120–200 m slope 8.5°; relief 28 m; qualifying ridge at ≥8° 1538 m; 43% of the broader face reaches 8° and 19% reaches 9.5°. Category: Marginal — inspect carefully. Obstacles: Not automatically checked; inspect buildings, power lines, roads, railways, trees and fences manually. Airspace: Not automatically checked; manually review current aviation charts, NOTAMs, aerodromes and local procedures.</description><Point><coordinates>-0.6925147561765933,51.0493953296344,0</coordinates></Point></Placemark><Placemark><name>Unnamed face near SU 753 192</name><description>Likely ridge-soarable; Rank 129 terrain-only. Sustained 120–200 m slope 12.3°; relief 43 m; qualifying ridge at ≥8° 537 m; 71% of the broader face reaches 8° and 58% reaches 9.5°. Category: Likely ridge-soarable. Obstacles: Not automatically checked; inspect buildings, power lines, roads, railways, trees and fences manually. Airspace: Not automatically checked; manually review current aviation charts, NOTAMs, aerodromes and local procedures.</description><Point><coordinates>-0.9380518504326046,50.96112273068717,0</coordinates></Point></Placemark><Placemark><name>Unnamed face near SU 518 299</name><description>Likely ridge-soarable; Rank 130 terrain-only. Sustained 120–200 m slope 9.8°; relief 30 m; qualifying ridge at ≥8° 761 m; 45% of the broader face reaches 8° and 29% reaches 9.5°. Category: Likely ridge-soarable. Obstacles: Not automatically checked; inspect buildings, power lines, roads, railways, trees and fences manually. Airspace: Not automatically checked; manually review current aviation charts, NOTAMs, aerodromes and local procedures.</description><Point><coordinates>-1.27197582055095,51.058428733589245,0</coordinates></Point></Placemark><Placemark><name>Unnamed face near SU 589 822</name><description>Likely ridge-soarable; Rank 131 terrain-only. Sustained 120–200 m slope 10.7°; relief 37 m; qualifying ridge at ≥8° 784 m; 56% of the broader face reaches 8° and 45% reaches 9.5°. Category: Likely ridge-soarable. Obstacles: Not automatically checked; inspect buildings, power lines, roads, railways, trees and fences manually. Airspace: Not automatically checked; manually review current aviation charts, NOTAMs, aerodromes and local procedures.</description><Point><coordinates>-1.1649227728634808,51.540340284958276,0</coordinates></Point></Placemark><Placemark><name>Unnamed face near SU 837 118</name><description>Likely ridge-soarable; Rank 132 terrain-only. Sustained 120–200 m slope 11.9°; relief 45 m; qualifying ridge at ≥8° 1845 m; 65% of the broader face reaches 8° and 52% reaches 9.5°. Category: Likely ridge-soarable. Obstacles: Not automatically checked; inspect buildings, power lines, roads, railways, trees and fences manually. Airspace: Not automatically checked; manually review current aviation charts, NOTAMs, aerodromes and local procedures.</description><Point><coordinates>-0.8232769510355246,50.90206392095597,0</coordinates></Point></Placemark><Placemark><name>Unnamed face near SU 871 106</name><description>Marginal terrain candidate; Rank 136 terrain-only. Sustained 120–200 m slope 8.6°; relief 30 m; qualifying ridge at ≥8° 1330 m; 36% of the broader face reaches 8° and 22% reaches 9.5°. Category: Marginal — inspect carefully. Obstacles: Not automatically checked; inspect buildings, power lines, roads, railways, trees and fences manually. Airspace: Not automatically checked; manually review current aviation charts, NOTAMs, aerodromes and local procedures.</description><Point><coordinates>-0.755730288135777,50.889352099548574,0</coordinates></Point></Placemark><Placemark><name>Unnamed face near SU 631 206</name><description>Likely ridge-soarable; Rank 137 terrain-only. Sustained 120–200 m slope 9.9°; relief 32 m; qualifying ridge at ≥8° 767 m; 33% of the broader face reaches 8° and 24% reaches 9.5°. Category: Likely ridge-soarable. Obstacles: Not automatically checked; inspect buildings, power lines, roads, railways, trees and fences manually. Airspace: Not automatically checked; manually review current aviation charts, NOTAMs, aerodromes and local procedures.</description><Point><coordinates>-1.0887651740494835,50.97962227350849,0</coordinates></Point></Placemark><Placemark><name>Unnamed face near SU 925 481</name><description>Marginal terrain candidate; Rank 138 terrain-only. Sustained 120–200 m slope 8.6°; relief 28 m; qualifying ridge at ≥8° 1393 m; 36% of the broader face reaches 8° and 17% reaches 9.5°. Category: Marginal — inspect carefully. Obstacles: Not automatically checked; inspect buildings, power lines, roads, railways, trees and fences manually. Airspace: Not automatically checked; manually review current aviation charts, NOTAMs, aerodromes and local procedures.</description><Point><coordinates>-0.6824801734567086,51.225689958228024,0</coordinates></Point></Placemark><Placemark><name>Unnamed face near SU 640 219</name><description>Likely ridge-soarable; Rank 139 terrain-only. Sustained 120–200 m slope 9.8°; relief 36 m; qualifying ridge at ≥8° 1611 m; 52% of the broader face reaches 8° and 37% reaches 9.5°. Category: Likely ridge-soarable. Obstacles: Not automatically checked; inspect buildings, power lines, roads, railways, trees and fences manually. Airspace: Not automatically checked; manually review current aviation charts, NOTAMs, aerodromes and local procedures.</description><Point><coordinates>-1.0847237007840715,50.99099712110963,0</coordinates></Point></Placemark><Placemark><name>Unnamed face near SU 998 088</name><description>Likely ridge-soarable; Rank 140 terrain-only. Sustained 120–200 m slope 10.4°; relief 37 m; qualifying ridge at ≥8° 460 m; 58% of the broader face reaches 8° and 46% reaches 9.5°. Category: Likely ridge-soarable. Obstacles: Not automatically checked; inspect buildings, power lines, roads, railways, trees and fences manually. Airspace: Not automatically checked; manually review current aviation charts, NOTAMs, aerodromes and local procedures.</description><Point><coordinates>-0.5676508437034048,50.87066839306157,0</coordinates></Point></Placemark><Placemark><name>Unnamed face near SU 821 134</name><description>Likely ridge-soarable; Rank 141 terrain-only. Sustained 120–200 m slope 10.2°; relief 37 m; qualifying ridge at ≥8° 1686 m; 61% of the broader face reaches 8° and 46% reaches 9.5°. Category: Likely ridge-soarable. Obstacles: Not automatically checked; inspect buildings, power lines, roads, railways, trees and fences manually. Airspace: Not automatically checked; manually review current aviation charts, NOTAMs, aerodromes and local procedures.</description><Point><coordinates>-0.8207019745415806,50.91121585608527,0</coordinates></Point></Placemark><Placemark><name>Unnamed face near TQ 134 427</name><description>Marginal terrain candidate; Rank 142 terrain-only. Sustained 120–200 m slope 8.5°; relief 29 m; qualifying ridge at ≥8° 2709 m; 48% of the broader face reaches 8° and 20% reaches 9.5°. Category: Marginal — inspect carefully. Obstacles: Not automatically checked; inspect buildings, power lines, roads, railways, trees and fences manually. Airspace: Not automatically checked; manually review current aviation charts, NOTAMs, aerodromes and local procedures.</description><Point><coordinates>-0.37686446766740406,51.17427721607551,0</coordinates></Point></Placemark><Placemark><name>Unnamed face near SU 625 814</name><description>Likely ridge-soarable; Rank 143 terrain-only. Sustained 120–200 m slope 10.0°; relief 34 m; qualifying ridge at ≥8° 1803 m; 57% of the broader face reaches 8° and 39% reaches 9.5°. Category: Likely ridge-soarable. Obstacles: Not automatically checked; inspect buildings, power lines, roads, railways, trees and fences manually. Airspace: Not automatically checked; manually review current aviation charts, NOTAMs, aerodromes and local procedures.</description><Point><coordinates>-1.1002967800786567,51.52890178037022,0</coordinates></Point></Placemark><Placemark><name>Henwood Down</name><description>Marginal terrain candidate; Rank 144 terrain-only. Sustained 120–200 m slope 11.5°; relief 42 m; qualifying ridge at ≥8° 393 m; 59% of the broader face reaches 8° and 42% reaches 9.5°. Category: Marginal — inspect carefully. Obstacles: Not automatically checked; inspect buildings, power lines, roads, railways, trees and fences manually. Airspace: Not automatically checked; manually review current aviation charts, NOTAMs, aerodromes and local procedures.</description><Point><coordinates>-1.0791249063479669,50.996236210697255,0</coordinates></Point></Placemark><Placemark><name>Unnamed face near SU 339 267</name><description>Likely ridge-soarable; Rank 145 terrain-only. Sustained 120–200 m slope 10.3°; relief 35 m; qualifying ridge at ≥8° 641 m; 59% of the broader face reaches 8° and 42% reaches 9.5°. Category: Likely ridge-soarable. Obstacles: Not automatically checked; inspect buildings, power lines, roads, railways, trees and fences manually. Airspace: Not automatically checked; manually review current aviation charts, NOTAMs, aerodromes and local procedures.</description><Point><coordinates>-1.5132463991859169,51.050006156748736,0</coordinates></Point></Placemark><Placemark><name>Unnamed face near SU 755 375</name><description>Marginal terrain candidate; Rank 146 terrain-only. Sustained 120–200 m slope 9.2°; relief 28 m; qualifying ridge at ≥8° 1182 m; 52% of the broader face reaches 8° and 23% reaches 9.5°. Category: Marginal — inspect carefully. Obstacles: Not automatically checked; inspect buildings, power lines, roads, railways, trees and fences manually. Airspace: Not automatically checked; manually review current aviation charts, NOTAMs, aerodromes and local procedures.</description><Point><coordinates>-0.9258783637158542,51.13635046417404,0</coordinates></Point></Placemark><Placemark><name>Unnamed face near SU 741 339</name><description>Likely ridge-soarable; Rank 147 terrain-only. Sustained 120–200 m slope 9.8°; relief 33 m; qualifying ridge at ≥8° 1018 m; 59% of the broader face reaches 8° and 38% reaches 9.5°. Category: Likely ridge-soarable. Obstacles: Not automatically checked; inspect buildings, power lines, roads, railways, trees and fences manually. Airspace: Not automatically checked; manually review current aviation charts, NOTAMs, aerodromes and local procedures.</description><Point><coordinates>-0.9458406297211586,51.091903324032884,0</coordinates></Point></Placemark><Placemark><name>Unnamed face near SU 464 589</name><description>Marginal terrain candidate; Rank 148 terrain-only. Sustained 120–200 m slope 9.1°; relief 31 m; qualifying ridge at ≥8° 1328 m; 44% of the broader face reaches 8° and 24% reaches 9.5°. Category: Marginal — inspect carefully. Obstacles: Not automatically checked; inspect buildings, power lines, roads, railways, trees and fences manually. Airspace: Not automatically checked; manually review current aviation charts, NOTAMs, aerodromes and local procedures.</description><Point><coordinates>-1.3348944477107156,51.32804051996564,0</coordinates></Point></Placemark><Placemark><name>Unnamed face near SU 868 346</name><description>Marginal terrain candidate; Rank 149 terrain-only. Sustained 120–200 m slope 9.3°; relief 29 m; qualifying ridge at ≥8° 1260 m; 48% of the broader face reaches 8° and 28% reaches 9.5°. Category: Marginal — inspect carefully. Obstacles: Not automatically checked; inspect buildings, power lines, roads, railways, trees and fences manually. Airspace: Not automatically checked; manually review current aviation charts, NOTAMs, aerodromes and local procedures.</description><Point><coordinates>-0.7649424325903678,51.108649049301704,0</coordinates></Point></Placemark><Placemark><name>Unnamed face near SU 770 404</name><description>Marginal terrain candidate; Rank 150 terrain-only. Sustained 120–200 m slope 8.6°; relief 28 m; qualifying ridge at ≥8° 764 m; 42% of the broader face reaches 8° and 20% reaches 9.5°. Category: Marginal — inspect carefully. Obstacles: Not automatically checked; inspect buildings, power lines, roads, railways, trees and fences manually. Airspace: Not automatically checked; manually review current aviation charts, NOTAMs, aerodromes and local procedures.</description><Point><coordinates>-0.8997290597540936,51.1492851535953,0</coordinates></Point></Placemark><Placemark><name>Unnamed face near SU 751 437</name><description>Marginal terrain candidate; Rank 151 terrain-only. Sustained 120–200 m slope 8.3°; relief 27 m; qualifying ridge at ≥8° 2039 m; 38% of the broader face reaches 8° and 9% reaches 9.5°. Category: Marginal — inspect carefully. Obstacles: Not automatically checked; inspect buildings, power lines, roads, railways, trees and fences manually. Airspace: Not automatically checked; manually review current aviation charts, NOTAMs, aerodromes and local procedures.</description><Point><coordinates>-0.9279562911484552,51.189681931176466,0</coordinates></Point></Placemark><Placemark><name>Unnamed face near SU 710 416</name><description>Likely ridge-soarable; Rank 152 terrain-only. Sustained 120–200 m slope 9.9°; relief 35 m; qualifying ridge at ≥8° 654 m; 59% of the broader face reaches 8° and 42% reaches 9.5°. Category: Likely ridge-soarable. Obstacles: Not automatically checked; inspect buildings, power lines, roads, railways, trees and fences manually. Airspace: Not automatically checked; manually review current aviation charts, NOTAMs, aerodromes and local procedures.</description><Point><coordinates>-0.9867125145446817,51.161309301716976,0</coordinates></Point></Placemark><Placemark><name>Unnamed face near SU 933 294</name><description>Likely ridge-soarable; Rank 153 terrain-only. Sustained 120–200 m slope 9.8°; relief 32 m; qualifying ridge at ≥8° 1132 m; 45% of the broader face reaches 8° and 32% reaches 9.5°. Category: Likely ridge-soarable. Obstacles: Not automatically checked; inspect buildings, power lines, roads, railways, trees and fences manually. Airspace: Not automatically checked; manually review current aviation charts, NOTAMs, aerodromes and local procedures.</description><Point><coordinates>-0.6836168316252905,51.056265118594936,0</coordinates></Point></Placemark><Placemark><name>Unnamed face near SU 927 386</name><description>Marginal terrain candidate; Rank 154 terrain-only. Sustained 120–200 m slope 9.5°; relief 29 m; qualifying ridge at ≥8° 1178 m; 62% of the broader face reaches 8° and 45% reaches 9.5°. Category: Marginal — inspect carefully. Obstacles: Not automatically checked; inspect buildings, power lines, roads, railways, trees and fences manually. Airspace: Not automatically checked; manually review current aviation charts, NOTAMs, aerodromes and local procedures.</description><Point><coordinates>-0.6820024793736084,51.134113472939305,0</coordinates></Point></Placemark><Placemark><name>Unnamed face near SU 976 484</name><description>Marginal terrain candidate; Rank 155 terrain-only. Sustained 120–200 m slope 8.5°; relief 29 m; qualifying ridge at ≥8° 1693 m; 45% of the broader face reaches 8° and 16% reaches 9.5°. Category: Marginal — inspect carefully. Obstacles: Not automatically checked; inspect buildings, power lines, roads, railways, trees and fences manually. Airspace: Not automatically checked; manually review current aviation charts, NOTAMs, aerodromes and local procedures.</description><Point><coordinates>-0.6041369307415825,51.22778337435234,0</coordinates></Point></Placemark><Placemark><name>Unnamed face near SU 984 408</name><description>Marginal terrain candidate; Rank 156 terrain-only. Sustained 120–200 m slope 10.9°; relief 36 m; qualifying ridge at ≥8° 361 m; 60% of the broader face reaches 8° and 46% reaches 9.5°. Category: Marginal — inspect carefully. Obstacles: Not automatically checked; inspect buildings, power lines, roads, railways, trees and fences manually. Airspace: Not automatically checked; manually review current aviation charts, NOTAMs, aerodromes and local procedures.</description><Point><coordinates>-0.5803472421486582,51.16523081408987,0</coordinates></Point></Placemark><Placemark><name>Unnamed face near TQ 019 202</name><description>Likely ridge-soarable; Rank 157 terrain-only. Sustained 120–200 m slope 9.6°; relief 32 m; qualifying ridge at ≥8° 452 m; 34% of the broader face reaches 8° and 12% reaches 9.5°. Category: Likely ridge-soarable. Obstacles: Not automatically checked; inspect buildings, power lines, roads, railways, trees and fences manually. Airspace: Not automatically checked; manually review current aviation charts, NOTAMs, aerodromes and local procedures.</description><Point><coordinates>-0.5432313207582926,50.98185601311183,0</coordinates></Point></Placemark><Placemark><name>Unnamed face near SU 933 312</name><description>Likely ridge-soarable; Rank 158 terrain-only. Sustained 120–200 m slope 9.7°; relief 32 m; qualifying ridge at ≥8° 1178 m; 47% of the broader face reaches 8° and 34% reaches 9.5°. Category: Likely ridge-soarable. Obstacles: Not automatically checked; inspect buildings, power lines, roads, railways, trees and fences manually. Airspace: Not automatically checked; manually review current aviation charts, NOTAMs, aerodromes and local procedures.</description><Point><coordinates>-0.6799040550363015,51.06851502417276,0</coordinates></Point></Placemark><Placemark><name>Unnamed face near TQ 036 440</name><description>Marginal terrain candidate; Rank 159 terrain-only. Sustained 120–200 m slope 9.0°; relief 29 m; qualifying ridge at ≥8° 1189 m; 45% of the broader face reaches 8° and 24% reaches 9.5°. Category: Marginal — inspect carefully. Obstacles: Not automatically checked; inspect buildings, power lines, roads, railways, trees and fences manually. Airspace: Not automatically checked; manually review current aviation charts, NOTAMs, aerodromes and local procedures.</description><Point><coordinates>-0.512746883217724,51.18595513084047,0</coordinates></Point></Placemark><Placemark><name>Unnamed face near SU 938 381</name><description>Marginal terrain candidate; Rank 160 terrain-only. Sustained 120–200 m slope 8.5°; relief 26 m; qualifying ridge at ≥8° 982 m; 32% of the broader face reaches 8° and 16% reaches 9.5°. Category: Marginal — inspect carefully. Obstacles: Not automatically checked; inspect buildings, power lines, roads, railways, trees and fences manually. Airspace: Not automatically checked; manually review current aviation charts, NOTAMs, aerodromes and local procedures.</description><Point><coordinates>-0.659583974375859,51.13686619670204,0</coordinates></Point></Placemark><Placemark><name>Unnamed face near SU 878 437</name><description>Marginal terrain candidate; Rank 161 terrain-only. Sustained 120–200 m slope 9.0°; relief 27 m; qualifying ridge at ≥8° 674 m; 58% of the broader face reaches 8° and 41% reaches 9.5°. Category: Marginal — inspect carefully. Obstacles: Not automatically checked; inspect buildings, power lines, roads, railways, trees and fences manually. Airspace: Not automatically checked; manually review current aviation charts, NOTAMs, aerodromes and local procedures.</description><Point><coordinates>-0.7302452894101991,51.18932263812398,0</coordinates></Point></Placemark><Placemark><name>Unnamed face near SU 668 184</name><description>Marginal terrain candidate; Rank 162 terrain-only. Sustained 120–200 m slope 9.5°; relief 33 m; qualifying ridge at ≥8° 769 m; 53% of the broader face reaches 8° and 25% reaches 9.5°. Category: Marginal — inspect carefully. Obstacles: Not automatically checked; inspect buildings, power lines, roads, railways, trees and fences manually. Airspace: Not automatically checked; manually review current aviation charts, NOTAMs, aerodromes and local procedures.</description><Point><coordinates>-1.044508717296113,50.97184567943396,0</coordinates></Point></Placemark><Placemark><name>Unnamed face near SU 865 233</name><description>Marginal terrain candidate; Rank 163 terrain-only. Sustained 120–200 m slope 9.1°; relief 28 m; qualifying ridge at ≥8° 549 m; 33% of the broader face reaches 8° and 17% reaches 9.5°. Category: Marginal — inspect carefully. Obstacles: Not automatically checked; inspect buildings, power lines, roads, railways, trees and fences manually. Airspace: Not automatically checked; manually review current aviation charts, NOTAMs, aerodromes and local procedures.</description><Point><coordinates>-0.7661565979240497,51.002527167293294,0</coordinates></Point></Placemark><Placemark><name>Unnamed face near TQ 077 094</name><description>Likely ridge-soarable; Rank 164 terrain-only. Sustained 120–200 m slope 9.9°; relief 35 m; qualifying ridge at ≥8° 526 m; 50% of the broader face reaches 8° and 32% reaches 9.5°. Category: Likely ridge-soarable. Obstacles: Not automatically checked; inspect buildings, power lines, roads, railways, trees and fences manually. Airspace: Not automatically checked; manually review current aviation charts, NOTAMs, aerodromes and local procedures.</description><Point><coordinates>-0.48324497035009134,50.87649312495603,0</coordinates></Point></Placemark><Placemark><name>Unnamed face near SU 725 305</name><description>Marginal terrain candidate; Rank 165 terrain-only. Sustained 120–200 m slope 14.6°; relief 55 m; qualifying ridge at ≥8° 385 m; 80% of the broader face reaches 8° and 69% reaches 9.5°. Category: Marginal — inspect carefully. Obstacles: Not automatically checked; inspect buildings, power lines, roads, railways, trees and fences manually. Airspace: Not automatically checked; manually review current aviation charts, NOTAMs, aerodromes and local procedures.</description><Point><coordinates>-0.9505481899774344,51.06430310811456,0</coordinates></Point></Placemark><Placemark><name>Unnamed face near SU 753 450</name><description>Marginal terrain candidate; Rank 166 terrain-only. Sustained 120–200 m slope 8.4°; relief 27 m; qualifying ridge at ≥8° 748 m; 35% of the broader face reaches 8° and 14% reaches 9.5°. Category: Marginal — inspect carefully. Obstacles: Not automatically checked; inspect buildings, power lines, roads, railways, trees and fences manually. Airspace: Not automatically checked; manually review current aviation charts, NOTAMs, aerodromes and local procedures.</description><Point><coordinates>-0.921957981831693,51.19968165949048,0</coordinates></Point></Placemark><Placemark><name>Unnamed face near SU 375 409</name><description>Likely ridge-soarable; Rank 167 terrain-only. Sustained 120–200 m slope 9.6°; relief 31 m; qualifying ridge at ≥8° 756 m; 39% of the broader face reaches 8° and 21% reaches 9.5°. Category: Likely ridge-soarable. Obstacles: Not automatically checked; inspect buildings, power lines, roads, railways, trees and fences manually. Airspace: Not automatically checked; manually review current aviation charts, NOTAMs, aerodromes and local procedures.</description><Point><coordinates>-1.4612232451409781,51.16662908138566,0</coordinates></Point></Placemark><Placemark><name>Unnamed face near SU 845 353</name><description>Likely ridge-soarable; Rank 168 terrain-only. Sustained 120–200 m slope 10.7°; relief 34 m; qualifying ridge at ≥8° 731 m; 43% of the broader face reaches 8° and 22% reaches 9.5°. Category: Likely ridge-soarable. Obstacles: Not automatically checked; inspect buildings, power lines, roads, railways, trees and fences manually. Airspace: Not automatically checked; manually review current aviation charts, NOTAMs, aerodromes and local procedures.</description><Point><coordinates>-0.7861173379635518,51.10114180130942,0</coordinates></Point></Placemark><Placemark><name>Unnamed face near SU 376 597</name><description>Marginal terrain candidate; Rank 169 terrain-only. Sustained 120–200 m slope 8.7°; relief 30 m; qualifying ridge at ≥8° 1059 m; 41% of the broader face reaches 8° and 23% reaches 9.5°. Category: Marginal — inspect carefully. Obstacles: Not automatically checked; inspect buildings, power lines, roads, railways, trees and fences manually. Airspace: Not automatically checked; manually review current aviation charts, NOTAMs, aerodromes and local procedures.</description><Point><coordinates>-1.4558727399189328,51.3355107827605,0</coordinates></Point></Placemark><Placemark><name>Unnamed face near SU 908 385</name><description>Marginal terrain candidate; Rank 170 terrain-only. Sustained 120–200 m slope 9.4°; relief 30 m; qualifying ridge at ≥8° 1420 m; 50% of the broader face reaches 8° and 30% reaches 9.5°. Category: Marginal — inspect carefully. Obstacles: Not automatically checked; inspect buildings, power lines, roads, railways, trees and fences manually. Airspace: Not automatically checked; manually review current aviation charts, NOTAMs, aerodromes and local procedures.</description><Point><coordinates>-0.7099753879496543,51.13623473204646,0</coordinates></Point></Placemark><Placemark><name>Unnamed face near SU 612 819</name><description>Likely ridge-soarable; Rank 171 terrain-only. Sustained 120–200 m slope 9.6°; relief 33 m; qualifying ridge at ≥8° 1035 m; 43% of the broader face reaches 8° and 29% reaches 9.5°. Category: Likely ridge-soarable. Obstacles: Not automatically checked; inspect buildings, power lines, roads, railways, trees and fences manually. Airspace: Not automatically checked; manually review current aviation charts, NOTAMs, aerodromes and local procedures.</description><Point><coordinates>-1.1072999783809054,51.52961704316773,0</coordinates></Point></Placemark><Placemark><name>Unnamed face near TQ 095 139</name><description>Likely ridge-soarable; Rank 172 terrain-only. Sustained 120–200 m slope 10.7°; relief 33 m; qualifying ridge at ≥8° 436 m; 55% of the broader face reaches 8° and 45% reaches 9.5°. Category: Likely ridge-soarable. Obstacles: Not automatically checked; inspect buildings, power lines, roads, railways, trees and fences manually. Airspace: Not automatically checked; manually review current aviation charts, NOTAMs, aerodromes and local procedures.</description><Point><coordinates>-0.4442488505545339,50.91517187805353,0</coordinates></Point></Placemark><Placemark><name>Unnamed face near SU 390 530</name><description>Marginal terrain candidate; Rank 173 terrain-only. Sustained 120–200 m slope 8.4°; relief 29 m; qualifying ridge at ≥8° 839 m; 39% of the broader face reaches 8° and 9% reaches 9.5°. Category: Marginal — inspect carefully. Obstacles: Not automatically checked; inspect buildings, power lines, roads, railways, trees and fences manually. Airspace: Not automatically checked; manually review current aviation charts, NOTAMs, aerodromes and local procedures.</description><Point><coordinates>-1.4291971569686894,51.27120500981197,0</coordinates></Point></Placemark><Placemark><name>Unnamed face near TQ 087 408</name><description>Marginal terrain candidate; Rank 175 terrain-only. Sustained 120–200 m slope 8.8°; relief 28 m; qualifying ridge at ≥8° 523 m; 35% of the broader face reaches 8° and 14% reaches 9.5°. Category: Marginal — inspect carefully. Obstacles: Not automatically checked; inspect buildings, power lines, roads, railways, trees and fences manually. Airspace: Not automatically checked; manually review current aviation charts, NOTAMs, aerodromes and local procedures.</description><Point><coordinates>-0.4510153322434086,51.16711762524211,0</coordinates></Point></Placemark><Placemark><name>Unnamed face near TQ 097 502</name><description>Likely ridge-soarable; Rank 176 terrain-only. Sustained 120–200 m slope 17.0°; relief 57 m; qualifying ridge at ≥8° 840 m; 79% of the broader face reaches 8° and 65% reaches 9.5°. Category: Likely ridge-soarable. Obstacles: Not automatically checked; inspect buildings, power lines, roads, railways, trees and fences manually. Airspace: Not automatically checked; manually review current aviation charts, NOTAMs, aerodromes and local procedures.</description><Point><coordinates>-0.43637737218557765,51.23069026212437,0</coordinates></Point></Placemark><Placemark><name>Neatham Down</name><description>Marginal terrain candidate; Rank 177 terrain-only. Sustained 120–200 m slope 9.1°; relief 28 m; qualifying ridge at ≥8° 797 m; 47% of the broader face reaches 8° and 24% reaches 9.5°. Category: Marginal — inspect carefully. Obstacles: Not automatically checked; inspect buildings, power lines, roads, railways, trees and fences manually. Airspace: Not automatically checked; manually review current aviation charts, NOTAMs, aerodromes and local procedures.</description><Point><coordinates>-0.9507903000669813,51.147745799722,0</coordinates></Point></Placemark><Placemark><name>Unnamed face near SU 661 246</name><description>Marginal terrain candidate; Rank 178 terrain-only. Sustained 120–200 m slope 8.8°; relief 30 m; qualifying ridge at ≥8° 898 m; 23% of the broader face reaches 8° and 9% reaches 9.5°. Category: Marginal — inspect carefully. Obstacles: Not automatically checked; inspect buildings, power lines, roads, railways, trees and fences manually. Airspace: Not automatically checked; manually review current aviation charts, NOTAMs, aerodromes and local procedures.</description><Point><coordinates>-1.0555062998411997,51.01866607581388,0</coordinates></Point></Placemark><Placemark><name>Unnamed face near SU 484 274</name><description>Marginal terrain candidate; Rank 179 terrain-only. Sustained 120–200 m slope 9.4°; relief 34 m; qualifying ridge at ≥8° 434 m; 47% of the broader face reaches 8° and 31% reaches 9.5°. Category: Marginal — inspect carefully. Obstacles: Not automatically checked; inspect buildings, power lines, roads, railways, trees and fences manually. Airspace: Not automatically checked; manually review current aviation charts, NOTAMs, aerodromes and local procedures.</description><Point><coordinates>-1.3114391447387996,51.04520696622075,0</coordinates></Point></Placemark><Placemark><name>Unnamed face near SU 723 340</name><description>Marginal terrain candidate; Rank 180 terrain-only. Sustained 120–200 m slope 8.4°; relief 27 m; qualifying ridge at ≥8° 879 m; 34% of the broader face reaches 8° and 6% reaches 9.5°. Category: Marginal — inspect carefully. Obstacles: Not automatically checked; inspect buildings, power lines, roads, railways, trees and fences manually. Airspace: Not automatically checked; manually review current aviation charts, NOTAMs, aerodromes and local procedures.</description><Point><coordinates>-0.9705114249153007,51.10118418523489,0</coordinates></Point></Placemark><Placemark><name>Unnamed face near SU 517 584</name><description>Marginal terrain candidate; Rank 181 terrain-only. Sustained 120–200 m slope 8.5°; relief 26 m; qualifying ridge at ≥8° 517 m; 31% of the broader face reaches 8° and 5% reaches 9.5°. Category: Marginal — inspect carefully. Obstacles: Not automatically checked; inspect buildings, power lines, roads, railways, trees and fences manually. Airspace: Not automatically checked; manually review current aviation charts, NOTAMs, aerodromes and local procedures.</description><Point><coordinates>-1.258986756981586,51.323132819147055,0</coordinates></Point></Placemark><Placemark><name>Unnamed face near SU 712 154</name><description>Likely ridge-soarable; Rank 182 terrain-only. Sustained 120–200 m slope 9.6°; relief 34 m; qualifying ridge at ≥8° 1034 m; 57% of the broader face reaches 8° and 38% reaches 9.5°. Category: Likely ridge-soarable. Obstacles: Not automatically checked; inspect buildings, power lines, roads, railways, trees and fences manually. Airspace: Not automatically checked; manually review current aviation charts, NOTAMs, aerodromes and local procedures.</description><Point><coordinates>-0.9771948519916931,50.93381633546415,0</coordinates></Point></Placemark><Placemark><name>Unnamed face near SU 543 806</name><description>Marginal terrain candidate; Rank 183 terrain-only. Sustained 120–200 m slope 9.2°; relief 32 m; qualifying ridge at ≥8° 495 m; 51% of the broader face reaches 8° and 25% reaches 9.5°. Category: Marginal — inspect carefully. Obstacles: Not automatically checked; inspect buildings, power lines, roads, railways, trees and fences manually. Airspace: Not automatically checked; manually review current aviation charts, NOTAMs, aerodromes and local procedures.</description><Point><coordinates>-1.204005799057897,51.52728116589225,0</coordinates></Point></Placemark><Placemark><name>Unnamed face near TQ 073 407</name><description>Marginal terrain candidate; Rank 184 terrain-only. Sustained 120–200 m slope 8.5°; relief 28 m; qualifying ridge at ≥8° 534 m; 29% of the broader face reaches 8° and 9% reaches 9.5°. Category: Marginal — inspect carefully. Obstacles: Not automatically checked; inspect buildings, power lines, roads, railways, trees and fences manually. Airspace: Not automatically checked; manually review current aviation charts, NOTAMs, aerodromes and local procedures.</description><Point><coordinates>-0.46769787878691554,51.16647035423606,0</coordinates></Point></Placemark><Placemark><name>Unnamed face near SU 866 261</name><description>Marginal terrain candidate; Rank 185 terrain-only. Sustained 120–200 m slope 9.3°; relief 31 m; qualifying ridge at ≥8° 536 m; 30% of the broader face reaches 8° and 20% reaches 9.5°. Category: Marginal — inspect carefully. Obstacles: Not automatically checked; inspect buildings, power lines, roads, railways, trees and fences manually. Airspace: Not automatically checked; manually review current aviation charts, NOTAMs, aerodromes and local procedures.</description><Point><coordinates>-0.7645882862014216,51.0289450060104,0</coordinates></Point></Placemark><Placemark><name>Unnamed face near SU 707 749</name><description>Marginal terrain candidate; Rank 186 terrain-only. Sustained 120–200 m slope 8.7°; relief 26 m; qualifying ridge at ≥8° 796 m; 55% of the broader face reaches 8° and 25% reaches 9.5°. Category: Marginal — inspect carefully. Obstacles: Not automatically checked; inspect buildings, power lines, roads, railways, trees and fences manually. Airspace: Not automatically checked; manually review current aviation charts, NOTAMs, aerodromes and local procedures.</description><Point><coordinates>-0.9963816205082233,51.471535623383176,0</coordinates></Point></Placemark><Placemark><name>Unnamed face near SU 467 482</name><description>Marginal terrain candidate; Rank 187 terrain-only. Sustained 120–200 m slope 9.1°; relief 28 m; qualifying ridge at ≥8° 664 m; 36% of the broader face reaches 8° and 19% reaches 9.5°. Category: Marginal — inspect carefully. Obstacles: Not automatically checked; inspect buildings, power lines, roads, railways, trees and fences manually. Airspace: Not automatically checked; manually review current aviation charts, NOTAMs, aerodromes and local procedures.</description><Point><coordinates>-1.3317204282283972,51.232544391663424,0</coordinates></Point></Placemark><Placemark><name>Unnamed face near SU 713 327</name><description>Marginal terrain candidate; Rank 188 terrain-only. Sustained 120–200 m slope 9.0°; relief 30 m; qualifying ridge at ≥8° 2207 m; 48% of the broader face reaches 8° and 18% reaches 9.5°. Category: Marginal — inspect carefully. Obstacles: Not automatically checked; inspect buildings, power lines, roads, railways, trees and fences manually. Airspace: Not automatically checked; manually review current aviation charts, NOTAMs, aerodromes and local procedures.</description><Point><coordinates>-0.9770390907771145,51.08906439042323,0</coordinates></Point></Placemark><Placemark><name>Unnamed face near SU 638 827</name><description>Marginal terrain candidate; Rank 189 terrain-only. Sustained 120–200 m slope 9.4°; relief 30 m; qualifying ridge at ≥8° 448 m; 32% of the broader face reaches 8° and 22% reaches 9.5°. Category: Marginal — inspect carefully. Obstacles: Not automatically checked; inspect buildings, power lines, roads, railways, trees and fences manually. Airspace: Not automatically checked; manually review current aviation charts, NOTAMs, aerodromes and local procedures.</description><Point><coordinates>-1.0735248875199443,51.549251403876106,0</coordinates></Point></Placemark><Placemark><name>Unnamed face near SU 564 671</name><description>Marginal terrain candidate; Rank 190 terrain-only. Sustained 120–200 m slope 8.2°; relief 26 m; qualifying ridge at ≥8° 530 m; 31% of the broader face reaches 8° and 11% reaches 9.5°. Category: Marginal — inspect carefully. Obstacles: Not automatically checked; inspect buildings, power lines, roads, railways, trees and fences manually. Airspace: Not automatically checked; manually review current aviation charts, NOTAMs, aerodromes and local procedures.</description><Point><coordinates>-1.1871944518829547,51.399122459039894,0</coordinates></Point></Placemark><Placemark><name>Unnamed face near SU 307 548</name><description>Marginal terrain candidate; Rank 191 terrain-only. Sustained 120–200 m slope 8.8°; relief 29 m; qualifying ridge at ≥8° 778 m; 64% of the broader face reaches 8° and 25% reaches 9.5°. Category: Marginal — inspect carefully. Obstacles: Not automatically checked; inspect buildings, power lines, roads, railways, trees and fences manually. Airspace: Not automatically checked; manually review current aviation charts, NOTAMs, aerodromes and local procedures.</description><Point><coordinates>-1.5669476886215088,51.301989795125834,0</coordinates></Point></Placemark><Placemark><name>Unnamed face near SU 242 453</name><description>Marginal terrain candidate; Rank 192 terrain-only. Sustained 120–200 m slope 9.2°; relief 31 m; qualifying ridge at ≥8° 1641 m; 41% of the broader face reaches 8° and 22% reaches 9.5°. Category: Marginal — inspect carefully. Obstacles: Not automatically checked; inspect buildings, power lines, roads, railways, trees and fences manually. Airspace: Not automatically checked; manually review current aviation charts, NOTAMs, aerodromes and local procedures.</description><Point><coordinates>-1.6570267208188363,51.21100355505157,0</coordinates></Point></Placemark><Placemark><name>Unnamed face near TQ 003 412</name><description>Marginal terrain candidate; Rank 193 terrain-only. Sustained 120–200 m slope 9.1°; relief 29 m; qualifying ridge at ≥8° 941 m; 53% of the broader face reaches 8° and 30% reaches 9.5°. Category: Marginal — inspect carefully. Obstacles: Not automatically checked; inspect buildings, power lines, roads, railways, trees and fences manually. Airspace: Not automatically checked; manually review current aviation charts, NOTAMs, aerodromes and local procedures.</description><Point><coordinates>-0.5693598411013939,51.15751097338479,0</coordinates></Point></Placemark><Placemark><name>Unnamed face near SU 823 388</name><description>Marginal terrain candidate; Rank 194 terrain-only. Sustained 120–200 m slope 8.8°; relief 28 m; qualifying ridge at ≥8° 441 m; 39% of the broader face reaches 8° and 17% reaches 9.5°. Category: Marginal — inspect carefully. Obstacles: Not automatically checked; inspect buildings, power lines, roads, railways, trees and fences manually. Airspace: Not automatically checked; manually review current aviation charts, NOTAMs, aerodromes and local procedures.</description><Point><coordinates>-0.8240741635800761,51.14402053556406,0</coordinates></Point></Placemark><Placemark><name>Unnamed face near SU 849 433</name><description>Marginal terrain candidate; Rank 195 terrain-only. Sustained 120–200 m slope 8.7°; relief 27 m; qualifying ridge at ≥8° 438 m; 39% of the broader face reaches 8° and 19% reaches 9.5°. Category: Marginal — inspect carefully. Obstacles: Not automatically checked; inspect buildings, power lines, roads, railways, trees and fences manually. Airspace: Not automatically checked; manually review current aviation charts, NOTAMs, aerodromes and local procedures.</description><Point><coordinates>-0.7924444643877765,51.19308688986851,0</coordinates></Point></Placemark><Placemark><name>Unnamed face near SU 938 398</name><description>Marginal terrain candidate; Rank 196 terrain-only. Sustained 120–200 m slope 8.7°; relief 26 m; qualifying ridge at ≥8° 1118 m; 42% of the broader face reaches 8° and 20% reaches 9.5°. Category: Marginal — inspect carefully. Obstacles: Not automatically checked; inspect buildings, power lines, roads, railways, trees and fences manually. Airspace: Not automatically checked; manually review current aviation charts, NOTAMs, aerodromes and local procedures.</description><Point><coordinates>-0.6536913809869981,51.14269178839947,0</coordinates></Point></Placemark><Placemark><name>Unnamed face near SU 841 450</name><description>Marginal terrain candidate; Rank 197 terrain-only. Sustained 120–200 m slope 9.0°; relief 28 m; qualifying ridge at ≥8° 427 m; 39% of the broader face reaches 8° and 24% reaches 9.5°. Category: Marginal — inspect carefully. Obstacles: Not automatically checked; inspect buildings, power lines, roads, railways, trees and fences manually. Airspace: Not automatically checked; manually review current aviation charts, NOTAMs, aerodromes and local procedures.</description><Point><coordinates>-0.7811136118139348,51.19711316581034,0</coordinates></Point></Placemark><Placemark><name>Unnamed face near TQ 122 436</name><description>Marginal terrain candidate; Rank 198 terrain-only. Sustained 120–200 m slope 8.5°; relief 29 m; qualifying ridge at ≥8° 1286 m; 43% of the broader face reaches 8° and 21% reaches 9.5°. Category: Marginal — inspect carefully. Obstacles: Not automatically checked; inspect buildings, power lines, roads, railways, trees and fences manually. Airspace: Not automatically checked; manually review current aviation charts, NOTAMs, aerodromes and local procedures.</description><Point><coordinates>-0.3921550794771962,51.177756419559294,0</coordinates></Point></Placemark><Placemark><name>Unnamed face near SU 793 129</name><description>Marginal terrain candidate; Rank 199 terrain-only. Sustained 120–200 m slope 9.0°; relief 31 m; qualifying ridge at ≥8° 1572 m; 50% of the broader face reaches 8° and 20% reaches 9.5°. Category: Marginal — inspect carefully. Obstacles: Not automatically checked; inspect buildings, power lines, roads, railways, trees and fences manually. Airspace: Not automatically checked; manually review current aviation charts, NOTAMs, aerodromes and local procedures.</description><Point><coordinates>-0.8599921368984659,50.90304536600282,0</coordinates></Point></Placemark><Placemark><name>Unnamed face near SU 927 214</name><description>Marginal terrain candidate; Rank 200 terrain-only. Sustained 120–200 m slope 8.3°; relief 25 m; qualifying ridge at ≥8° 533 m; 35% of the broader face reaches 8° and 7% reaches 9.5°. Category: Marginal — inspect carefully. Obstacles: Not automatically checked; inspect buildings, power lines, roads, railways, trees and fences manually. Airspace: Not automatically checked; manually review current aviation charts, NOTAMs, aerodromes and local procedures.</description><Point><coordinates>-0.6807806998086864,50.98563613602788,0</coordinates></Point></Placemark><Placemark><name>Unnamed face near TQ 129 415</name><description>Marginal terrain candidate; Rank 201 terrain-only. Sustained 120–200 m slope 8.0°; relief 27 m; qualifying ridge at ≥8° 1106 m; 35% of the broader face reaches 8° and 3% reaches 9.5°. Category: Marginal — inspect carefully. Obstacles: Not automatically checked; inspect buildings, power lines, roads, railways, trees and fences manually. Airspace: Not automatically checked; manually review current aviation charts, NOTAMs, aerodromes and local procedures.</description><Point><coordinates>-0.3826476963823725,51.171051016446214,0</coordinates></Point></Placemark><Placemark><name>Unnamed face near SU 748 168</name><description>Marginal terrain candidate; Rank 202 terrain-only. Sustained 120–200 m slope 9.0°; relief 32 m; qualifying ridge at ≥8° 668 m; 51% of the broader face reaches 8° and 29% reaches 9.5°. Category: Marginal — inspect carefully. Obstacles: Not automatically checked; inspect buildings, power lines, roads, railways, trees and fences manually. Airspace: Not automatically checked; manually review current aviation charts, NOTAMs, aerodromes and local procedures.</description><Point><coordinates>-0.9524909663864396,50.94450992168731,0</coordinates></Point></Placemark><Placemark><name>Unnamed face near SU 401 288</name><description>Marginal terrain candidate; Rank 203 terrain-only. Sustained 120–200 m slope 9.0°; relief 31 m; qualifying ridge at ≥8° 483 m; 30% of the broader face reaches 8° and 13% reaches 9.5°. Category: Marginal — inspect carefully. Obstacles: Not automatically checked; inspect buildings, power lines, roads, railways, trees and fences manually. Airspace: Not automatically checked; manually review current aviation charts, NOTAMs, aerodromes and local procedures.</description><Point><coordinates>-1.4332981791727248,51.05520735696343,0</coordinates></Point></Placemark><Placemark><name>Unnamed face near SU 830 362</name><description>Marginal terrain candidate; Rank 204 terrain-only. Sustained 120–200 m slope 8.4°; relief 26 m; qualifying ridge at ≥8° 672 m; 34% of the broader face reaches 8° and 13% reaches 9.5°. Category: Marginal — inspect carefully. Obstacles: Not automatically checked; inspect buildings, power lines, roads, railways, trees and fences manually. Airspace: Not automatically checked; manually review current aviation charts, NOTAMs, aerodromes and local procedures.</description><Point><coordinates>-0.8125626921382318,51.11920558803398,0</coordinates></Point></Placemark><Placemark><name>Unnamed face near SU 961 399</name><description>Marginal terrain candidate; Rank 205 terrain-only. Sustained 120–200 m slope 8.4°; relief 25 m; qualifying ridge at ≥8° 574 m; 42% of the broader face reaches 8° and 16% reaches 9.5°. Category: Marginal — inspect carefully. Obstacles: Not automatically checked; inspect buildings, power lines, roads, railways, trees and fences manually. Airspace: Not automatically checked; manually review current aviation charts, NOTAMs, aerodromes and local procedures.</description><Point><coordinates>-0.6258645721198183,51.14554676127801,0</coordinates></Point></Placemark><Placemark><name>Unnamed face near SU 537 637</name><description>Thermal-trigger terrain; Sustained 120–200 m slope 8.6°; relief 26 m; qualifying ridge at ≥8° 700 m; 19% of the broader face reaches 8° and 7% reaches 9.5°. Category: Thermal trigger only. Obstacles: Not automatically checked; inspect buildings, power lines, roads, railways, trees and fences manually. Airspace: Not automatically checked; manually review current aviation charts, NOTAMs, aerodromes and local procedures.</description><Point><coordinates>-1.224777511776129,51.37146621749728,0</coordinates></Point></Placemark><Placemark><name>Unnamed face near SU 394 413</name><description>Marginal terrain candidate; Rank 206 terrain-only. Sustained 120–200 m slope 9.0°; relief 29 m; qualifying ridge at ≥8° 803 m; 31% of the broader face reaches 8° and 15% reaches 9.5°. Category: Marginal — inspect carefully. Obstacles: Not automatically checked; inspect buildings, power lines, roads, railways, trees and fences manually. Airspace: Not automatically checked; manually review current aviation charts, NOTAMs, aerodromes and local procedures.</description><Point><coordinates>-1.4487002076697002,51.166066825024174,0</coordinates></Point></Placemark><Placemark><name>Unnamed face near SU 761 394</name><description>Marginal terrain candidate; Rank 207 terrain-only. Sustained 120–200 m slope 9.0°; relief 28 m; qualifying ridge at ≥8° 1200 m; 47% of the broader face reaches 8° and 21% reaches 9.5°. Category: Marginal — inspect carefully. Obstacles: Not automatically checked; inspect buildings, power lines, roads, railways, trees and fences manually. Airspace: Not automatically checked; manually review current aviation charts, NOTAMs, aerodromes and local procedures.</description><Point><coordinates>-0.913581535562935,51.14874950209667,0</coordinates></Point></Placemark><Placemark><name>Unnamed face near SU 349 607</name><description>Thermal-trigger terrain; Sustained 120–200 m slope 7.9°; relief 27 m; qualifying ridge at ≥8° 521 m; 29% of the broader face reaches 8° and 10% reaches 9.5°. Category: Thermal trigger only. Obstacles: Not automatically checked; inspect buildings, power lines, roads, railways, trees and fences manually. Airspace: Not automatically checked; manually review current aviation charts, NOTAMs, aerodromes and local procedures.</description><Point><coordinates>-1.500988245979195,51.34682809077071,0</coordinates></Point></Placemark><Placemark><name>Unnamed face near SU 368 394</name><description>Marginal terrain candidate; Rank 208 terrain-only. Sustained 120–200 m slope 8.9°; relief 29 m; qualifying ridge at ≥8° 582 m; 21% of the broader face reaches 8° and 10% reaches 9.5°. Category: Marginal — inspect carefully. Obstacles: Not automatically checked; inspect buildings, power lines, roads, railways, trees and fences manually. Airspace: Not automatically checked; manually review current aviation charts, NOTAMs, aerodromes and local procedures.</description><Point><coordinates>-1.4731573512576202,51.15329324626564,0</coordinates></Point></Placemark><Placemark><name>Unnamed face near SU 384 585</name><description>Marginal terrain candidate; Rank 209 terrain-only. Sustained 120–200 m slope 8.4°; relief 29 m; qualifying ridge at ≥8° 655 m; 30% of the broader face reaches 8° and 14% reaches 9.5°. Category: Marginal — inspect carefully. Obstacles: Not automatically checked; inspect buildings, power lines, roads, railways, trees and fences manually. Airspace: Not automatically checked; manually review current aviation charts, NOTAMs, aerodromes and local procedures.</description><Point><coordinates>-1.4500155710126956,51.33004706161066,0</coordinates></Point></Placemark><Placemark><name>Unnamed face near SU 737 804</name><description>Marginal terrain candidate; Rank 210 terrain-only. Sustained 120–200 m slope 8.6°; relief 26 m; qualifying ridge at ≥8° 464 m; 34% of the broader face reaches 8° and 15% reaches 9.5°. Category: Marginal — inspect carefully. Obstacles: Not automatically checked; inspect buildings, power lines, roads, railways, trees and fences manually. Airspace: Not automatically checked; manually review current aviation charts, NOTAMs, aerodromes and local procedures.</description><Point><coordinates>-0.9540201012458025,51.522394748180496,0</coordinates></Point></Placemark><Placemark><name>Unnamed face near SU 823 502</name><description>Marginal terrain candidate; Rank 211 terrain-only. Sustained 120–200 m slope 8.4°; relief 28 m; qualifying ridge at ≥8° 580 m; 42% of the broader face reaches 8° and 22% reaches 9.5°. Category: Marginal — inspect carefully. Obstacles: Not automatically checked; inspect buildings, power lines, roads, railways, trees and fences manually. Airspace: Not automatically checked; manually review current aviation charts, NOTAMs, aerodromes and local procedures.</description><Point><coordinates>-0.8224561049425815,51.2449635716728,0</coordinates></Point></Placemark><Placemark><name>Unnamed face near SU 838 241</name><description>Marginal terrain candidate; Rank 212 terrain-only. Sustained 120–200 m slope 8.7°; relief 29 m; qualifying ridge at ≥8° 634 m; 31% of the broader face reaches 8° and 17% reaches 9.5°. Category: Marginal — inspect carefully. Obstacles: Not automatically checked; inspect buildings, power lines, roads, railways, trees and fences manually. Airspace: Not automatically checked; manually review current aviation charts, NOTAMs, aerodromes and local procedures.</description><Point><coordinates>-0.7963527023107744,51.01056102653967,0</coordinates></Point></Placemark><Placemark><name>Unnamed face near SU 487 590</name><description>Marginal terrain candidate; Rank 213 terrain-only. Sustained 120–200 m slope 8.4°; relief 26 m; qualifying ridge at ≥8° 1135 m; 31% of the broader face reaches 8° and 7% reaches 9.5°. Category: Marginal — inspect carefully. Obstacles: Not automatically checked; inspect buildings, power lines, roads, railways, trees and fences manually. Airspace: Not automatically checked; manually review current aviation charts, NOTAMs, aerodromes and local procedures.</description><Point><coordinates>-1.3050102730074125,51.328779344687185,0</coordinates></Point></Placemark><Placemark><name>Unnamed face near SU 900 095</name><description>Marginal terrain candidate; Rank 214 terrain-only. Sustained 120–200 m slope 8.2°; relief 30 m; qualifying ridge at ≥8° 447 m; 41% of the broader face reaches 8° and 20% reaches 9.5°. Category: Marginal — inspect carefully. Obstacles: Not automatically checked; inspect buildings, power lines, roads, railways, trees and fences manually. Airspace: Not automatically checked; manually review current aviation charts, NOTAMs, aerodromes and local procedures.</description><Point><coordinates>-0.7355233026201805,50.88147074218152,0</coordinates></Point></Placemark><Placemark><name>Unnamed face near SU 779 392</name><description>Marginal terrain candidate; Rank 215 terrain-only. Sustained 120–200 m slope 8.6°; relief 27 m; qualifying ridge at ≥8° 1268 m; 28% of the broader face reaches 8° and 12% reaches 9.5°. Category: Marginal — inspect carefully. Obstacles: Not automatically checked; inspect buildings, power lines, roads, railways, trees and fences manually. Airspace: Not automatically checked; manually review current aviation charts, NOTAMs, aerodromes and local procedures.</description><Point><coordinates>-0.8828165577339894,51.151140825016896,0</coordinates></Point></Placemark><Placemark><name>Unnamed face near SU 849 253</name><description>Thermal-trigger terrain; Sustained 120–200 m slope 10.4°; relief 35 m; qualifying ridge at ≥8° 272 m; 60% of the broader face reaches 8° and 45% reaches 9.5°. Category: Thermal trigger only. Obstacles: Not automatically checked; inspect buildings, power lines, roads, railways, trees and fences manually. Airspace: Not automatically checked; manually review current aviation charts, NOTAMs, aerodromes and local procedures.</description><Point><coordinates>-0.7897249379001705,51.02137805543686,0</coordinates></Point></Placemark><Placemark><name>Unnamed face near SU 914 335</name><description>Marginal terrain candidate; Rank 216 terrain-only. Sustained 120–200 m slope 8.4°; relief 27 m; qualifying ridge at ≥8° 471 m; 41% of the broader face reaches 8° and 11% reaches 9.5°. Category: Marginal — inspect carefully. Obstacles: Not automatically checked; inspect buildings, power lines, roads, railways, trees and fences manually. Airspace: Not automatically checked; manually review current aviation charts, NOTAMs, aerodromes and local procedures.</description><Point><coordinates>-0.6971132111656639,51.09451212953603,0</coordinates></Point></Placemark><Placemark><name>Unnamed face near SU 442 678</name><description>Thermal-trigger terrain; Sustained 120–200 m slope 8.2°; relief 25 m; qualifying ridge at ≥8° 1044 m; 18% of the broader face reaches 8° and 1% reaches 9.5°. Category: Thermal trigger only. Obstacles: Not automatically checked; inspect buildings, power lines, roads, railways, trees and fences manually. Airspace: Not automatically checked; manually review current aviation charts, NOTAMs, aerodromes and local procedures.</description><Point><coordinates>-1.3644140264748368,51.40840354665643,0</coordinates></Point></Placemark><Placemark><name>Unnamed face near TQ 018 187</name><description>Thermal-trigger terrain; Sustained 120–200 m slope 7.9°; relief 24 m; qualifying ridge at ≥8° 633 m; 20% of the broader face reaches 8° and 5% reaches 9.5°. Category: Thermal trigger only. Obstacles: Not automatically checked; inspect buildings, power lines, roads, railways, trees and fences manually. Airspace: Not automatically checked; manually review current aviation charts, NOTAMs, aerodromes and local procedures.</description><Point><coordinates>-0.5519924949038615,50.959609163293926,0</coordinates></Point></Placemark><Placemark><name>Unnamed face near SU 403 553</name><description>Marginal terrain candidate; Rank 217 terrain-only. Sustained 120–200 m slope 8.5°; relief 30 m; qualifying ridge at ≥8° 711 m; 42% of the broader face reaches 8° and 16% reaches 9.5°. Category: Marginal — inspect carefully. Obstacles: Not automatically checked; inspect buildings, power lines, roads, railways, trees and fences manually. Airspace: Not automatically checked; manually review current aviation charts, NOTAMs, aerodromes and local procedures.</description><Point><coordinates>-1.4304424878942126,51.302772961150005,0</coordinates></Point></Placemark><Placemark><name>Unnamed face near SU 864 623</name><description>Thermal-trigger terrain; Sustained 120–200 m slope 8.2°; relief 25 m; qualifying ridge at ≥8° 501 m; 22% of the broader face reaches 8° and 3% reaches 9.5°. Category: Thermal trigger only. Obstacles: Not automatically checked; inspect buildings, power lines, roads, railways, trees and fences manually. Airspace: Not automatically checked; manually review current aviation charts, NOTAMs, aerodromes and local procedures.</description><Point><coordinates>-0.761413646176767,51.353792779709394,0</coordinates></Point></Placemark><Placemark><name>Unnamed face near TQ 041 454</name><description>Marginal terrain candidate; Rank 218 terrain-only. Sustained 120–200 m slope 9.1°; relief 29 m; qualifying ridge at ≥8° 378 m; 36% of the broader face reaches 8° and 20% reaches 9.5°. Category: Marginal — inspect carefully. Obstacles: Not automatically checked; inspect buildings, power lines, roads, railways, trees and fences manually. Airspace: Not automatically checked; manually review current aviation charts, NOTAMs, aerodromes and local procedures.</description><Point><coordinates>-0.5232067354546226,51.19920235572114,0</coordinates></Point></Placemark><Placemark><name>Unnamed face near SU 820 167</name><description>Marginal terrain candidate; Rank 219 terrain-only. Sustained 120–200 m slope 10.3°; relief 35 m; qualifying ridge at ≥8° 304 m; 36% of the broader face reaches 8° and 18% reaches 9.5°. Category: Marginal — inspect carefully. Obstacles: Not automatically checked; inspect buildings, power lines, roads, railways, trees and fences manually. Airspace: Not automatically checked; manually review current aviation charts, NOTAMs, aerodromes and local procedures.</description><Point><coordinates>-0.8468605171537799,50.951931937088624,0</coordinates></Point></Placemark><Placemark><name>Unnamed face near SU 467 287</name><description>Marginal terrain candidate; Rank 220 terrain-only. Sustained 120–200 m slope 8.3°; relief 28 m; qualifying ridge at ≥8° 798 m; 31% of the broader face reaches 8° and 12% reaches 9.5°. Category: Marginal — inspect carefully. Obstacles: Not automatically checked; inspect buildings, power lines, roads, railways, trees and fences manually. Airspace: Not automatically checked; manually review current aviation charts, NOTAMs, aerodromes and local procedures.</description><Point><coordinates>-1.3307243370897008,51.06077006543069,0</coordinates></Point></Placemark><Placemark><name>Unnamed face near SU 360 593</name><description>Marginal terrain candidate; Rank 221 terrain-only. Sustained 120–200 m slope 8.9°; relief 33 m; qualifying ridge at ≥8° 764 m; 27% of the broader face reaches 8° and 13% reaches 9.5°. Category: Marginal — inspect carefully. Obstacles: Not automatically checked; inspect buildings, power lines, roads, railways, trees and fences manually. Airspace: Not automatically checked; manually review current aviation charts, NOTAMs, aerodromes and local procedures.</description><Point><coordinates>-1.4759156596479581,51.339005413585966,0</coordinates></Point></Placemark><Placemark><name>Unnamed face near SU 407 576</name><description>Thermal-trigger terrain; Sustained 120–200 m slope 7.8°; relief 27 m; qualifying ridge at ≥8° 487 m; 25% of the broader face reaches 8° and 6% reaches 9.5°. Category: Thermal trigger only. Obstacles: Not automatically checked; inspect buildings, power lines, roads, railways, trees and fences manually. Airspace: Not automatically checked; manually review current aviation charts, NOTAMs, aerodromes and local procedures.</description><Point><coordinates>-1.41639145710044,51.31914824328093,0</coordinates></Point></Placemark><Placemark><name>Unnamed face near SU 836 173</name><description>Thermal-trigger terrain; Sustained 120–200 m slope 8.0°; relief 28 m; qualifying ridge at ≥8° 689 m; 16% of the broader face reaches 8° and 7% reaches 9.5°. Category: Thermal trigger only. Obstacles: Not automatically checked; inspect buildings, power lines, roads, railways, trees and fences manually. Airspace: Not automatically checked; manually review current aviation charts, NOTAMs, aerodromes and local procedures.</description><Point><coordinates>-0.8037859443226792,50.9466836658032,0</coordinates></Point></Placemark><Placemark><name>Unnamed face near SU 261 421</name><description>Marginal terrain candidate; Rank 222 terrain-only. Sustained 120–200 m slope 8.4°; relief 27 m; qualifying ridge at ≥8° 646 m; 33% of the broader face reaches 8° and 10% reaches 9.5°. Category: Marginal — inspect carefully. Obstacles: Not automatically checked; inspect buildings, power lines, roads, railways, trees and fences manually. Airspace: Not automatically checked; manually review current aviation charts, NOTAMs, aerodromes and local procedures.</description><Point><coordinates>-1.6239435402621794,51.179733387378114,0</coordinates></Point></Placemark><Placemark><name>Unnamed face near TQ 083 105</name><description>Marginal terrain candidate; Rank 223 terrain-only. Sustained 120–200 m slope 8.4°; relief 29 m; qualifying ridge at ≥8° 717 m; 22% of the broader face reaches 8° and 10% reaches 9.5°. Category: Marginal — inspect carefully. Obstacles: Not automatically checked; inspect buildings, power lines, roads, railways, trees and fences manually. Airspace: Not automatically checked; manually review current aviation charts, NOTAMs, aerodromes and local procedures.</description><Point><coordinates>-0.46219473827264557,50.87781545457913,0</coordinates></Point></Placemark><Placemark><name>Unnamed face near SU 695 317</name><description>Marginal terrain candidate; Rank 224 terrain-only. Sustained 120–200 m slope 8.0°; relief 27 m; qualifying ridge at ≥8° 894 m; 27% of the broader face reaches 8° and 7% reaches 9.5°. Category: Marginal — inspect carefully. Obstacles: Not automatically checked; inspect buildings, power lines, roads, railways, trees and fences manually. Airspace: Not automatically checked; manually review current aviation charts, NOTAMs, aerodromes and local procedures.</description><Point><coordinates>-1.0139612728593248,51.08421554028338,0</coordinates></Point></Placemark><Placemark><name>Unnamed face near SU 812 303</name><description>Marginal terrain candidate; Rank 225 terrain-only. Sustained 120–200 m slope 8.1°; relief 25 m; qualifying ridge at ≥8° 773 m; 26% of the broader face reaches 8° and 16% reaches 9.5°. Category: Marginal — inspect carefully. Obstacles: Not automatically checked; inspect buildings, power lines, roads, railways, trees and fences manually. Airspace: Not automatically checked; manually review current aviation charts, NOTAMs, aerodromes and local procedures.</description><Point><coordinates>-0.8406803444110178,51.068111632018166,0</coordinates></Point></Placemark><Placemark><name>Unnamed face near TQ 034 222</name><description>Marginal terrain candidate; Rank 226 terrain-only. Sustained 120–200 m slope 9.0°; relief 31 m; qualifying ridge at ≥8° 425 m; 48% of the broader face reaches 8° and 17% reaches 9.5°. Category: Marginal — inspect carefully. Obstacles: Not automatically checked; inspect buildings, power lines, roads, railways, trees and fences manually. Airspace: Not automatically checked; manually review current aviation charts, NOTAMs, aerodromes and local procedures.</description><Point><coordinates>-0.5327323587778171,50.980525343100346,0</coordinates></Point></Placemark><Placemark><name>Unnamed face near SU 777 136</name><description>Marginal terrain candidate; Rank 227 terrain-only. Sustained 120–200 m slope 9.1°; relief 30 m; qualifying ridge at ≥8° 407 m; 54% of the broader face reaches 8° and 27% reaches 9.5°. Category: Marginal — inspect carefully. Obstacles: Not automatically checked; inspect buildings, power lines, roads, railways, trees and fences manually. Airspace: Not automatically checked; manually review current aviation charts, NOTAMs, aerodromes and local procedures.</description><Point><coordinates>-0.9026371624332571,50.910737303338955,0</coordinates></Point></Placemark><Placemark><name>Unnamed face near SU 518 777</name><description>Marginal terrain candidate; Rank 228 terrain-only. Sustained 120–200 m slope 8.4°; relief 27 m; qualifying ridge at ≥8° 739 m; 20% of the broader face reaches 8° and 10% reaches 9.5°. Category: Marginal — inspect carefully. Obstacles: Not automatically checked; inspect buildings, power lines, roads, railways, trees and fences manually. Airspace: Not automatically checked; manually review current aviation charts, NOTAMs, aerodromes and local procedures.</description><Point><coordinates>-1.2557423236903724,51.497840421397264,0</coordinates></Point></Placemark><Placemark><name>Windmill Down</name><description>Marginal terrain candidate; Rank 229 terrain-only. Sustained 120–200 m slope 9.6°; relief 34 m; qualifying ridge at ≥8° 342 m; 50% of the broader face reaches 8° and 35% reaches 9.5°. Category: Marginal — inspect carefully. Obstacles: Not automatically checked; inspect buildings, power lines, roads, railways, trees and fences manually. Airspace: Not automatically checked; manually review current aviation charts, NOTAMs, aerodromes and local procedures.</description><Point><coordinates>-1.0950023554795536,50.938903733982485,0</coordinates></Point></Placemark><Placemark><name>Unnamed face near SU 830 422</name><description>Marginal terrain candidate; Rank 230 terrain-only. Sustained 120–200 m slope 8.3°; relief 26 m; qualifying ridge at ≥8° 973 m; 26% of the broader face reaches 8° and 0% reaches 9.5°. Category: Marginal — inspect carefully. Obstacles: Not automatically checked; inspect buildings, power lines, roads, railways, trees and fences manually. Airspace: Not automatically checked; manually review current aviation charts, NOTAMs, aerodromes and local procedures.</description><Point><coordinates>-0.8165511457121313,51.1640815700086,0</coordinates></Point></Placemark><Placemark><name>Unnamed face near SU 477 561</name><description>Marginal terrain candidate; Rank 231 terrain-only. Sustained 120–200 m slope 9.9°; relief 35 m; qualifying ridge at ≥8° 304 m; 49% of the broader face reaches 8° and 35% reaches 9.5°. Category: Marginal — inspect carefully. Obstacles: Not automatically checked; inspect buildings, power lines, roads, railways, trees and fences manually. Airspace: Not automatically checked; manually review current aviation charts, NOTAMs, aerodromes and local procedures.</description><Point><coordinates>-1.325916158740721,51.30254047735163,0</coordinates></Point></Placemark><Placemark><name>Unnamed face near SU 650 739</name><description>Marginal terrain candidate; Rank 232 terrain-only. Sustained 120–200 m slope 8.4°; relief 26 m; qualifying ridge at ≥8° 1243 m; 31% of the broader face reaches 8° and 5% reaches 9.5°. Category: Marginal — inspect carefully. Obstacles: Not automatically checked; inspect buildings, power lines, roads, railways, trees and fences manually. Airspace: Not automatically checked; manually review current aviation charts, NOTAMs, aerodromes and local procedures.</description><Point><coordinates>-1.0694938716002018,51.46448827825514,0</coordinates></Point></Placemark><Placemark><name>Unnamed face near SU 782 455</name><description>Thermal-trigger terrain; Sustained 120–200 m slope 7.7°; relief 24 m; qualifying ridge at ≥8° 501 m; 19% of the broader face reaches 8° and 4% reaches 9.5°. Category: Thermal trigger only. Obstacles: Not automatically checked; inspect buildings, power lines, roads, railways, trees and fences manually. Airspace: Not automatically checked; manually review current aviation charts, NOTAMs, aerodromes and local procedures.</description><Point><coordinates>-0.892874131985548,51.20594798112305,0</coordinates></Point></Placemark><Placemark><name>Unnamed face near SU 875 455</name><description>Marginal terrain candidate; Rank 234 terrain-only. Sustained 120–200 m slope 8.6°; relief 27 m; qualifying ridge at ≥8° 441 m; 30% of the broader face reaches 8° and 12% reaches 9.5°. Category: Marginal — inspect carefully. Obstacles: Not automatically checked; inspect buildings, power lines, roads, railways, trees and fences manually. Airspace: Not automatically checked; manually review current aviation charts, NOTAMs, aerodromes and local procedures.</description><Point><coordinates>-0.743822880527289,51.205231507771664,0</coordinates></Point></Placemark><Placemark><name>Unnamed face near SU 705 768</name><description>Marginal terrain candidate; Rank 235 terrain-only. Sustained 120–200 m slope 8.3°; relief 27 m; qualifying ridge at ≥8° 655 m; 32% of the broader face reaches 8° and 8% reaches 9.5°. Category: Marginal — inspect carefully. Obstacles: Not automatically checked; inspect buildings, power lines, roads, railways, trees and fences manually. Airspace: Not automatically checked; manually review current aviation charts, NOTAMs, aerodromes and local procedures.</description><Point><coordinates>-0.9766836075008334,51.480083595739586,0</coordinates></Point></Placemark><Placemark><name>Unnamed face near TQ 045 103</name><description>Thermal-trigger terrain; Sustained 120–200 m slope 7.5°; relief 25 m; qualifying ridge at ≥8° 658 m; 20% of the broader face reaches 8° and 13% reaches 9.5°. Category: Thermal trigger only. Obstacles: Not automatically checked; inspect buildings, power lines, roads, railways, trees and fences manually. Airspace: Not automatically checked; manually review current aviation charts, NOTAMs, aerodromes and local procedures.</description><Point><coordinates>-0.5286992833147198,50.88597097647342,0</coordinates></Point></Placemark><Placemark><name>Unnamed face near SU 765 427</name><description>Thermal-trigger terrain; Sustained 120–200 m slope 7.8°; relief 25 m; qualifying ridge at ≥8° 449 m; 25% of the broader face reaches 8° and 0% reaches 9.5°. Category: Thermal trigger only. Obstacles: Not automatically checked; inspect buildings, power lines, roads, railways, trees and fences manually. Airspace: Not automatically checked; manually review current aviation charts, NOTAMs, aerodromes and local procedures.</description><Point><coordinates>-0.9168632314298738,51.18685324618297,0</coordinates></Point></Placemark><Placemark><name>Unnamed face near SU 985 218</name><description>Marginal terrain candidate; Rank 236 terrain-only. Sustained 120–200 m slope 8.5°; relief 28 m; qualifying ridge at ≥8° 402 m; 34% of the broader face reaches 8° and 15% reaches 9.5°. Category: Marginal — inspect carefully. Obstacles: Not automatically checked; inspect buildings, power lines, roads, railways, trees and fences manually. Airspace: Not automatically checked; manually review current aviation charts, NOTAMs, aerodromes and local procedures.</description><Point><coordinates>-0.5950197832453488,50.988608893982644,0</coordinates></Point></Placemark><Placemark><name>Unnamed face near SU 712 812</name><description>Thermal-trigger terrain; Sustained 120–200 m slope 7.9°; relief 24 m; qualifying ridge at ≥8° 486 m; 24% of the broader face reaches 8° and 0% reaches 9.5°. Category: Thermal trigger only. Obstacles: Not automatically checked; inspect buildings, power lines, roads, railways, trees and fences manually. Airspace: Not automatically checked; manually review current aviation charts, NOTAMs, aerodromes and local procedures.</description><Point><coordinates>-0.9810092019260649,51.530957714074944,0</coordinates></Point></Placemark><Placemark><name>Unnamed face near SU 490 239</name><description>Marginal terrain candidate; Rank 237 terrain-only. Sustained 120–200 m slope 8.4°; relief 28 m; qualifying ridge at ≥8° 903 m; 33% of the broader face reaches 8° and 15% reaches 9.5°. Category: Marginal — inspect carefully. Obstacles: Not automatically checked; inspect buildings, power lines, roads, railways, trees and fences manually. Airspace: Not automatically checked; manually review current aviation charts, NOTAMs, aerodromes and local procedures.</description><Point><coordinates>-1.2882752274500653,51.01010470286837,0</coordinates></Point></Placemark><Placemark><name>Unnamed face near SU 423 559</name><description>Marginal terrain candidate; Rank 238 terrain-only. Sustained 120–200 m slope 8.2°; relief 27 m; qualifying ridge at ≥8° 416 m; 28% of the broader face reaches 8° and 7% reaches 9.5°. Category: Marginal — inspect carefully. Obstacles: Not automatically checked; inspect buildings, power lines, roads, railways, trees and fences manually. Airspace: Not automatically checked; manually review current aviation charts, NOTAMs, aerodromes and local procedures.</description><Point><coordinates>-1.3956705279822577,51.31074593566252,0</coordinates></Point></Placemark><Placemark><name>Unnamed face near TQ 045 078</name><description>Thermal-trigger terrain; Sustained 120–200 m slope 8.1°; relief 28 m; qualifying ridge at ≥8° 1007 m; 15% of the broader face reaches 8° and 4% reaches 9.5°. Category: Thermal trigger only. Obstacles: Not automatically checked; inspect buildings, power lines, roads, railways, trees and fences manually. Airspace: Not automatically checked; manually review current aviation charts, NOTAMs, aerodromes and local procedures.</description><Point><coordinates>-0.5200218427952137,50.860339523054265,0</coordinates></Point></Placemark><Placemark><name>Farleigh Hill</name><description>Marginal terrain candidate; Rank 239 terrain-only. Sustained 120–200 m slope 8.4°; relief 29 m; qualifying ridge at ≥8° 514 m; 26% of the broader face reaches 8° and 7% reaches 9.5°. Category: Marginal — inspect carefully. Obstacles: Not automatically checked; inspect buildings, power lines, roads, railways, trees and fences manually. Airspace: Not automatically checked; manually review current aviation charts, NOTAMs, aerodromes and local procedures.</description><Point><coordinates>-1.110937223363015,51.20048779069165,0</coordinates></Point></Placemark><Placemark><name>Unnamed face near SU 632 237</name><description>Thermal-trigger terrain; Sustained 120–200 m slope 7.7°; relief 26 m; qualifying ridge at ≥8° 582 m; 17% of the broader face reaches 8° and 0% reaches 9.5°. Category: Thermal trigger only. Obstacles: Not automatically checked; inspect buildings, power lines, roads, railways, trees and fences manually. Airspace: Not automatically checked; manually review current aviation charts, NOTAMs, aerodromes and local procedures.</description><Point><coordinates>-1.0997681342322079,51.01061495619359,0</coordinates></Point></Placemark><Placemark><name>Unnamed face near SU 389 300</name><description>Marginal terrain candidate; Rank 240 terrain-only. Sustained 120–200 m slope 8.4°; relief 28 m; qualifying ridge at ≥8° 1397 m; 32% of the broader face reaches 8° and 12% reaches 9.5°. Category: Marginal — inspect carefully. Obstacles: Not automatically checked; inspect buildings, power lines, roads, railways, trees and fences manually. Airspace: Not automatically checked; manually review current aviation charts, NOTAMs, aerodromes and local procedures.</description><Point><coordinates>-1.4482605241039552,51.070441063799585,0</coordinates></Point></Placemark><Placemark><name>Unnamed face near SU 215 498</name><description>Marginal terrain candidate; Rank 241 terrain-only. Sustained 120–200 m slope 8.5°; relief 27 m; qualifying ridge at ≥8° 520 m; 28% of the broader face reaches 8° and 10% reaches 9.5°. Category: Marginal — inspect carefully. Obstacles: Not automatically checked; inspect buildings, power lines, roads, railways, trees and fences manually. Airspace: Not automatically checked; manually review current aviation charts, NOTAMs, aerodromes and local procedures.</description><Point><coordinates>-1.6867489391969943,51.25300050050987,0</coordinates></Point></Placemark><Placemark><name>Semaphore Farm and Headmore</name><description>Thermal-trigger terrain; Sustained 120–200 m slope 8.0°; relief 28 m; qualifying ridge at ≥8° 610 m; 28% of the broader face reaches 8° and 6% reaches 9.5°. Category: Thermal trigger only. Obstacles: Not automatically checked; inspect buildings, power lines, roads, railways, trees and fences manually. Airspace: Not automatically checked; manually review current aviation charts, NOTAMs, aerodromes and local procedures.</description><Point><coordinates>-1.0193113759719183,51.08796683355164,0</coordinates></Point></Placemark><Placemark><name>Unnamed face near SU 664 423</name><description>Thermal-trigger terrain; Sustained 120–200 m slope 8.4°; relief 27 m; qualifying ridge at ≥8° 473 m; 18% of the broader face reaches 8° and 3% reaches 9.5°. Category: Thermal trigger only. Obstacles: Not automatically checked; inspect buildings, power lines, roads, railways, trees and fences manually. Airspace: Not automatically checked; manually review current aviation charts, NOTAMs, aerodromes and local procedures.</description><Point><coordinates>-1.0384491665425657,51.170290959966486,0</coordinates></Point></Placemark><Placemark><name>Unnamed face near SU 346 552</name><description>Marginal terrain candidate; Rank 242 terrain-only. Sustained 120–200 m slope 8.6°; relief 26 m; qualifying ridge at ≥8° 589 m; 26% of the broader face reaches 8° and 9% reaches 9.5°. Category: Marginal — inspect carefully. Obstacles: Not automatically checked; inspect buildings, power lines, roads, railways, trees and fences manually. Airspace: Not automatically checked; manually review current aviation charts, NOTAMs, aerodromes and local procedures.</description><Point><coordinates>-1.505953888571533,51.29593067655012,0</coordinates></Point></Placemark><Placemark><name>Unnamed face near SU 961 433</name><description>Thermal-trigger terrain; Sustained 120–200 m slope 9.3°; relief 30 m; qualifying ridge at ≥8° 285 m; 43% of the broader face reaches 8° and 30% reaches 9.5°. Category: Thermal trigger only. Obstacles: Not automatically checked; inspect buildings, power lines, roads, railways, trees and fences manually. Airspace: Not automatically checked; manually review current aviation charts, NOTAMs, aerodromes and local procedures.</description><Point><coordinates>-0.6216870145858175,51.18571169029173,0</coordinates></Point></Placemark><Placemark><name>Unnamed face near SU 861 392</name><description>Marginal terrain candidate; Rank 243 terrain-only. Sustained 120–200 m slope 8.6°; relief 27 m; qualifying ridge at ≥8° 305 m; 40% of the broader face reaches 8° and 17% reaches 9.5°. Category: Marginal — inspect carefully. Obstacles: Not automatically checked; inspect buildings, power lines, roads, railways, trees and fences manually. Airspace: Not automatically checked; manually review current aviation charts, NOTAMs, aerodromes and local procedures.</description><Point><coordinates>-0.7576857529527379,51.14872420575448,0</coordinates></Point></Placemark><Placemark><name>Unnamed face near SU 517 726</name><description>Thermal-trigger terrain; Sustained 120–200 m slope 8.2°; relief 25 m; qualifying ridge at ≥8° 473 m; 29% of the broader face reaches 8° and 2% reaches 9.5°. Category: Thermal trigger only. Obstacles: Not automatically checked; inspect buildings, power lines, roads, railways, trees and fences manually. Airspace: Not automatically checked; manually review current aviation charts, NOTAMs, aerodromes and local procedures.</description><Point><coordinates>-1.2664751327740102,51.44600003344405,0</coordinates></Point></Placemark><Placemark><name>Unnamed face near SU 832 620</name><description>Thermal-trigger terrain; Sustained 120–200 m slope 8.0°; relief 24 m; qualifying ridge at ≥8° 466 m; 21% of the broader face reaches 8° and 0% reaches 9.5°. Category: Thermal trigger only. Obstacles: Not automatically checked; inspect buildings, power lines, roads, railways, trees and fences manually. Airspace: Not automatically checked; manually review current aviation charts, NOTAMs, aerodromes and local procedures.</description><Point><coordinates>-0.8068488096849723,51.351776429066526,0</coordinates></Point></Placemark><Placemark><name>Unnamed face near SU 617 714</name><description>Marginal terrain candidate; Rank 244 terrain-only. Sustained 120–200 m slope 8.3°; relief 26 m; qualifying ridge at ≥8° 558 m; 37% of the broader face reaches 8° and 9% reaches 9.5°. Category: Marginal — inspect carefully. Obstacles: Not automatically checked; inspect buildings, power lines, roads, railways, trees and fences manually. Airspace: Not automatically checked; manually review current aviation charts, NOTAMs, aerodromes and local procedures.</description><Point><coordinates>-1.1211529798944726,51.43040413752001,0</coordinates></Point></Placemark><Placemark><name>Unnamed face near SU 200 372</name><description>Thermal-trigger terrain; Sustained 120–200 m slope 8.0°; relief 27 m; qualifying ridge at ≥8° 558 m; 19% of the broader face reaches 8° and 5% reaches 9.5°. Category: Thermal trigger only. Obstacles: Not automatically checked; inspect buildings, power lines, roads, railways, trees and fences manually. Airspace: Not automatically checked; manually review current aviation charts, NOTAMs, aerodromes and local procedures.</description><Point><coordinates>-1.7220866371617731,51.14398518220296,0</coordinates></Point></Placemark><Placemark><name>Unnamed face near SU 510 262</name><description>Thermal-trigger terrain; Sustained 120–200 m slope 8.0°; relief 27 m; qualifying ridge at ≥8° 598 m; 33% of the broader face reaches 8° and 8% reaches 9.5°. Category: Thermal trigger only. Obstacles: Not automatically checked; inspect buildings, power lines, roads, railways, trees and fences manually. Airspace: Not automatically checked; manually review current aviation charts, NOTAMs, aerodromes and local procedures.</description><Point><coordinates>-1.2776356133004296,51.04057351456973,0</coordinates></Point></Placemark><Placemark><name>Unnamed face near SU 857 460</name><description>Marginal terrain candidate; Rank 245 terrain-only. Sustained 120–200 m slope 8.3°; relief 25 m; qualifying ridge at ≥8° 518 m; 24% of the broader face reaches 8° and 13% reaches 9.5°. Category: Marginal — inspect carefully. Obstacles: Not automatically checked; inspect buildings, power lines, roads, railways, trees and fences manually. Airspace: Not automatically checked; manually review current aviation charts, NOTAMs, aerodromes and local procedures.</description><Point><coordinates>-0.763283313836223,51.21033739921482,0</coordinates></Point></Placemark><Placemark><name>Unnamed face near SU 393 618</name><description>Marginal terrain candidate; Rank 246 terrain-only. Sustained 120–200 m slope 9.0°; relief 31 m; qualifying ridge at ≥8° 400 m; 29% of the broader face reaches 8° and 18% reaches 9.5°. Category: Marginal — inspect carefully. Obstacles: Not automatically checked; inspect buildings, power lines, roads, railways, trees and fences manually. Airspace: Not automatically checked; manually review current aviation charts, NOTAMs, aerodromes and local procedures.</description><Point><coordinates>-1.4389424335849232,51.3438356937095,0</coordinates></Point></Placemark><Placemark><name>Unnamed face near SU 603 694</name><description>Marginal terrain candidate; Rank 247 terrain-only. Sustained 120–200 m slope 8.2°; relief 26 m; qualifying ridge at ≥8° 970 m; 31% of the broader face reaches 8° and 10% reaches 9.5°. Category: Marginal — inspect carefully. Obstacles: Not automatically checked; inspect buildings, power lines, roads, railways, trees and fences manually. Airspace: Not automatically checked; manually review current aviation charts, NOTAMs, aerodromes and local procedures.</description><Point><coordinates>-1.127722512690719,51.42580041599546,0</coordinates></Point></Placemark><Placemark><name>Unnamed face near SU 328 575</name><description>Marginal terrain candidate; Rank 249 terrain-only. Sustained 120–200 m slope 8.1°; relief 28 m; qualifying ridge at ≥8° 563 m; 29% of the broader face reaches 8° and 13% reaches 9.5°. Category: Marginal — inspect carefully. Obstacles: Not automatically checked; inspect buildings, power lines, roads, railways, trees and fences manually. Airspace: Not automatically checked; manually review current aviation charts, NOTAMs, aerodromes and local procedures.</description><Point><coordinates>-1.5356320470115048,51.30653438959238,0</coordinates></Point></Placemark><Placemark><name>Unnamed face near SU 802 634</name><description>Thermal-trigger terrain; Sustained 120–200 m slope 7.7°; relief 23 m; qualifying ridge at ≥8° 464 m; 15% of the broader face reaches 8° and 0% reaches 9.5°. Category: Thermal trigger only. Obstacles: Not automatically checked; inspect buildings, power lines, roads, railways, trees and fences manually. Airspace: Not automatically checked; manually review current aviation charts, NOTAMs, aerodromes and local procedures.</description><Point><coordinates>-0.8446111764264437,51.36488557052368,0</coordinates></Point></Placemark><Placemark><name>Unnamed face near SU 782 124</name><description>Marginal terrain candidate; Rank 250 terrain-only. Sustained 120–200 m slope 8.4°; relief 29 m; qualifying ridge at ≥8° 643 m; 26% of the broader face reaches 8° and 9% reaches 9.5°. Category: Marginal — inspect carefully. Obstacles: Not automatically checked; inspect buildings, power lines, roads, railways, trees and fences manually. Airspace: Not automatically checked; manually review current aviation charts, NOTAMs, aerodromes and local procedures.</description><Point><coordinates>-0.8746394544523556,50.902880586329964,0</coordinates></Point></Placemark><Placemark><name>Unnamed face near SU 798 421</name><description>Marginal terrain candidate; Rank 251 terrain-only. Sustained 120–200 m slope 8.9°; relief 28 m; qualifying ridge at ≥8° 414 m; 31% of the broader face reaches 8° and 13% reaches 9.5°. Category: Marginal — inspect carefully. Obstacles: Not automatically checked; inspect buildings, power lines, roads, railways, trees and fences manually. Airspace: Not automatically checked; manually review current aviation charts, NOTAMs, aerodromes and local procedures.</description><Point><coordinates>-0.8711584419265228,51.16613623628978,0</coordinates></Point></Placemark><Placemark><name>Unnamed face near SU 472 251</name><description>Marginal terrain candidate; Rank 252 terrain-only. Sustained 120–200 m slope 8.6°; relief 28 m; qualifying ridge at ≥8° 578 m; 24% of the broader face reaches 8° and 11% reaches 9.5°. Category: Marginal — inspect carefully. Obstacles: Not automatically checked; inspect buildings, power lines, roads, railways, trees and fences manually. Airspace: Not automatically checked; manually review current aviation charts, NOTAMs, aerodromes and local procedures.</description><Point><coordinates>-1.3310543254338651,51.018456473576634,0</coordinates></Point></Placemark><Placemark><name>Unnamed face near SZ 512 890</name><description>Thermal-trigger terrain; Sustained 120–200 m slope 7.7°; relief 25 m; qualifying ridge at ≥8° 605 m; 19% of the broader face reaches 8° and 5% reaches 9.5°. Category: Thermal trigger only. Obstacles: Not automatically checked; inspect buildings, power lines, roads, railways, trees and fences manually. Airspace: Not automatically checked; manually review current aviation charts, NOTAMs, aerodromes and local procedures.</description><Point><coordinates>-1.266343451087616,50.695294939255554,0</coordinates></Point></Placemark><Placemark><name>Unnamed face near SU 344 188</name><description>Marginal terrain candidate; Rank 253 terrain-only. Sustained 120–200 m slope 9.1°; relief 29 m; qualifying ridge at ≥8° 362 m; 32% of the broader face reaches 8° and 14% reaches 9.5°. Category: Marginal — inspect carefully. Obstacles: Not automatically checked; inspect buildings, power lines, roads, railways, trees and fences manually. Airspace: Not automatically checked; manually review current aviation charts, NOTAMs, aerodromes and local procedures.</description><Point><coordinates>-1.5117474009725256,50.9596770676852,0</coordinates></Point></Placemark><Placemark><name>Unnamed face near SU 600 174</name><description>Marginal terrain candidate; Rank 254 terrain-only. Sustained 120–200 m slope 8.7°; relief 29 m; qualifying ridge at ≥8° 382 m; 37% of the broader face reaches 8° and 15% reaches 9.5°. Category: Marginal — inspect carefully. Obstacles: Not automatically checked; inspect buildings, power lines, roads, railways, trees and fences manually. Airspace: Not automatically checked; manually review current aviation charts, NOTAMs, aerodromes and local procedures.</description><Point><coordinates>-1.1466504484056477,50.953883509458954,0</coordinates></Point></Placemark><Placemark><name>Unnamed face near SU 476 709</name><description>Marginal terrain candidate; Rank 255 terrain-only. Sustained 120–200 m slope 8.5°; relief 26 m; qualifying ridge at ≥8° 483 m; 32% of the broader face reaches 8° and 1% reaches 9.5°. Category: Marginal — inspect carefully. Obstacles: Not automatically checked; inspect buildings, power lines, roads, railways, trees and fences manually. Airspace: Not automatically checked; manually review current aviation charts, NOTAMs, aerodromes and local procedures.</description><Point><coordinates>-1.308255452196704,51.42604069152554,0</coordinates></Point></Placemark><Placemark><name>Unnamed face near SU 943 322</name><description>Thermal-trigger terrain; Sustained 120–200 m slope 8.1°; relief 24 m; qualifying ridge at ≥8° 619 m; 20% of the broader face reaches 8° and 2% reaches 9.5°. Category: Thermal trigger only. Obstacles: Not automatically checked; inspect buildings, power lines, roads, railways, trees and fences manually. Airspace: Not automatically checked; manually review current aviation charts, NOTAMs, aerodromes and local procedures.</description><Point><coordinates>-0.6408868453316922,51.08431949220793,0</coordinates></Point></Placemark><Placemark><name>Unnamed face near SU 824 150</name><description>Marginal terrain candidate; Rank 256 terrain-only. Sustained 120–200 m slope 8.6°; relief 32 m; qualifying ridge at ≥8° 379 m; 46% of the broader face reaches 8° and 28% reaches 9.5°. Category: Marginal — inspect carefully. Obstacles: Not automatically checked; inspect buildings, power lines, roads, railways, trees and fences manually. Airspace: Not automatically checked; manually review current aviation charts, NOTAMs, aerodromes and local procedures.</description><Point><coordinates>-0.8211400311182495,50.92028979686026,0</coordinates></Point></Placemark><Placemark><name>Unnamed face near TQ 066 199</name><description>Thermal-trigger terrain; Sustained 120–200 m slope 8.0°; relief 25 m; qualifying ridge at ≥8° 489 m; 25% of the broader face reaches 8° and 0% reaches 9.5°. Category: Thermal trigger only. Obstacles: Not automatically checked; inspect buildings, power lines, roads, railways, trees and fences manually. Airspace: Not automatically checked; manually review current aviation charts, NOTAMs, aerodromes and local procedures.</description><Point><coordinates>-0.4693452197477509,50.97075529976907,0</coordinates></Point></Placemark><Placemark><name>Unnamed face near SU 269 617</name><description>Marginal terrain candidate; Rank 257 terrain-only. Sustained 120–200 m slope 8.3°; relief 25 m; qualifying ridge at ≥8° 566 m; 27% of the broader face reaches 8° and 7% reaches 9.5°. Category: Marginal — inspect carefully. Obstacles: Not automatically checked; inspect buildings, power lines, roads, railways, trees and fences manually. Airspace: Not automatically checked; manually review current aviation charts, NOTAMs, aerodromes and local procedures.</description><Point><coordinates>-1.6181918398590986,51.35623255780539,0</coordinates></Point></Placemark><Placemark><name>Unnamed face near SU 742 765</name><description>Marginal terrain candidate; Rank 258 terrain-only. Sustained 120–200 m slope 8.2°; relief 27 m; qualifying ridge at ≥8° 737 m; 23% of the broader face reaches 8° and 1% reaches 9.5°. Category: Marginal — inspect carefully. Obstacles: Not automatically checked; inspect buildings, power lines, roads, railways, trees and fences manually. Airspace: Not automatically checked; manually review current aviation charts, NOTAMs, aerodromes and local procedures.</description><Point><coordinates>-0.9301246958079585,51.4845398417423,0</coordinates></Point></Placemark><Placemark><name>Unnamed face near SU 582 747</name><description>Thermal-trigger terrain; Sustained 120–200 m slope 7.6°; relief 23 m; qualifying ridge at ≥8° 560 m; 20% of the broader face reaches 8° and 1% reaches 9.5°. Category: Thermal trigger only. Obstacles: Not automatically checked; inspect buildings, power lines, roads, railways, trees and fences manually. Airspace: Not automatically checked; manually review current aviation charts, NOTAMs, aerodromes and local procedures.</description><Point><coordinates>-1.1500669391428553,51.46831981122352,0</coordinates></Point></Placemark><Placemark><name>Unnamed face near SU 758 810</name><description>Thermal-trigger terrain; Sustained 120–200 m slope 7.8°; relief 24 m; qualifying ridge at ≥8° 504 m; 19% of the broader face reaches 8° and 3% reaches 9.5°. Category: Thermal trigger only. Obstacles: Not automatically checked; inspect buildings, power lines, roads, railways, trees and fences manually. Airspace: Not automatically checked; manually review current aviation charts, NOTAMs, aerodromes and local procedures.</description><Point><coordinates>-0.9099387704757795,51.523787818171755,0</coordinates></Point></Placemark><Placemark><name>Unnamed face near SU 425 313</name><description>Marginal terrain candidate; Rank 259 terrain-only. Sustained 120–200 m slope 8.0°; relief 25 m; qualifying ridge at ≥8° 639 m; 26% of the broader face reaches 8° and 6% reaches 9.5°. Category: Marginal — inspect carefully. Obstacles: Not automatically checked; inspect buildings, power lines, roads, railways, trees and fences manually. Airspace: Not automatically checked; manually review current aviation charts, NOTAMs, aerodromes and local procedures.</description><Point><coordinates>-1.3933697907320242,51.08040325794983,0</coordinates></Point></Placemark><Placemark><name>Unnamed face near SU 883 264</name><description>Marginal terrain candidate; Rank 260 terrain-only. Sustained 120–200 m slope 8.9°; relief 28 m; qualifying ridge at ≥8° 360 m; 34% of the broader face reaches 8° and 19% reaches 9.5°. Category: Marginal — inspect carefully. Obstacles: Not automatically checked; inspect buildings, power lines, roads, railways, trees and fences manually. Airspace: Not automatically checked; manually review current aviation charts, NOTAMs, aerodromes and local procedures.</description><Point><coordinates>-0.7505606933857102,51.03164166629591,0</coordinates></Point></Placemark><Placemark><name>Unnamed face near SU 342 224</name><description>Thermal-trigger terrain; Sustained 120–200 m slope 8.0°; relief 25 m; qualifying ridge at ≥8° 672 m; 21% of the broader face reaches 8° and 3% reaches 9.5°. Category: Thermal trigger only. Obstacles: Not automatically checked; inspect buildings, power lines, roads, railways, trees and fences manually. Airspace: Not automatically checked; manually review current aviation charts, NOTAMs, aerodromes and local procedures.</description><Point><coordinates>-1.5163141552409667,50.999393685985524,0</coordinates></Point></Placemark><Placemark><name>Unnamed face near SU 351 637</name><description>Thermal-trigger terrain; Sustained 120–200 m slope 8.0°; relief 25 m; qualifying ridge at ≥8° 523 m; 20% of the broader face reaches 8° and 0% reaches 9.5°. Category: Thermal trigger only. Obstacles: Not automatically checked; inspect buildings, power lines, roads, railways, trees and fences manually. Airspace: Not automatically checked; manually review current aviation charts, NOTAMs, aerodromes and local procedures.</description><Point><coordinates>-1.4956813420493338,51.37208206080915,0</coordinates></Point></Placemark><Placemark><name>Unnamed face near SU 913 227</name><description>Thermal-trigger terrain; Sustained 120–200 m slope 8.6°; relief 28 m; qualifying ridge at ≥8° 344 m; 13% of the broader face reaches 8° and 5% reaches 9.5°. Category: Thermal trigger only. Obstacles: Not automatically checked; inspect buildings, power lines, roads, railways, trees and fences manually. Airspace: Not automatically checked; manually review current aviation charts, NOTAMs, aerodromes and local procedures.</description><Point><coordinates>-0.6992751990957463,50.99767618436409,0</coordinates></Point></Placemark><Placemark><name>Unnamed face near SU 690 152</name><description>Thermal-trigger terrain; Sustained 120–200 m slope 7.9°; relief 27 m; qualifying ridge at ≥8° 955 m; 25% of the broader face reaches 8° and 10% reaches 9.5°. Category: Thermal trigger only. Obstacles: Not automatically checked; inspect buildings, power lines, roads, railways, trees and fences manually. Airspace: Not automatically checked; manually review current aviation charts, NOTAMs, aerodromes and local procedures.</description><Point><coordinates>-1.018039409766066,50.93428740130085,0</coordinates></Point></Placemark><Placemark><name>Chawton Park</name><description>Thermal-trigger terrain; Sustained 120–200 m slope 8.0°; relief 27 m; qualifying ridge at ≥8° 719 m; 12% of the broader face reaches 8° and 0% reaches 9.5°. Category: Thermal trigger only. Obstacles: Not automatically checked; inspect buildings, power lines, roads, railways, trees and fences manually. Airspace: Not automatically checked; manually review current aviation charts, NOTAMs, aerodromes and local procedures.</description><Point><coordinates>-1.02943451472522,51.12871136456145,0</coordinates></Point></Placemark><Placemark><name>Unnamed face near SU 518 436</name><description>Marginal terrain candidate; Rank 261 terrain-only. Sustained 120–200 m slope 9.7°; relief 31 m; qualifying ridge at ≥8° 387 m; 34% of the broader face reaches 8° and 13% reaches 9.5°. Category: Marginal — inspect carefully. Obstacles: Not automatically checked; inspect buildings, power lines, roads, railways, trees and fences manually. Airspace: Not automatically checked; manually review current aviation charts, NOTAMs, aerodromes and local procedures.</description><Point><coordinates>-1.2600505538031457,51.19090398412353,0</coordinates></Point></Placemark><Placemark><name>Unnamed face near SU 522 762</name><description>Marginal terrain candidate; Rank 262 terrain-only. Sustained 120–200 m slope 8.3°; relief 27 m; qualifying ridge at ≥8° 493 m; 23% of the broader face reaches 8° and 6% reaches 9.5°. Category: Marginal — inspect carefully. Obstacles: Not automatically checked; inspect buildings, power lines, roads, railways, trees and fences manually. Airspace: Not automatically checked; manually review current aviation charts, NOTAMs, aerodromes and local procedures.</description><Point><coordinates>-1.2345415932711705,51.48548509113579,0</coordinates></Point></Placemark><Placemark><name>Unnamed face near SU 750 782</name><description>Thermal-trigger terrain; Sustained 120–200 m slope 8.0°; relief 24 m; qualifying ridge at ≥8° 524 m; 19% of the broader face reaches 8° and 2% reaches 9.5°. Category: Thermal trigger only. Obstacles: Not automatically checked; inspect buildings, power lines, roads, railways, trees and fences manually. Airspace: Not automatically checked; manually review current aviation charts, NOTAMs, aerodromes and local procedures.</description><Point><coordinates>-0.9161970676501784,51.49022312936453,0</coordinates></Point></Placemark><Placemark><name>Unnamed face near SU 450 473</name><description>Thermal-trigger terrain; Sustained 120–200 m slope 8.0°; relief 26 m; qualifying ridge at ≥8° 549 m; 25% of the broader face reaches 8° and 8% reaches 9.5°. Category: Thermal trigger only. Obstacles: Not automatically checked; inspect buildings, power lines, roads, railways, trees and fences manually. Airspace: Not automatically checked; manually review current aviation charts, NOTAMs, aerodromes and local procedures.</description><Point><coordinates>-1.3645988092678907,51.22076715617049,0</coordinates></Point></Placemark><Placemark><name>Unnamed face near SU 577 668</name><description>Thermal-trigger terrain; Sustained 120–200 m slope 7.9°; relief 26 m; qualifying ridge at ≥8° 365 m; 21% of the broader face reaches 8° and 3% reaches 9.5°. Category: Thermal trigger only. Obstacles: Not automatically checked; inspect buildings, power lines, roads, railways, trees and fences manually. Airspace: Not automatically checked; manually review current aviation charts, NOTAMs, aerodromes and local procedures.</description><Point><coordinates>-1.1725163371078018,51.39889896344233,0</coordinates></Point></Placemark><Placemark><name>Unnamed face near SU 382 351</name><description>Thermal-trigger terrain; Sustained 120–200 m slope 8.7°; relief 27 m; qualifying ridge at ≥8° 381 m; 18% of the broader face reaches 8° and 8% reaches 9.5°. Category: Thermal trigger only. Obstacles: Not automatically checked; inspect buildings, power lines, roads, railways, trees and fences manually. Airspace: Not automatically checked; manually review current aviation charts, NOTAMs, aerodromes and local procedures.</description><Point><coordinates>-1.4554780990351985,51.11458806542675,0</coordinates></Point></Placemark><Placemark><name>Unnamed face near SU 928 188</name><description>Marginal terrain candidate; Rank 263 terrain-only. Sustained 120–200 m slope 8.4°; relief 26 m; qualifying ridge at ≥8° 392 m; 23% of the broader face reaches 8° and 12% reaches 9.5°. Category: Marginal — inspect carefully. Obstacles: Not automatically checked; inspect buildings, power lines, roads, railways, trees and fences manually. Airspace: Not automatically checked; manually review current aviation charts, NOTAMs, aerodromes and local procedures.</description><Point><coordinates>-0.6810983265726359,50.96167580536365,0</coordinates></Point></Placemark><Placemark><name>Unnamed face near SU 801 251</name><description>Rejected terrain; Sustained 120–200 m slope 8.9°; relief 28 m; qualifying ridge at ≥8° 247 m; 37% of the broader face reaches 8° and 16% reaches 9.5°. Category: Rejected. Obstacles: Not automatically checked; inspect buildings, power lines, roads, railways, trees and fences manually. Airspace: Not automatically checked; manually review current aviation charts, NOTAMs, aerodromes and local procedures.</description><Point><coordinates>-0.8758324285795047,51.02343847811963,0</coordinates></Point></Placemark><Placemark><name>Unnamed face near SU 815 250</name><description>Rejected terrain; Sustained 120–200 m slope 10.0°; relief 31 m; qualifying ridge at ≥8° 205 m; 42% of the broader face reaches 8° and 22% reaches 9.5°. Category: Rejected. Obstacles: Not automatically checked; inspect buildings, power lines, roads, railways, trees and fences manually. Airspace: Not automatically checked; manually review current aviation charts, NOTAMs, aerodromes and local procedures.</description><Point><coordinates>-0.8203344485291364,51.019127309709276,0</coordinates></Point></Placemark><Placemark><name>Unnamed face near SU 787 408</name><description>Marginal terrain candidate; Rank 264 terrain-only. Sustained 120–200 m slope 8.0°; relief 25 m; qualifying ridge at ≥8° 735 m; 23% of the broader face reaches 8° and 0% reaches 9.5°. Category: Marginal — inspect carefully. Obstacles: Not automatically checked; inspect buildings, power lines, roads, railways, trees and fences manually. Airspace: Not automatically checked; manually review current aviation charts, NOTAMs, aerodromes and local procedures.</description><Point><coordinates>-0.8776023219942984,51.153617969874695,0</coordinates></Point></Placemark><Placemark><name>Unnamed face near SU 196 424</name><description>Marginal terrain candidate; Rank 265 terrain-only. Sustained 120–200 m slope 8.4°; relief 26 m; qualifying ridge at ≥8° 338 m; 33% of the broader face reaches 8° and 4% reaches 9.5°. Category: Marginal — inspect carefully. Obstacles: Not automatically checked; inspect buildings, power lines, roads, railways, trees and fences manually. Airspace: Not automatically checked; manually review current aviation charts, NOTAMs, aerodromes and local procedures.</description><Point><coordinates>-1.7125303047206992,51.19093707325446,0</coordinates></Point></Placemark><Placemark><name>Unnamed face near SU 813 798</name><description>Thermal-trigger terrain; Sustained 120–200 m slope 7.8°; relief 25 m; qualifying ridge at ≥8° 418 m; 19% of the broader face reaches 8° and 1% reaches 9.5°. Category: Thermal trigger only. Obstacles: Not automatically checked; inspect buildings, power lines, roads, railways, trees and fences manually. Airspace: Not automatically checked; manually review current aviation charts, NOTAMs, aerodromes and local procedures.</description><Point><coordinates>-0.8336166400590587,51.511220866726966,0</coordinates></Point></Placemark><Placemark><name>Unnamed face near SU 295 635</name><description>Thermal-trigger terrain; Sustained 120–200 m slope 7.8°; relief 26 m; qualifying ridge at ≥8° 1003 m; 25% of the broader face reaches 8° and 3% reaches 9.5°. Category: Thermal trigger only. Obstacles: Not automatically checked; inspect buildings, power lines, roads, railways, trees and fences manually. Airspace: Not automatically checked; manually review current aviation charts, NOTAMs, aerodromes and local procedures.</description><Point><coordinates>-1.5630817181240697,51.3628875026593,0</coordinates></Point></Placemark><Placemark><name>Unnamed face near SU 913 466</name><description>Marginal terrain candidate; Rank 266 terrain-only. Sustained 120–200 m slope 8.2°; relief 25 m; qualifying ridge at ≥8° 401 m; 26% of the broader face reaches 8° and 12% reaches 9.5°. Category: Marginal — inspect carefully. Obstacles: Not automatically checked; inspect buildings, power lines, roads, railways, trees and fences manually. Airspace: Not automatically checked; manually review current aviation charts, NOTAMs, aerodromes and local procedures.</description><Point><coordinates>-0.6955765936997584,51.21256877681514,0</coordinates></Point></Placemark><Placemark><name>Unnamed face near TQ 105 398</name><description>Thermal-trigger terrain; Sustained 120–200 m slope 7.7°; relief 23 m; qualifying ridge at ≥8° 471 m; 14% of the broader face reaches 8° and 0% reaches 9.5°. Category: Thermal trigger only. Obstacles: Not automatically checked; inspect buildings, power lines, roads, railways, trees and fences manually. Airspace: Not automatically checked; manually review current aviation charts, NOTAMs, aerodromes and local procedures.</description><Point><coordinates>-0.42144789173901726,51.14791622920998,0</coordinates></Point></Placemark><Placemark><name>Unnamed face near SU 969 421</name><description>Thermal-trigger terrain; Sustained 120–200 m slope 7.8°; relief 23 m; qualifying ridge at ≥8° 449 m; 34% of the broader face reaches 8° and 0% reaches 9.5°. Category: Thermal trigger only. Obstacles: Not automatically checked; inspect buildings, power lines, roads, railways, trees and fences manually. Airspace: Not automatically checked; manually review current aviation charts, NOTAMs, aerodromes and local procedures.</description><Point><coordinates>-0.6290542482157828,51.177213521528316,0</coordinates></Point></Placemark><Placemark><name>Unnamed face near SU 673 158</name><description>Thermal-trigger terrain; Sustained 120–200 m slope 8.1°; relief 28 m; qualifying ridge at ≥8° 478 m; 10% of the broader face reaches 8° and 1% reaches 9.5°. Category: Thermal trigger only. Obstacles: Not automatically checked; inspect buildings, power lines, roads, railways, trees and fences manually. Airspace: Not automatically checked; manually review current aviation charts, NOTAMs, aerodromes and local procedures.</description><Point><coordinates>-1.0439802588420173,50.936921862128216,0</coordinates></Point></Placemark><Placemark><name>Unnamed face near SU 197 252</name><description>Thermal-trigger terrain; Sustained 120–200 m slope 8.1°; relief 25 m; qualifying ridge at ≥8° 339 m; 14% of the broader face reaches 8° and 0% reaches 9.5°. Category: Thermal trigger only. Obstacles: Not automatically checked; inspect buildings, power lines, roads, railways, trees and fences manually. Airspace: Not automatically checked; manually review current aviation charts, NOTAMs, aerodromes and local procedures.</description><Point><coordinates>-1.7361772785284408,51.02454478926926,0</coordinates></Point></Placemark><Placemark><name>Unnamed face near SU 561 778</name><description>Marginal terrain candidate; Rank 267 terrain-only. Sustained 120–200 m slope 8.1°; relief 28 m; qualifying ridge at ≥8° 353 m; 29% of the broader face reaches 8° and 3% reaches 9.5°. Category: Marginal — inspect carefully. Obstacles: Not automatically checked; inspect buildings, power lines, roads, railways, trees and fences manually. Airspace: Not automatically checked; manually review current aviation charts, NOTAMs, aerodromes and local procedures.</description><Point><coordinates>-1.177872085170303,51.491295747158865,0</coordinates></Point></Placemark><Placemark><name>Unnamed face near SU 884 410</name><description>Thermal-trigger terrain; Sustained 120–200 m slope 7.7°; relief 24 m; qualifying ridge at ≥8° 681 m; 16% of the broader face reaches 8° and 0% reaches 9.5°. Category: Thermal trigger only. Obstacles: Not automatically checked; inspect buildings, power lines, roads, railways, trees and fences manually. Airspace: Not automatically checked; manually review current aviation charts, NOTAMs, aerodromes and local procedures.</description><Point><coordinates>-0.7378235659608788,51.16204853579631,0</coordinates></Point></Placemark><Placemark><name>Unnamed face near SU 485 258</name><description>Marginal terrain candidate; Rank 268 terrain-only. Sustained 120–200 m slope 8.9°; relief 28 m; qualifying ridge at ≥8° 322 m; 52% of the broader face reaches 8° and 24% reaches 9.5°. Category: Marginal — inspect carefully. Obstacles: Not automatically checked; inspect buildings, power lines, roads, railways, trees and fences manually. Airspace: Not automatically checked; manually review current aviation charts, NOTAMs, aerodromes and local procedures.</description><Point><coordinates>-1.3134764146816917,51.040661948087816,0</coordinates></Point></Placemark><Placemark><name>Unnamed face near SU 333 547</name><description>Thermal-trigger terrain; Sustained 120–200 m slope 7.6°; relief 26 m; qualifying ridge at ≥8° 692 m; 16% of the broader face reaches 8° and 5% reaches 9.5°. Category: Thermal trigger only. Obstacles: Not automatically checked; inspect buildings, power lines, roads, railways, trees and fences manually. Airspace: Not automatically checked; manually review current aviation charts, NOTAMs, aerodromes and local procedures.</description><Point><coordinates>-1.5158059670957624,51.29301008956945,0</coordinates></Point></Placemark><Placemark><name>Unnamed face near SU 733 137</name><description>Thermal-trigger terrain; Sustained 120–200 m slope 8.3°; relief 28 m; qualifying ridge at ≥8° 538 m; 15% of the broader face reaches 8° and 5% reaches 9.5°. Category: Thermal trigger only. Obstacles: Not automatically checked; inspect buildings, power lines, roads, railways, trees and fences manually. Airspace: Not automatically checked; manually review current aviation charts, NOTAMs, aerodromes and local procedures.</description><Point><coordinates>-0.9538699048402706,50.92619576385875,0</coordinates></Point></Placemark><Placemark><name>Unnamed face near SU 490 558</name><description>Thermal-trigger terrain; Sustained 120–200 m slope 7.8°; relief 26 m; qualifying ridge at ≥8° 540 m; 15% of the broader face reaches 8° and 0% reaches 9.5°. Category: Thermal trigger only. Obstacles: Not automatically checked; inspect buildings, power lines, roads, railways, trees and fences manually. Airspace: Not automatically checked; manually review current aviation charts, NOTAMs, aerodromes and local procedures.</description><Point><coordinates>-1.293585035918012,51.30022243387394,0</coordinates></Point></Placemark><Placemark><name>Unnamed face near SU 683 183</name><description>Thermal-trigger terrain; Sustained 120–200 m slope 8.7°; relief 31 m; qualifying ridge at ≥8° 274 m; 40% of the broader face reaches 8° and 24% reaches 9.5°. Category: Thermal trigger only. Obstacles: Not automatically checked; inspect buildings, power lines, roads, railways, trees and fences manually. Airspace: Not automatically checked; manually review current aviation charts, NOTAMs, aerodromes and local procedures.</description><Point><coordinates>-1.0316659427013706,50.97007712049861,0</coordinates></Point></Placemark><Placemark><name>Unnamed face near SU 929 234</name><description>Thermal-trigger terrain; Sustained 120–200 m slope 8.3°; relief 26 m; qualifying ridge at ≥8° 403 m; 18% of the broader face reaches 8° and 11% reaches 9.5°. Category: Thermal trigger only. Obstacles: Not automatically checked; inspect buildings, power lines, roads, railways, trees and fences manually. Airspace: Not automatically checked; manually review current aviation charts, NOTAMs, aerodromes and local procedures.</description><Point><coordinates>-0.6885927201650812,51.008996873194505,0</coordinates></Point></Placemark><Placemark><name>Unnamed face near SU 754 136</name><description>Rejected terrain; Sustained 120–200 m slope 8.7°; relief 31 m; qualifying ridge at ≥8° 275 m; 35% of the broader face reaches 8° and 19% reaches 9.5°. Category: Rejected. Obstacles: Not automatically checked; inspect buildings, power lines, roads, railways, trees and fences manually. Airspace: Not automatically checked; manually review current aviation charts, NOTAMs, aerodromes and local procedures.</description><Point><coordinates>-0.9125896344261519,50.922805550913345,0</coordinates></Point></Placemark><Placemark><name>Unnamed face near SU 521 312</name><description>Thermal-trigger terrain; Sustained 120–200 m slope 8.2°; relief 26 m; qualifying ridge at ≥8° 477 m; 18% of the broader face reaches 8° and 4% reaches 9.5°. Category: Thermal trigger only. Obstacles: Not automatically checked; inspect buildings, power lines, roads, railways, trees and fences manually. Airspace: Not automatically checked; manually review current aviation charts, NOTAMs, aerodromes and local procedures.</description><Point><coordinates>-1.252913964880673,51.0831816023409,0</coordinates></Point></Placemark><Placemark><name>Unnamed face near SU 506 567</name><description>Rejected terrain; Sustained 120–200 m slope 10.6°; relief 35 m; qualifying ridge at ≥8° 217 m; 66% of the broader face reaches 8° and 51% reaches 9.5°. Category: Rejected. Obstacles: Not automatically checked; inspect buildings, power lines, roads, railways, trees and fences manually. Airspace: Not automatically checked; manually review current aviation charts, NOTAMs, aerodromes and local procedures.</description><Point><coordinates>-1.2658843350634963,51.30758617463607,0</coordinates></Point></Placemark><Placemark><name>Unnamed face near SU 915 582</name><description>Thermal-trigger terrain; Sustained 120–200 m slope 7.9°; relief 24 m; qualifying ridge at ≥8° 359 m; 24% of the broader face reaches 8° and 0% reaches 9.5°. Category: Thermal trigger only. Obstacles: Not automatically checked; inspect buildings, power lines, roads, railways, trees and fences manually. Airspace: Not automatically checked; manually review current aviation charts, NOTAMs, aerodromes and local procedures.</description><Point><coordinates>-0.6935303773848452,51.30686719340055,0</coordinates></Point></Placemark><Placemark><name>Unnamed face near SU 974 101</name><description>Thermal-trigger terrain; Sustained 120–200 m slope 8.5°; relief 30 m; qualifying ridge at ≥8° 430 m; 14% of the broader face reaches 8° and 3% reaches 9.5°. Category: Thermal trigger only. Obstacles: Not automatically checked; inspect buildings, power lines, roads, railways, trees and fences manually. Airspace: Not automatically checked; manually review current aviation charts, NOTAMs, aerodromes and local procedures.</description><Point><coordinates>-0.6137109038165528,50.89074900020897,0</coordinates></Point></Placemark><Placemark><name>Unnamed face near SU 966 348</name><description>Thermal-trigger terrain; Sustained 120–200 m slope 8.2°; relief 25 m; qualifying ridge at ≥8° 287 m; 35% of the broader face reaches 8° and 6% reaches 9.5°. Category: Thermal trigger only. Obstacles: Not automatically checked; inspect buildings, power lines, roads, railways, trees and fences manually. Airspace: Not automatically checked; manually review current aviation charts, NOTAMs, aerodromes and local procedures.</description><Point><coordinates>-0.6353562991389973,51.1100477819585,0</coordinates></Point></Placemark><Placemark><name>Unnamed face near SU 902 236</name><description>Thermal-trigger terrain; Sustained 120–200 m slope 8.5°; relief 27 m; qualifying ridge at ≥8° 284 m; 15% of the broader face reaches 8° and 7% reaches 9.5°. Category: Thermal trigger only. Obstacles: Not automatically checked; inspect buildings, power lines, roads, railways, trees and fences manually. Airspace: Not automatically checked; manually review current aviation charts, NOTAMs, aerodromes and local procedures.</description><Point><coordinates>-0.7048229988786698,51.0008076208324,0</coordinates></Point></Placemark><Placemark><name>Unnamed face near SU 906 148</name><description>Thermal-trigger terrain; Sustained 120–200 m slope 8.4°; relief 29 m; qualifying ridge at ≥8° 572 m; 6% of the broader face reaches 8° and 3% reaches 9.5°. Category: Thermal trigger only. Obstacles: Not automatically checked; inspect buildings, power lines, roads, railways, trees and fences manually. Airspace: Not automatically checked; manually review current aviation charts, NOTAMs, aerodromes and local procedures.</description><Point><coordinates>-0.7170391115809055,50.92252659997005,0</coordinates></Point></Placemark><Placemark><name>Unnamed face near SU 536 579</name><description>Thermal-trigger terrain; Sustained 120–200 m slope 8.3°; relief 25 m; qualifying ridge at ≥8° 450 m; 18% of the broader face reaches 8° and 2% reaches 9.5°. Category: Thermal trigger only. Obstacles: Not automatically checked; inspect buildings, power lines, roads, railways, trees and fences manually. Airspace: Not automatically checked; manually review current aviation charts, NOTAMs, aerodromes and local procedures.</description><Point><coordinates>-1.2455840273574985,51.32101720228677,0</coordinates></Point></Placemark><Placemark><name>Unnamed face near SU 279 343</name><description>Thermal-trigger terrain; Sustained 120–200 m slope 7.7°; relief 25 m; qualifying ridge at ≥8° 319 m; 16% of the broader face reaches 8° and 0% reaches 9.5°. Category: Thermal trigger only. Obstacles: Not automatically checked; inspect buildings, power lines, roads, railways, trees and fences manually. Airspace: Not automatically checked; manually review current aviation charts, NOTAMs, aerodromes and local procedures.</description><Point><coordinates>-1.6107895365970637,51.10467266612502,0</coordinates></Point></Placemark><Placemark><name>Unnamed face near SU 401 739</name><description>Thermal-trigger terrain; Sustained 120–200 m slope 8.3°; relief 27 m; qualifying ridge at ≥8° 406 m; 16% of the broader face reaches 8° and 5% reaches 9.5°. Category: Thermal trigger only. Obstacles: Not automatically checked; inspect buildings, power lines, roads, railways, trees and fences manually. Airspace: Not automatically checked; manually review current aviation charts, NOTAMs, aerodromes and local procedures.</description><Point><coordinates>-1.4234857542652073,51.46421867539011,0</coordinates></Point></Placemark><Placemark><name>Unnamed face near SU 252 475</name><description>Thermal-trigger terrain; Sustained 120–200 m slope 7.4°; relief 24 m; qualifying ridge at ≥8° 401 m; 11% of the broader face reaches 8° and 1% reaches 9.5°. Category: Thermal trigger only. Obstacles: Not automatically checked; inspect buildings, power lines, roads, railways, trees and fences manually. Airspace: Not automatically checked; manually review current aviation charts, NOTAMs, aerodromes and local procedures.</description><Point><coordinates>-1.638044982589137,51.227411015435436,0</coordinates></Point></Placemark><Placemark><name>Unnamed face near SU 788 291</name><description>Thermal-trigger terrain; Sustained 120–200 m slope 8.2°; relief 25 m; qualifying ridge at ≥8° 355 m; 14% of the broader face reaches 8° and 4% reaches 9.5°. Category: Thermal trigger only. Obstacles: Not automatically checked; inspect buildings, power lines, roads, railways, trees and fences manually. Airspace: Not automatically checked; manually review current aviation charts, NOTAMs, aerodromes and local procedures.</description><Point><coordinates>-0.8769025865707085,51.0568991627655,0</coordinates></Point></Placemark><Placemark><name>Unnamed face near TQ 096 516</name><description>Thermal-trigger terrain; Sustained 120–200 m slope 7.8°; relief 25 m; qualifying ridge at ≥8° 535 m; 17% of the broader face reaches 8° and 1% reaches 9.5°. Category: Thermal trigger only. Obstacles: Not automatically checked; inspect buildings, power lines, roads, railways, trees and fences manually. Airspace: Not automatically checked; manually review current aviation charts, NOTAMs, aerodromes and local procedures.</description><Point><coordinates>-0.4359308490905933,51.25042368990476,0</coordinates></Point></Placemark><Placemark><name>Unnamed face near SU 224 485</name><description>Thermal-trigger terrain; Sustained 120–200 m slope 7.9°; relief 26 m; qualifying ridge at ≥8° 266 m; 17% of the broader face reaches 8° and 8% reaches 9.5°. Category: Thermal trigger only. Obstacles: Not automatically checked; inspect buildings, power lines, roads, railways, trees and fences manually. Airspace: Not automatically checked; manually review current aviation charts, NOTAMs, aerodromes and local procedures.</description><Point><coordinates>-1.6799955092249985,51.23696837395509,0</coordinates></Point></Placemark><Placemark><name>Unnamed face near SU 866 152</name><description>Marginal terrain candidate; Rank 269 terrain-only. Sustained 120–200 m slope 8.3°; relief 28 m; qualifying ridge at ≥8° 339 m; 21% of the broader face reaches 8° and 5% reaches 9.5°. Category: Marginal — inspect carefully. Obstacles: Not automatically checked; inspect buildings, power lines, roads, railways, trees and fences manually. Airspace: Not automatically checked; manually review current aviation charts, NOTAMs, aerodromes and local procedures.</description><Point><coordinates>-0.7643429539646165,50.9197449058229,0</coordinates></Point></Placemark><Placemark><name>Unnamed face near SU 972 242</name><description>Thermal-trigger terrain; Sustained 120–200 m slope 7.9°; relief 23 m; qualifying ridge at ≥8° 423 m; 18% of the broader face reaches 8° and 0% reaches 9.5°. Category: Thermal trigger only. Obstacles: Not automatically checked; inspect buildings, power lines, roads, railways, trees and fences manually. Airspace: Not automatically checked; manually review current aviation charts, NOTAMs, aerodromes and local procedures.</description><Point><coordinates>-0.6153642748643438,51.01079730837983,0</coordinates></Point></Placemark><Placemark><name>Unnamed face near SZ 603 880</name><description>Rejected terrain; Sustained 120–200 m slope 7.7°; relief 25 m; qualifying ridge at ≥8° 618 m; 53% of the broader face reaches 8° and 39% reaches 9.5°. Category: Rejected. Obstacles: Not automatically checked; inspect buildings, power lines, roads, railways, trees and fences manually. Airspace: Not automatically checked; manually review current aviation charts, NOTAMs, aerodromes and local procedures.</description><Point><coordinates>-1.1510211496197156,50.677698129268656,0</coordinates></Point></Placemark><Placemark><name>Unnamed face near SU 951 651</name><description>Thermal-trigger terrain; Sustained 120–200 m slope 7.9°; relief 24 m; qualifying ridge at ≥8° 259 m; 24% of the broader face reaches 8° and 5% reaches 9.5°. Category: Thermal trigger only. Obstacles: Not automatically checked; inspect buildings, power lines, roads, railways, trees and fences manually. Airspace: Not automatically checked; manually review current aviation charts, NOTAMs, aerodromes and local procedures.</description><Point><coordinates>-0.6422947592260257,51.3742246528847,0</coordinates></Point></Placemark><Placemark><name>Unnamed face near TQ 054 089</name><description>Thermal-trigger terrain; Sustained 120–200 m slope 7.6°; relief 26 m; qualifying ridge at ≥8° 467 m; 11% of the broader face reaches 8° and 1% reaches 9.5°. Category: Thermal trigger only. Obstacles: Not automatically checked; inspect buildings, power lines, roads, railways, trees and fences manually. Airspace: Not automatically checked; manually review current aviation charts, NOTAMs, aerodromes and local procedures.</description><Point><coordinates>-0.5039877892082514,50.87016148884177,0</coordinates></Point></Placemark><Placemark><name>Unnamed face near SU 655 723</name><description>Thermal-trigger terrain; Sustained 120–200 m slope 8.3°; relief 26 m; qualifying ridge at ≥8° 285 m; 26% of the broader face reaches 8° and 8% reaches 9.5°. Category: Thermal trigger only. Obstacles: Not automatically checked; inspect buildings, power lines, roads, railways, trees and fences manually. Airspace: Not automatically checked; manually review current aviation charts, NOTAMs, aerodromes and local procedures.</description><Point><coordinates>-1.0623087972620047,51.44920317597483,0</coordinates></Point></Placemark><Placemark><name>Unnamed face near SU 261 347</name><description>Marginal terrain candidate; Rank 270 terrain-only. Sustained 120–200 m slope 8.3°; relief 29 m; qualifying ridge at ≥8° 382 m; 32% of the broader face reaches 8° and 19% reaches 9.5°. Category: Marginal — inspect carefully. Obstacles: Not automatically checked; inspect buildings, power lines, roads, railways, trees and fences manually. Airspace: Not automatically checked; manually review current aviation charts, NOTAMs, aerodromes and local procedures.</description><Point><coordinates>-1.6279020851206132,51.112790163553676,0</coordinates></Point></Placemark><Placemark><name>Unnamed face near SU 529 709</name><description>Thermal-trigger terrain; Sustained 120–200 m slope 7.7°; relief 23 m; qualifying ridge at ≥8° 324 m; 13% of the broader face reaches 8° and 0% reaches 9.5°. Category: Thermal trigger only. Obstacles: Not automatically checked; inspect buildings, power lines, roads, railways, trees and fences manually. Airspace: Not automatically checked; manually review current aviation charts, NOTAMs, aerodromes and local procedures.</description><Point><coordinates>-1.2405867503777868,51.43566500872303,0</coordinates></Point></Placemark><Placemark><name>Unnamed face near SU 312 228</name><description>Thermal-trigger terrain; Sustained 120–200 m slope 7.9°; relief 25 m; qualifying ridge at ≥8° 247 m; 22% of the broader face reaches 8° and 0% reaches 9.5°. Category: Thermal trigger only. Obstacles: Not automatically checked; inspect buildings, power lines, roads, railways, trees and fences manually. Airspace: Not automatically checked; manually review current aviation charts, NOTAMs, aerodromes and local procedures.</description><Point><coordinates>-1.555316526522949,51.00533638318665,0</coordinates></Point></Placemark><Placemark><name>Unnamed face near SU 652 191</name><description>Thermal-trigger terrain; Sustained 120–200 m slope 7.7°; relief 25 m; qualifying ridge at ≥8° 336 m; 12% of the broader face reaches 8° and 0% reaches 9.5°. Category: Thermal trigger only. Obstacles: Not automatically checked; inspect buildings, power lines, roads, railways, trees and fences manually. Airspace: Not automatically checked; manually review current aviation charts, NOTAMs, aerodromes and local procedures.</description><Point><coordinates>-1.0707093880389806,50.969007267912914,0</coordinates></Point></Placemark><Placemark><name>Unnamed face near SU 577 330</name><description>Thermal-trigger terrain; Sustained 120–200 m slope 8.1°; relief 25 m; qualifying ridge at ≥8° 387 m; 10% of the broader face reaches 8° and 3% reaches 9.5°. Category: Thermal trigger only. Obstacles: Not automatically checked; inspect buildings, power lines, roads, railways, trees and fences manually. Airspace: Not automatically checked; manually review current aviation charts, NOTAMs, aerodromes and local procedures.</description><Point><coordinates>-1.1781768304218518,51.09399605865105,0</coordinates></Point></Placemark><Placemark><name>Unnamed face near TQ 115 516</name><description>Thermal-trigger terrain; Sustained 120–200 m slope 7.6°; relief 24 m; qualifying ridge at ≥8° 779 m; 15% of the broader face reaches 8° and 0% reaches 9.5°. Category: Thermal trigger only. Obstacles: Not automatically checked; inspect buildings, power lines, roads, railways, trees and fences manually. Airspace: Not automatically checked; manually review current aviation charts, NOTAMs, aerodromes and local procedures.</description><Point><coordinates>-0.3917391092558857,51.255245547951105,0</coordinates></Point></Placemark><Placemark><name>Unnamed face near SU 435 704</name><description>Thermal-trigger terrain; Sustained 120–200 m slope 7.8°; relief 24 m; qualifying ridge at ≥8° 437 m; 17% of the broader face reaches 8° and 1% reaches 9.5°. Category: Thermal trigger only. Obstacles: Not automatically checked; inspect buildings, power lines, roads, railways, trees and fences manually. Airspace: Not automatically checked; manually review current aviation charts, NOTAMs, aerodromes and local procedures.</description><Point><coordinates>-1.3668818227189914,51.43820701582472,0</coordinates></Point></Placemark><Placemark><name>Unnamed face near SU 287 610</name><description>Thermal-trigger terrain; Sustained 120–200 m slope 7.8°; relief 24 m; qualifying ridge at ≥8° 457 m; 14% of the broader face reaches 8° and 0% reaches 9.5°. Category: Thermal trigger only. Obstacles: Not automatically checked; inspect buildings, power lines, roads, railways, trees and fences manually. Airspace: Not automatically checked; manually review current aviation charts, NOTAMs, aerodromes and local procedures.</description><Point><coordinates>-1.5873745850830925,51.34764452372479,0</coordinates></Point></Placemark><Placemark><name>Unnamed face near SU 883 221</name><description>Thermal-trigger terrain; Sustained 120–200 m slope 8.0°; relief 24 m; qualifying ridge at ≥8° 337 m; 12% of the broader face reaches 8° and 0% reaches 9.5°. Category: Thermal trigger only. Obstacles: Not automatically checked; inspect buildings, power lines, roads, railways, trees and fences manually. Airspace: Not automatically checked; manually review current aviation charts, NOTAMs, aerodromes and local procedures.</description><Point><coordinates>-0.7469294426365763,51.00145584957845,0</coordinates></Point></Placemark><Placemark><name>Unnamed face near SU 289 542</name><description>Thermal-trigger terrain; Sustained 120–200 m slope 8.3°; relief 28 m; qualifying ridge at ≥8° 396 m; 8% of the broader face reaches 8° and 2% reaches 9.5°. Category: Thermal trigger only. Obstacles: Not automatically checked; inspect buildings, power lines, roads, railways, trees and fences manually. Airspace: Not automatically checked; manually review current aviation charts, NOTAMs, aerodromes and local procedures.</description><Point><coordinates>-1.5751023766460184,51.29313300617056,0</coordinates></Point></Placemark><Placemark><name>Unnamed face near SU 986 440</name><description>Marginal terrain candidate; Rank 271 terrain-only. Sustained 120–200 m slope 8.9°; relief 28 m; qualifying ridge at ≥8° 307 m; 40% of the broader face reaches 8° and 25% reaches 9.5°. Category: Marginal — inspect carefully. Obstacles: Not automatically checked; inspect buildings, power lines, roads, railways, trees and fences manually. Airspace: Not automatically checked; manually review current aviation charts, NOTAMs, aerodromes and local procedures.</description><Point><coordinates>-0.5977381742966618,51.18515906905132,0</coordinates></Point></Placemark><Placemark><name>Unnamed face near SU 950 098</name><description>Thermal-trigger terrain; Sustained 120–200 m slope 7.4°; relief 25 m; qualifying ridge at ≥8° 334 m; 11% of the broader face reaches 8° and 4% reaches 9.5°. Category: Thermal trigger only. Obstacles: Not automatically checked; inspect buildings, power lines, roads, railways, trees and fences manually. Airspace: Not automatically checked; manually review current aviation charts, NOTAMs, aerodromes and local procedures.</description><Point><coordinates>-0.6485359509361859,50.879760695170724,0</coordinates></Point></Placemark><Placemark><name>Unnamed face near SU 282 528</name><description>Thermal-trigger terrain; Sustained 120–200 m slope 7.5°; relief 26 m; qualifying ridge at ≥8° 519 m; 12% of the broader face reaches 8° and 0% reaches 9.5°. Category: Thermal trigger only. Obstacles: Not automatically checked; inspect buildings, power lines, roads, railways, trees and fences manually. Airspace: Not automatically checked; manually review current aviation charts, NOTAMs, aerodromes and local procedures.</description><Point><coordinates>-1.5945757878034448,51.28201682181077,0</coordinates></Point></Placemark><Placemark><name>Unnamed face near SU 346 348</name><description>Thermal-trigger terrain; Sustained 120–200 m slope 7.8°; relief 26 m; qualifying ridge at ≥8° 497 m; 7% of the broader face reaches 8° and 0% reaches 9.5°. Category: Thermal trigger only. Obstacles: Not automatically checked; inspect buildings, power lines, roads, railways, trees and fences manually. Airspace: Not automatically checked; manually review current aviation charts, NOTAMs, aerodromes and local procedures.</description><Point><coordinates>-1.5133875480235979,51.111865105387196,0</coordinates></Point></Placemark><Placemark><name>Chawton Park</name><description>Thermal-trigger terrain; Sustained 120–200 m slope 7.5°; relief 25 m; qualifying ridge at ≥8° 510 m; 9% of the broader face reaches 8° and 0% reaches 9.5°. Category: Thermal trigger only. Obstacles: Not automatically checked; inspect buildings, power lines, roads, railways, trees and fences manually. Airspace: Not automatically checked; manually review current aviation charts, NOTAMs, aerodromes and local procedures.</description><Point><coordinates>-1.0129497748916536,51.1332733552438,0</coordinates></Point></Placemark><Placemark><name>Unnamed face near SU 369 580</name><description>Thermal-trigger terrain; Sustained 120–200 m slope 8.2°; relief 28 m; qualifying ridge at ≥8° 300 m; 33% of the broader face reaches 8° and 11% reaches 9.5°. Category: Thermal trigger only. Obstacles: Not automatically checked; inspect buildings, power lines, roads, railways, trees and fences manually. Airspace: Not automatically checked; manually review current aviation charts, NOTAMs, aerodromes and local procedures.</description><Point><coordinates>-1.4635086347803683,51.31397616690156,0</coordinates></Point></Placemark><Placemark><name>Unnamed face near SU 375 290</name><description>Thermal-trigger terrain; Sustained 120–200 m slope 7.8°; relief 24 m; qualifying ridge at ≥8° 606 m; 15% of the broader face reaches 8° and 0% reaches 9.5°. Category: Thermal trigger only. Obstacles: Not automatically checked; inspect buildings, power lines, roads, railways, trees and fences manually. Airspace: Not automatically checked; manually review current aviation charts, NOTAMs, aerodromes and local procedures.</description><Point><coordinates>-1.4672259243160906,51.060399100701446,0</coordinates></Point></Placemark><Placemark><name>Unnamed face near TQ 003 189</name><description>Rejected terrain; Sustained 120–200 m slope 8.5°; relief 26 m; qualifying ridge at ≥8° 192 m; 21% of the broader face reaches 8° and 9% reaches 9.5°. Category: Rejected. Obstacles: Not automatically checked; inspect buildings, power lines, roads, railways, trees and fences manually. Airspace: Not automatically checked; manually review current aviation charts, NOTAMs, aerodromes and local procedures.</description><Point><coordinates>-0.5698938757522235,50.96278712571393,0</coordinates></Point></Placemark><Placemark><name>Unnamed face near SU 639 136</name><description>Thermal-trigger terrain; Sustained 120–200 m slope 7.8°; relief 26 m; qualifying ridge at ≥8° 591 m; 10% of the broader face reaches 8° and 0% reaches 9.5°. Category: Thermal trigger only. Obstacles: Not automatically checked; inspect buildings, power lines, roads, railways, trees and fences manually. Airspace: Not automatically checked; manually review current aviation charts, NOTAMs, aerodromes and local procedures.</description><Point><coordinates>-1.0924391270562548,50.92814942239816,0</coordinates></Point></Placemark><Placemark><name>Unnamed face near SU 212 442</name><description>Thermal-trigger terrain; Sustained 120–200 m slope 8.1°; relief 28 m; qualifying ridge at ≥8° 381 m; 14% of the broader face reaches 8° and 5% reaches 9.5°. Category: Thermal trigger only. Obstacles: Not automatically checked; inspect buildings, power lines, roads, railways, trees and fences manually. Airspace: Not automatically checked; manually review current aviation charts, NOTAMs, aerodromes and local procedures.</description><Point><coordinates>-1.6965878005825052,51.19849015448053,0</coordinates></Point></Placemark><Placemark><name>Unnamed face near SU 795 461</name><description>Marginal terrain candidate; Rank 272 terrain-only. Sustained 120–200 m slope 8.4°; relief 26 m; qualifying ridge at ≥8° 303 m; 22% of the broader face reaches 8° and 0% reaches 9.5°. Category: Marginal — inspect carefully. Obstacles: Not automatically checked; inspect buildings, power lines, roads, railways, trees and fences manually. Airspace: Not automatically checked; manually review current aviation charts, NOTAMs, aerodromes and local procedures.</description><Point><coordinates>-0.8778034540392414,51.20397452441401,0</coordinates></Point></Placemark><Placemark><name>Unnamed face near SU 687 257</name><description>Thermal-trigger terrain; Sustained 120–200 m slope 8.2°; relief 26 m; qualifying ridge at ≥8° 369 m; 15% of the broader face reaches 8° and 3% reaches 9.5°. Category: Thermal trigger only. Obstacles: Not automatically checked; inspect buildings, power lines, roads, railways, trees and fences manually. Airspace: Not automatically checked; manually review current aviation charts, NOTAMs, aerodromes and local procedures.</description><Point><coordinates>-1.0305613351310259,51.03570825157534,0</coordinates></Point></Placemark><Placemark><name>Neatham Down</name><description>Thermal-trigger terrain; Sustained 120–200 m slope 7.6°; relief 24 m; qualifying ridge at ≥8° 459 m; 12% of the broader face reaches 8° and 0% reaches 9.5°. Category: Thermal trigger only. Obstacles: Not automatically checked; inspect buildings, power lines, roads, railways, trees and fences manually. Airspace: Not automatically checked; manually review current aviation charts, NOTAMs, aerodromes and local procedures.</description><Point><coordinates>-0.9669742860614038,51.14184655813865,0</coordinates></Point></Placemark><Placemark><name>Unnamed face near SU 560 197</name><description>Thermal-trigger terrain; Sustained 120–200 m slope 8.2°; relief 28 m; qualifying ridge at ≥8° 290 m; 33% of the broader face reaches 8° and 8% reaches 9.5°. Category: Thermal trigger only. Obstacles: Not automatically checked; inspect buildings, power lines, roads, railways, trees and fences manually. Airspace: Not automatically checked; manually review current aviation charts, NOTAMs, aerodromes and local procedures.</description><Point><coordinates>-1.202880441785909,50.98141664012782,0</coordinates></Point></Placemark><Placemark><name>Unnamed face near TQ 102 461</name><description>Thermal-trigger terrain; Sustained 120–200 m slope 8.1°; relief 24 m; qualifying ridge at ≥8° 287 m; 26% of the broader face reaches 8° and 7% reaches 9.5°. Category: Thermal trigger only. Obstacles: Not automatically checked; inspect buildings, power lines, roads, railways, trees and fences manually. Airspace: Not automatically checked; manually review current aviation charts, NOTAMs, aerodromes and local procedures.</description><Point><coordinates>-0.4130116618473614,51.197558316591035,0</coordinates></Point></Placemark><Placemark><name>Unnamed face near SU 508 690</name><description>Thermal-trigger terrain; Sustained 120–200 m slope 7.8°; relief 24 m; qualifying ridge at ≥8° 219 m; 18% of the broader face reaches 8° and 1% reaches 9.5°. Category: Thermal trigger only. Obstacles: Not automatically checked; inspect buildings, power lines, roads, railways, trees and fences manually. Airspace: Not automatically checked; manually review current aviation charts, NOTAMs, aerodromes and local procedures.</description><Point><coordinates>-1.2717227479194877,51.41797560821352,0</coordinates></Point></Placemark><Placemark><name>Unnamed face near SU 553 724</name><description>Thermal-trigger terrain; Sustained 120–200 m slope 7.7°; relief 23 m; qualifying ridge at ≥8° 377 m; 11% of the broader face reaches 8° and 0% reaches 9.5°. Category: Thermal trigger only. Obstacles: Not automatically checked; inspect buildings, power lines, roads, railways, trees and fences manually. Airspace: Not automatically checked; manually review current aviation charts, NOTAMs, aerodromes and local procedures.</description><Point><coordinates>-1.2063332006030503,51.44875774021985,0</coordinates></Point></Placemark><Placemark><name>Unnamed face near SU 540 201</name><description>Thermal-trigger terrain; Sustained 120–200 m slope 7.7°; relief 26 m; qualifying ridge at ≥8° 478 m; 10% of the broader face reaches 8° and 0% reaches 9.5°. Category: Thermal trigger only. Obstacles: Not automatically checked; inspect buildings, power lines, roads, railways, trees and fences manually. Airspace: Not automatically checked; manually review current aviation charts, NOTAMs, aerodromes and local procedures.</description><Point><coordinates>-1.2260587177081173,50.986151540923494,0</coordinates></Point></Placemark><Placemark><name>Unnamed face near SU 249 441</name><description>Thermal-trigger terrain; Sustained 120–200 m slope 9.1°; relief 31 m; qualifying ridge at ≥8° 322 m; 15% of the broader face reaches 8° and 9% reaches 9.5°. Category: Thermal trigger only. Obstacles: Not automatically checked; inspect buildings, power lines, roads, railways, trees and fences manually. Airspace: Not automatically checked; manually review current aviation charts, NOTAMs, aerodromes and local procedures.</description><Point><coordinates>-1.6506857746676176,51.20624843106491,0</coordinates></Point></Placemark><Placemark><name>Unnamed face near TQ 077 342</name><description>Thermal-trigger terrain; Sustained 120–200 m slope 7.6°; relief 23 m; qualifying ridge at ≥8° 273 m; 12% of the broader face reaches 8° and 1% reaches 9.5°. Category: Thermal trigger only. Obstacles: Not automatically checked; inspect buildings, power lines, roads, railways, trees and fences manually. Airspace: Not automatically checked; manually review current aviation charts, NOTAMs, aerodromes and local procedures.</description><Point><coordinates>-0.4627447633096814,51.09775082556155,0</coordinates></Point></Placemark><Placemark><name>Unnamed face near SU 908 522</name><description>Thermal-trigger terrain; Sustained 120–200 m slope 9.0°; relief 28 m; qualifying ridge at ≥8° 284 m; 27% of the broader face reaches 8° and 15% reaches 9.5°. Category: Thermal trigger only. Obstacles: Not automatically checked; inspect buildings, power lines, roads, railways, trees and fences manually. Airspace: Not automatically checked; manually review current aviation charts, NOTAMs, aerodromes and local procedures.</description><Point><coordinates>-0.6877638313753947,51.270245611485635,0</coordinates></Point></Placemark><Placemark><name>Unnamed face near SU 771 166</name><description>Thermal-trigger terrain; Sustained 120–200 m slope 7.7°; relief 27 m; qualifying ridge at ≥8° 448 m; 8% of the broader face reaches 8° and 2% reaches 9.5°. Category: Thermal trigger only. Obstacles: Not automatically checked; inspect buildings, power lines, roads, railways, trees and fences manually. Airspace: Not automatically checked; manually review current aviation charts, NOTAMs, aerodromes and local procedures.</description><Point><coordinates>-0.8984337751109359,50.94956434235892,0</coordinates></Point></Placemark><Placemark><name>Unnamed face near SU 899 159</name><description>Thermal-trigger terrain; Sustained 120–200 m slope 8.9°; relief 31 m; qualifying ridge at ≥8° 286 m; 46% of the broader face reaches 8° and 26% reaches 9.5°. Category: Thermal trigger only. Obstacles: Not automatically checked; inspect buildings, power lines, roads, railways, trees and fences manually. Airspace: Not automatically checked; manually review current aviation charts, NOTAMs, aerodromes and local procedures.</description><Point><coordinates>-0.7098750614621275,50.944218344628716,0</coordinates></Point></Placemark><Placemark><name>Unnamed face near TQ 060 337</name><description>Thermal-trigger terrain; Sustained 120–200 m slope 8.0°; relief 24 m; qualifying ridge at ≥8° 338 m; 18% of the broader face reaches 8° and 2% reaches 9.5°. Category: Thermal trigger only. Obstacles: Not automatically checked; inspect buildings, power lines, roads, railways, trees and fences manually. Airspace: Not automatically checked; manually review current aviation charts, NOTAMs, aerodromes and local procedures.</description><Point><coordinates>-0.4876260221851129,51.09387062581599,0</coordinates></Point></Placemark><Placemark><name>Bentworth slopes</name><description>Thermal-trigger terrain; Sustained 120–200 m slope 7.3°; relief 24 m; qualifying ridge at ≥8° 514 m; 4% of the broader face reaches 8° and 0% reaches 9.5°. Category: Thermal trigger only. Obstacles: Not automatically checked; inspect buildings, power lines, roads, railways, trees and fences manually. Airspace: Not automatically checked; manually review current aviation charts, NOTAMs, aerodromes and local procedures.</description><Point><coordinates>-1.0334316895963656,51.1600967889414,0</coordinates></Point></Placemark><Placemark><name>Unnamed face near SU 401 308</name><description>Thermal-trigger terrain; Sustained 120–200 m slope 7.8°; relief 24 m; qualifying ridge at ≥8° 450 m; 15% of the broader face reaches 8° and 0% reaches 9.5°. Category: Thermal trigger only. Obstacles: Not automatically checked; inspect buildings, power lines, roads, railways, trees and fences manually. Airspace: Not automatically checked; manually review current aviation charts, NOTAMs, aerodromes and local procedures.</description><Point><coordinates>-1.4180374185199338,51.081038539284734,0</coordinates></Point></Placemark><Placemark><name>Unnamed face near SU 886 163</name><description>Thermal-trigger terrain; Sustained 120–200 m slope 8.1°; relief 28 m; qualifying ridge at ≥8° 382 m; 8% of the broader face reaches 8° and 3% reaches 9.5°. Category: Thermal trigger only. Obstacles: Not automatically checked; inspect buildings, power lines, roads, railways, trees and fences manually. Airspace: Not automatically checked; manually review current aviation charts, NOTAMs, aerodromes and local procedures.</description><Point><coordinates>-0.7413297404389889,50.94132670708528,0</coordinates></Point></Placemark><Placemark><name>Unnamed face near SU 587 762</name><description>Thermal-trigger terrain; Sustained 120–200 m slope 7.7°; relief 27 m; qualifying ridge at ≥8° 341 m; 20% of the broader face reaches 8° and 8% reaches 9.5°. Category: Thermal trigger only. Obstacles: Not automatically checked; inspect buildings, power lines, roads, railways, trees and fences manually. Airspace: Not automatically checked; manually review current aviation charts, NOTAMs, aerodromes and local procedures.</description><Point><coordinates>-1.1683476603520706,51.48419786101621,0</coordinates></Point></Placemark><Placemark><name>Unnamed face near SU 912 603</name><description>Rejected terrain; Sustained 120–200 m slope 8.7°; relief 27 m; qualifying ridge at ≥8° 226 m; 28% of the broader face reaches 8° and 15% reaches 9.5°. Category: Rejected. Obstacles: Not automatically checked; inspect buildings, power lines, roads, railways, trees and fences manually. Airspace: Not automatically checked; manually review current aviation charts, NOTAMs, aerodromes and local procedures.</description><Point><coordinates>-0.6936686488744916,51.34062500836704,0</coordinates></Point></Placemark><Placemark><name>Unnamed face near TQ 017 161</name><description>Thermal-trigger terrain; Sustained 120–200 m slope 8.4°; relief 25 m; qualifying ridge at ≥8° 213 m; 29% of the broader face reaches 8° and 5% reaches 9.5°. Category: Thermal trigger only. Obstacles: Not automatically checked; inspect buildings, power lines, roads, railways, trees and fences manually. Airspace: Not automatically checked; manually review current aviation charts, NOTAMs, aerodromes and local procedures.</description><Point><coordinates>-0.5526182020441217,50.93652706397373,0</coordinates></Point></Placemark><Placemark><name>Unnamed face near SU 364 534</name><description>Thermal-trigger terrain; Sustained 120–200 m slope 7.2°; relief 25 m; qualifying ridge at ≥8° 428 m; 17% of the broader face reaches 8° and 3% reaches 9.5°. Category: Thermal trigger only. Obstacles: Not automatically checked; inspect buildings, power lines, roads, railways, trees and fences manually. Airspace: Not automatically checked; manually review current aviation charts, NOTAMs, aerodromes and local procedures.</description><Point><coordinates>-1.4795559638779292,51.27963052708791,0</coordinates></Point></Placemark><Placemark><name>Unnamed face near SU 766 145</name><description>Rejected terrain; Sustained 120–200 m slope 8.5°; relief 29 m; qualifying ridge at ≥8° 212 m; 31% of the broader face reaches 8° and 14% reaches 9.5°. Category: Rejected. Obstacles: Not automatically checked; inspect buildings, power lines, roads, railways, trees and fences manually. Airspace: Not automatically checked; manually review current aviation charts, NOTAMs, aerodromes and local procedures.</description><Point><coordinates>-0.9085481345977084,50.917700872259694,0</coordinates></Point></Placemark><Placemark><name>Unnamed face near SU 924 115</name><description>Thermal-trigger terrain; Sustained 120–200 m slope 7.5°; relief 26 m; qualifying ridge at ≥8° 356 m; 3% of the broader face reaches 8° and 0% reaches 9.5°. Category: Thermal trigger only. Obstacles: Not automatically checked; inspect buildings, power lines, roads, railways, trees and fences manually. Airspace: Not automatically checked; manually review current aviation charts, NOTAMs, aerodromes and local procedures.</description><Point><coordinates>-0.6986252635176168,50.89521611720789,0</coordinates></Point></Placemark><Placemark><name>Unnamed face near SU 421 507</name><description>Thermal-trigger terrain; Sustained 120–200 m slope 7.7°; relief 25 m; qualifying ridge at ≥8° 424 m; 7% of the broader face reaches 8° and 0% reaches 9.5°. Category: Thermal trigger only. Obstacles: Not automatically checked; inspect buildings, power lines, roads, railways, trees and fences manually. Airspace: Not automatically checked; manually review current aviation charts, NOTAMs, aerodromes and local procedures.</description><Point><coordinates>-1.3980361734093563,51.25472264688162,0</coordinates></Point></Placemark><Placemark><name>Unnamed face near SU 928 441</name><description>Thermal-trigger terrain; Sustained 120–200 m slope 8.5°; relief 27 m; qualifying ridge at ≥8° 235 m; 12% of the broader face reaches 8° and 5% reaches 9.5°. Category: Thermal trigger only. Obstacles: Not automatically checked; inspect buildings, power lines, roads, railways, trees and fences manually. Airspace: Not automatically checked; manually review current aviation charts, NOTAMs, aerodromes and local procedures.</description><Point><coordinates>-0.6768862702940499,51.190788655773346,0</coordinates></Point></Placemark><Placemark><name>Unnamed face near SU 272 094</name><description>Thermal-trigger terrain; Sustained 120–200 m slope 8.0°; relief 25 m; qualifying ridge at ≥8° 284 m; 15% of the broader face reaches 8° and 0% reaches 9.5°. Category: Thermal trigger only. Obstacles: Not automatically checked; inspect buildings, power lines, roads, railways, trees and fences manually. Airspace: Not automatically checked; manually review current aviation charts, NOTAMs, aerodromes and local procedures.</description><Point><coordinates>-1.6151892395953338,50.87769433931995,0</coordinates></Point></Placemark><Placemark><name>Unnamed face near SU 547 103</name><description>Thermal-trigger terrain; Sustained 120–200 m slope 7.7°; relief 23 m; qualifying ridge at ≥8° 258 m; 8% of the broader face reaches 8° and 1% reaches 9.5°. Category: Thermal trigger only. Obstacles: Not automatically checked; inspect buildings, power lines, roads, railways, trees and fences manually. Airspace: Not automatically checked; manually review current aviation charts, NOTAMs, aerodromes and local procedures.</description><Point><coordinates>-1.2242058442871786,50.89021538902697,0</coordinates></Point></Placemark><Placemark><name>Unnamed face near SU 837 472</name><description>Thermal-trigger terrain; Sustained 120–200 m slope 7.9°; relief 24 m; qualifying ridge at ≥8° 349 m; 9% of the broader face reaches 8° and 0% reaches 9.5°. Category: Thermal trigger only. Obstacles: Not automatically checked; inspect buildings, power lines, roads, railways, trees and fences manually. Airspace: Not automatically checked; manually review current aviation charts, NOTAMs, aerodromes and local procedures.</description><Point><coordinates>-0.8003700917746188,51.21899332022937,0</coordinates></Point></Placemark><Placemark><name>Unnamed face near SU 477 192</name><description>Thermal-trigger terrain; Sustained 120–200 m slope 7.9°; relief 24 m; qualifying ridge at ≥8° 239 m; 17% of the broader face reaches 8° and 2% reaches 9.5°. Category: Thermal trigger only. Obstacles: Not automatically checked; inspect buildings, power lines, roads, railways, trees and fences manually. Airspace: Not automatically checked; manually review current aviation charts, NOTAMs, aerodromes and local procedures.</description><Point><coordinates>-1.320950613177987,50.97081479839741,0</coordinates></Point></Placemark><Placemark><name>Unnamed face near SU 879 610</name><description>Thermal-trigger terrain; Sustained 120–200 m slope 7.8°; relief 23 m; qualifying ridge at ≥8° 233 m; 25% of the broader face reaches 8° and 0% reaches 9.5°. Category: Thermal trigger only. Obstacles: Not automatically checked; inspect buildings, power lines, roads, railways, trees and fences manually. Airspace: Not automatically checked; manually review current aviation charts, NOTAMs, aerodromes and local procedures.</description><Point><coordinates>-0.7389845176219734,51.352909142658945,0</coordinates></Point></Placemark><Placemark><name>Unnamed face near SU 260 373</name><description>Thermal-trigger terrain; Sustained 120–200 m slope 7.6°; relief 24 m; qualifying ridge at ≥8° 309 m; 5% of the broader face reaches 8° and 0% reaches 9.5°. Category: Thermal trigger only. Obstacles: Not automatically checked; inspect buildings, power lines, roads, railways, trees and fences manually. Airspace: Not automatically checked; manually review current aviation charts, NOTAMs, aerodromes and local procedures.</description><Point><coordinates>-1.634839798565228,51.13591804173238,0</coordinates></Point></Placemark><Placemark><name>Unnamed face near SU 889 204</name><description>Thermal-trigger terrain; Sustained 120–200 m slope 8.8°; relief 27 m; qualifying ridge at ≥8° 234 m; 16% of the broader face reaches 8° and 12% reaches 9.5°. Category: Thermal trigger only. Obstacles: Not automatically checked; inspect buildings, power lines, roads, railways, trees and fences manually. Airspace: Not automatically checked; manually review current aviation charts, NOTAMs, aerodromes and local procedures.</description><Point><coordinates>-0.7373884758066719,50.97219756348329,0</coordinates></Point></Placemark><Placemark><name>Semaphore Farm and Headmore</name><description>Thermal-trigger terrain; Sustained 120–200 m slope 7.8°; relief 25 m; qualifying ridge at ≥8° 322 m; 21% of the broader face reaches 8° and 1% reaches 9.5°. Category: Thermal trigger only. Obstacles: Not automatically checked; inspect buildings, power lines, roads, railways, trees and fences manually. Airspace: Not automatically checked; manually review current aviation charts, NOTAMs, aerodromes and local procedures.</description><Point><coordinates>-0.999822874536946,51.10027160462513,0</coordinates></Point></Placemark><Placemark><name>Unnamed face near SU 909 110</name><description>Thermal-trigger terrain; Sustained 120–200 m slope 7.6°; relief 26 m; qualifying ridge at ≥8° 287 m; 10% of the broader face reaches 8° and 3% reaches 9.5°. Category: Thermal trigger only. Obstacles: Not automatically checked; inspect buildings, power lines, roads, railways, trees and fences manually. Airspace: Not automatically checked; manually review current aviation charts, NOTAMs, aerodromes and local procedures.</description><Point><coordinates>-0.7164078648148136,50.89363430214499,0</coordinates></Point></Placemark><Placemark><name>Unnamed face near SU 792 241</name><description>Rejected terrain; Sustained 120–200 m slope 8.5°; relief 26 m; qualifying ridge at ≥8° 255 m; 23% of the broader face reaches 8° and 3% reaches 9.5°. Category: Rejected. Obstacles: Not automatically checked; inspect buildings, power lines, roads, railways, trees and fences manually. Airspace: Not automatically checked; manually review current aviation charts, NOTAMs, aerodromes and local procedures.</description><Point><coordinates>-0.8612141368306209,51.020409027037466,0</coordinates></Point></Placemark><Placemark><name>Unnamed face near SU 210 339</name><description>Thermal-trigger terrain; Sustained 120–200 m slope 8.4°; relief 33 m; qualifying ridge at ≥8° 232 m; 35% of the broader face reaches 8° and 17% reaches 9.5°. Category: Thermal trigger only. Obstacles: Not automatically checked; inspect buildings, power lines, roads, railways, trees and fences manually. Airspace: Not automatically checked; manually review current aviation charts, NOTAMs, aerodromes and local procedures.</description><Point><coordinates>-1.714307450626788,51.10897877303204,0</coordinates></Point></Placemark><Placemark><name>Unnamed face near SU 643 246</name><description>Thermal-trigger terrain; Sustained 120–200 m slope 7.5°; relief 25 m; qualifying ridge at ≥8° 305 m; 5% of the broader face reaches 8° and 0% reaches 9.5°. Category: Thermal trigger only. Obstacles: Not automatically checked; inspect buildings, power lines, roads, railways, trees and fences manually. Airspace: Not automatically checked; manually review current aviation charts, NOTAMs, aerodromes and local procedures.</description><Point><coordinates>-1.0730658287381165,51.01833148464259,0</coordinates></Point></Placemark><Placemark><name>Unnamed face near SU 445 135</name><description>Thermal-trigger terrain; Sustained 120–200 m slope 7.7°; relief 25 m; qualifying ridge at ≥8° 331 m; 20% of the broader face reaches 8° and 5% reaches 9.5°. Category: Thermal trigger only. Obstacles: Not automatically checked; inspect buildings, power lines, roads, railways, trees and fences manually. Airspace: Not automatically checked; manually review current aviation charts, NOTAMs, aerodromes and local procedures.</description><Point><coordinates>-1.370182837668468,50.913983036649284,0</coordinates></Point></Placemark><Placemark><name>Unnamed face near SU 553 678</name><description>Thermal-trigger terrain; Sustained 120–200 m slope 8.0°; relief 25 m; qualifying ridge at ≥8° 233 m; 12% of the broader face reaches 8° and 2% reaches 9.5°. Category: Thermal trigger only. Obstacles: Not automatically checked; inspect buildings, power lines, roads, railways, trees and fences manually. Airspace: Not automatically checked; manually review current aviation charts, NOTAMs, aerodromes and local procedures.</description><Point><coordinates>-1.2005105562923652,51.40935200813365,0</coordinates></Point></Placemark><Placemark><name>Unnamed face near SU 794 096</name><description>Thermal-trigger terrain; Sustained 120–200 m slope 7.8°; relief 25 m; qualifying ridge at ≥8° 305 m; 12% of the broader face reaches 8° and 2% reaches 9.5°. Category: Thermal trigger only. Obstacles: Not automatically checked; inspect buildings, power lines, roads, railways, trees and fences manually. Airspace: Not automatically checked; manually review current aviation charts, NOTAMs, aerodromes and local procedures.</description><Point><coordinates>-0.8694173289235589,50.88351622921611,0</coordinates></Point></Placemark><Placemark><name>Unnamed face near SU 904 445</name><description>Thermal-trigger terrain; Sustained 120–200 m slope 7.6°; relief 23 m; qualifying ridge at ≥8° 187 m; 13% of the broader face reaches 8° and 0% reaches 9.5°. Category: Thermal trigger only. Obstacles: Not automatically checked; inspect buildings, power lines, roads, railways, trees and fences manually. Airspace: Not automatically checked; manually review current aviation charts, NOTAMs, aerodromes and local procedures.</description><Point><coordinates>-0.719541381267245,51.19209668429828,0</coordinates></Point></Placemark><Placemark><name>Unnamed face near SU 605 772</name><description>Rejected terrain; Sustained 120–200 m slope 8.7°; relief 26 m; qualifying ridge at ≥8° 192 m; 44% of the broader face reaches 8° and 23% reaches 9.5°. Category: Rejected. Obstacles: Not automatically checked; inspect buildings, power lines, roads, railways, trees and fences manually. Airspace: Not automatically checked; manually review current aviation charts, NOTAMs, aerodromes and local procedures.</description><Point><coordinates>-1.136598641935379,51.501347067406414,0</coordinates></Point></Placemark><Placemark><name>Unnamed face near SU 383 277</name><description>Thermal-trigger terrain; Sustained 120–200 m slope 7.6°; relief 24 m; qualifying ridge at ≥8° 416 m; 4% of the broader face reaches 8° and 0% reaches 9.5°. Category: Thermal trigger only. Obstacles: Not automatically checked; inspect buildings, power lines, roads, railways, trees and fences manually. Airspace: Not automatically checked; manually review current aviation charts, NOTAMs, aerodromes and local procedures.</description><Point><coordinates>-1.4625028729930438,51.043660924094134,0</coordinates></Point></Placemark><Placemark><name>Unnamed face near SU 774 582</name><description>Thermal-trigger terrain; Sustained 120–200 m slope 7.8°; relief 23 m; qualifying ridge at ≥8° 199 m; 13% of the broader face reaches 8° and 0% reaches 9.5°. Category: Thermal trigger only. Obstacles: Not automatically checked; inspect buildings, power lines, roads, railways, trees and fences manually. Airspace: Not automatically checked; manually review current aviation charts, NOTAMs, aerodromes and local procedures.</description><Point><coordinates>-0.8900398789033284,51.31833766589095,0</coordinates></Point></Placemark><Placemark><name>Unnamed face near SU 900 461</name><description>Thermal-trigger terrain; Sustained 120–200 m slope 8.1°; relief 25 m; qualifying ridge at ≥8° 249 m; 17% of the broader face reaches 8° and 6% reaches 9.5°. Category: Thermal trigger only. Obstacles: Not automatically checked; inspect buildings, power lines, roads, railways, trees and fences manually. Airspace: Not automatically checked; manually review current aviation charts, NOTAMs, aerodromes and local procedures.</description><Point><coordinates>-0.7111081537143775,51.21613624916586,0</coordinates></Point></Placemark><Placemark><name>Unnamed face near SU 520 640</name><description>Thermal-trigger terrain; Sustained 120–200 m slope 7.5°; relief 24 m; qualifying ridge at ≥8° 225 m; 13% of the broader face reaches 8° and 0% reaches 9.5°. Category: Thermal trigger only. Obstacles: Not automatically checked; inspect buildings, power lines, roads, railways, trees and fences manually. Airspace: Not automatically checked; manually review current aviation charts, NOTAMs, aerodromes and local procedures.</description><Point><coordinates>-1.2564749169531488,51.37386204332432,0</coordinates></Point></Placemark><Placemark><name>Unnamed face near SU 337 203</name><description>Thermal-trigger terrain; Sustained 120–200 m slope 8.2°; relief 25 m; qualifying ridge at ≥8° 289 m; 24% of the broader face reaches 8° and 0% reaches 9.5°. Category: Thermal trigger only. Obstacles: Not automatically checked; inspect buildings, power lines, roads, railways, trees and fences manually. Airspace: Not automatically checked; manually review current aviation charts, NOTAMs, aerodromes and local procedures.</description><Point><coordinates>-1.5108913871237757,50.97802653175187,0</coordinates></Point></Placemark><Placemark><name>Unnamed face near TQ 065 142</name><description>Thermal-trigger terrain; Sustained 120–200 m slope 8.2°; relief 25 m; qualifying ridge at ≥8° 225 m; 20% of the broader face reaches 8° and 4% reaches 9.5°. Category: Thermal trigger only. Obstacles: Not automatically checked; inspect buildings, power lines, roads, railways, trees and fences manually. Airspace: Not automatically checked; manually review current aviation charts, NOTAMs, aerodromes and local procedures.</description><Point><coordinates>-0.48635858322658987,50.91885772542902,0</coordinates></Point></Placemark><Placemark><name>Unnamed face near TQ 047 145</name><description>Thermal-trigger terrain; Sustained 120–200 m slope 7.8°; relief 23 m; qualifying ridge at ≥8° 197 m; 31% of the broader face reaches 8° and 5% reaches 9.5°. Category: Thermal trigger only. Obstacles: Not automatically checked; inspect buildings, power lines, roads, railways, trees and fences manually. Airspace: Not automatically checked; manually review current aviation charts, NOTAMs, aerodromes and local procedures.</description><Point><coordinates>-0.510868885870725,50.92176298631611,0</coordinates></Point></Placemark><Placemark><name>Unnamed face near SU 811 491</name><description>Thermal-trigger terrain; Sustained 120–200 m slope 7.8°; relief 25 m; qualifying ridge at ≥8° 206 m; 20% of the broader face reaches 8° and 0% reaches 9.5°. Category: Thermal trigger only. Obstacles: Not automatically checked; inspect buildings, power lines, roads, railways, trees and fences manually. Airspace: Not automatically checked; manually review current aviation charts, NOTAMs, aerodromes and local procedures.</description><Point><coordinates>-0.8355797239252206,51.235054356688934,0</coordinates></Point></Placemark><Placemark><name>Unnamed face near SU 605 123</name><description>Thermal-trigger terrain; Sustained 120–200 m slope 7.8°; relief 24 m; qualifying ridge at ≥8° 252 m; 13% of the broader face reaches 8° and 0% reaches 9.5°. Category: Thermal trigger only. Obstacles: Not automatically checked; inspect buildings, power lines, roads, railways, trees and fences manually. Airspace: Not automatically checked; manually review current aviation charts, NOTAMs, aerodromes and local procedures.</description><Point><coordinates>-1.1480873682083848,50.90737155160783,0</coordinates></Point></Placemark><Placemark><name>Unnamed face near SU 380 538</name><description>Thermal-trigger terrain; Sustained 120–200 m slope 7.5°; relief 25 m; qualifying ridge at ≥8° 196 m; 12% of the broader face reaches 8° and 3% reaches 9.5°. Category: Thermal trigger only. Obstacles: Not automatically checked; inspect buildings, power lines, roads, railways, trees and fences manually. Airspace: Not automatically checked; manually review current aviation charts, NOTAMs, aerodromes and local procedures.</description><Point><coordinates>-1.4513746421092888,51.282762385421925,0</coordinates></Point></Placemark><Placemark><name>Unnamed face near SU 445 550</name><description>Thermal-trigger terrain; Sustained 120–200 m slope 7.7°; relief 27 m; qualifying ridge at ≥8° 257 m; 14% of the broader face reaches 8° and 5% reaches 9.5°. Category: Thermal trigger only. Obstacles: Not automatically checked; inspect buildings, power lines, roads, railways, trees and fences manually. Airspace: Not automatically checked; manually review current aviation charts, NOTAMs, aerodromes and local procedures.</description><Point><coordinates>-1.359634429217673,51.300906549647316,0</coordinates></Point></Placemark><Placemark><name>Unnamed face near TQ 090 335</name><description>Thermal-trigger terrain; Sustained 120–200 m slope 7.9°; relief 24 m; qualifying ridge at ≥8° 221 m; 17% of the broader face reaches 8° and 0% reaches 9.5°. Category: Thermal trigger only. Obstacles: Not automatically checked; inspect buildings, power lines, roads, railways, trees and fences manually. Airspace: Not automatically checked; manually review current aviation charts, NOTAMs, aerodromes and local procedures.</description><Point><coordinates>-0.4512320266535716,51.09899596213387,0</coordinates></Point></Placemark><Placemark><name>Unnamed face near SU 900 190</name><description>Thermal-trigger terrain; Sustained 120–200 m slope 8.0°; relief 24 m; qualifying ridge at ≥8° 194 m; 26% of the broader face reaches 8° and 3% reaches 9.5°. Category: Thermal trigger only. Obstacles: Not automatically checked; inspect buildings, power lines, roads, railways, trees and fences manually. Airspace: Not automatically checked; manually review current aviation charts, NOTAMs, aerodromes and local procedures.</description><Point><coordinates>-0.7190365737436638,50.963945641444894,0</coordinates></Point></Placemark><Placemark><name>Unnamed face near SU 463 527</name><description>Thermal-trigger terrain; Sustained 120–200 m slope 8.0°; relief 25 m; qualifying ridge at ≥8° 273 m; 10% of the broader face reaches 8° and 0% reaches 9.5°. Category: Thermal trigger only. Obstacles: Not automatically checked; inspect buildings, power lines, roads, railways, trees and fences manually. Airspace: Not automatically checked; manually review current aviation charts, NOTAMs, aerodromes and local procedures.</description><Point><coordinates>-1.3438896256316968,51.2797771665164,0</coordinates></Point></Placemark><Placemark><name>Unnamed face near SU 232 249</name><description>Thermal-trigger terrain; Sustained 120–200 m slope 7.7°; relief 25 m; qualifying ridge at ≥8° 262 m; 10% of the broader face reaches 8° and 0% reaches 9.5°. Category: Thermal trigger only. Obstacles: Not automatically checked; inspect buildings, power lines, roads, railways, trees and fences manually. Airspace: Not automatically checked; manually review current aviation charts, NOTAMs, aerodromes and local procedures.</description><Point><coordinates>-1.6560585913239183,51.02959058044021,0</coordinates></Point></Placemark><Placemark><name>Unnamed face near SU 946 281</name><description>Thermal-trigger terrain; Sustained 120–200 m slope 8.1°; relief 24 m; qualifying ridge at ≥8° 285 m; 10% of the broader face reaches 8° and 1% reaches 9.5°. Category: Thermal trigger only. Obstacles: Not automatically checked; inspect buildings, power lines, roads, railways, trees and fences manually. Airspace: Not automatically checked; manually review current aviation charts, NOTAMs, aerodromes and local procedures.</description><Point><coordinates>-0.6583796508362906,51.047092204157224,0</coordinates></Point></Placemark><Placemark><name>Unnamed face near SU 896 586</name><description>Thermal-trigger terrain; Sustained 120–200 m slope 7.8°; relief 23 m; qualifying ridge at ≥8° 256 m; 17% of the broader face reaches 8° and 0% reaches 9.5°. Category: Thermal trigger only. Obstacles: Not automatically checked; inspect buildings, power lines, roads, railways, trees and fences manually. Airspace: Not automatically checked; manually review current aviation charts, NOTAMs, aerodromes and local procedures.</description><Point><coordinates>-0.72146804614609,51.313228201084655,0</coordinates></Point></Placemark><Placemark><name>Unnamed face near SU 929 346</name><description>Thermal-trigger terrain; Sustained 120–200 m slope 7.9°; relief 24 m; qualifying ridge at ≥8° 260 m; 16% of the broader face reaches 8° and 0% reaches 9.5°. Category: Thermal trigger only. Obstacles: Not automatically checked; inspect buildings, power lines, roads, railways, trees and fences manually. Airspace: Not automatically checked; manually review current aviation charts, NOTAMs, aerodromes and local procedures.</description><Point><coordinates>-0.6669915690490547,51.10706999906866,0</coordinates></Point></Placemark><Placemark><name>Unnamed face near SU 584 732</name><description>Thermal-trigger terrain; Sustained 120–200 m slope 7.5°; relief 24 m; qualifying ridge at ≥8° 205 m; 11% of the broader face reaches 8° and 1% reaches 9.5°. Category: Thermal trigger only. Obstacles: Not automatically checked; inspect buildings, power lines, roads, railways, trees and fences manually. Airspace: Not automatically checked; manually review current aviation charts, NOTAMs, aerodromes and local procedures.</description><Point><coordinates>-1.1749929687073366,51.45331410872339,0</coordinates></Point></Placemark><Placemark><name>Unnamed face near SU 567 187</name><description>Thermal-trigger terrain; Sustained 120–200 m slope 7.4°; relief 23 m; qualifying ridge at ≥8° 344 m; 9% of the broader face reaches 8° and 0% reaches 9.5°. Category: Thermal trigger only. Obstacles: Not automatically checked; inspect buildings, power lines, roads, railways, trees and fences manually. Airspace: Not automatically checked; manually review current aviation charts, NOTAMs, aerodromes and local procedures.</description><Point><coordinates>-1.2093090103989361,50.968646846085434,0</coordinates></Point></Placemark><Placemark><name>Unnamed face near TQ 012 648</name><description>Rejected terrain; Sustained 120–200 m slope 8.1°; relief 24 m; qualifying ridge at ≥8° 202 m; 12% of the broader face reaches 8° and 0% reaches 9.5°. Category: Rejected. Obstacles: Not automatically checked; inspect buildings, power lines, roads, railways, trees and fences manually. Airspace: Not automatically checked; manually review current aviation charts, NOTAMs, aerodromes and local procedures.</description><Point><coordinates>-0.5487678672406522,51.3747894809761,0</coordinates></Point></Placemark><Placemark><name>Unnamed face near SU 975 083</name><description>Thermal-trigger terrain; Sustained 120–200 m slope 7.7°; relief 24 m; qualifying ridge at ≥8° 305 m; 7% of the broader face reaches 8° and 1% reaches 9.5°. Category: Thermal trigger only. Obstacles: Not automatically checked; inspect buildings, power lines, roads, railways, trees and fences manually. Airspace: Not automatically checked; manually review current aviation charts, NOTAMs, aerodromes and local procedures.</description><Point><coordinates>-0.6127902994343527,50.86039071768666,0</coordinates></Point></Placemark><Placemark><name>Unnamed face near SU 263 463</name><description>Rejected terrain; Sustained 120–200 m slope 7.5°; relief 24 m; qualifying ridge at ≥8° 202 m; 9% of the broader face reaches 8° and 0% reaches 9.5°. Category: Rejected. Obstacles: Not automatically checked; inspect buildings, power lines, roads, railways, trees and fences manually. Airspace: Not automatically checked; manually review current aviation charts, NOTAMs, aerodromes and local procedures.</description><Point><coordinates>-1.6406837384396162,51.21854635207101,0</coordinates></Point></Placemark><Placemark><name>Unnamed face near SU 269 554</name><description>Thermal-trigger terrain; Sustained 120–200 m slope 7.6°; relief 24 m; qualifying ridge at ≥8° 179 m; 7% of the broader face reaches 8° and 0% reaches 9.5°. Category: Thermal trigger only. Obstacles: Not automatically checked; inspect buildings, power lines, roads, railways, trees and fences manually. Airspace: Not automatically checked; manually review current aviation charts, NOTAMs, aerodromes and local procedures.</description><Point><coordinates>-1.6153149593736589,51.30748304523432,0</coordinates></Point></Placemark><Placemark><name>Unnamed face near SU 855 415</name><description>Rejected terrain; Sustained 120–200 m slope 8.1°; relief 24 m; qualifying ridge at ≥8° 227 m; 28% of the broader face reaches 8° and 0% reaches 9.5°. Category: Rejected. Obstacles: Not automatically checked; inspect buildings, power lines, roads, railways, trees and fences manually. Airspace: Not automatically checked; manually review current aviation charts, NOTAMs, aerodromes and local procedures.</description><Point><coordinates>-0.7760712461083491,51.15581626058868,0</coordinates></Point></Placemark><Placemark><name>Unnamed face near SU 840 401</name><description>Thermal-trigger terrain; Sustained 120–200 m slope 7.5°; relief 23 m; qualifying ridge at ≥8° 292 m; 15% of the broader face reaches 8° and 0% reaches 9.5°. Category: Thermal trigger only. Obstacles: Not automatically checked; inspect buildings, power lines, roads, railways, trees and fences manually. Airspace: Not automatically checked; manually review current aviation charts, NOTAMs, aerodromes and local procedures.</description><Point><coordinates>-0.8022063255779867,51.15598461375459,0</coordinates></Point></Placemark><Placemark><name>Unnamed face near SU 426 684</name><description>Thermal-trigger terrain; Sustained 120–200 m slope 7.5°; relief 23 m; qualifying ridge at ≥8° 236 m; 7% of the broader face reaches 8° and 0% reaches 9.5°. Category: Thermal trigger only. Obstacles: Not automatically checked; inspect buildings, power lines, roads, railways, trees and fences manually. Airspace: Not automatically checked; manually review current aviation charts, NOTAMs, aerodromes and local procedures.</description><Point><coordinates>-1.3723672257489257,51.40906800597675,0</coordinates></Point></Placemark><Placemark><name>Unnamed face near SU 406 507</name><description>Thermal-trigger terrain; Sustained 120–200 m slope 7.5°; relief 24 m; qualifying ridge at ≥8° 250 m; 7% of the broader face reaches 8° and 0% reaches 9.5°. Category: Thermal trigger only. Obstacles: Not automatically checked; inspect buildings, power lines, roads, railways, trees and fences manually. Airspace: Not automatically checked; manually review current aviation charts, NOTAMs, aerodromes and local procedures.</description><Point><coordinates>-1.411560782217033,51.26150239804125,0</coordinates></Point></Placemark><Placemark><name>Unnamed face near SU 407 266</name><description>Thermal-trigger terrain; Sustained 120–200 m slope 7.6°; relief 26 m; qualifying ridge at ≥8° 201 m; 21% of the broader face reaches 8° and 0% reaches 9.5°. Category: Thermal trigger only. Obstacles: Not automatically checked; inspect buildings, power lines, roads, railways, trees and fences manually. Airspace: Not automatically checked; manually review current aviation charts, NOTAMs, aerodromes and local procedures.</description><Point><coordinates>-1.4294154456994441,51.043475388933025,0</coordinates></Point></Placemark><Placemark><name>Unnamed face near SU 373 695</name><description>Thermal-trigger terrain; Sustained 120–200 m slope 7.4°; relief 23 m; qualifying ridge at ≥8° 246 m; 4% of the broader face reaches 8° and 0% reaches 9.5°. Category: Thermal trigger only. Obstacles: Not automatically checked; inspect buildings, power lines, roads, railways, trees and fences manually. Airspace: Not automatically checked; manually review current aviation charts, NOTAMs, aerodromes and local procedures.</description><Point><coordinates>-1.4654875082327619,51.42431669442144,0</coordinates></Point></Placemark><Placemark><name>Unnamed face near TQ 065 121</name><description>Thermal-trigger terrain; Sustained 120–200 m slope 7.5°; relief 25 m; qualifying ridge at ≥8° 135 m; 4% of the broader face reaches 8° and 0% reaches 9.5°. Category: Thermal trigger only. Obstacles: Not automatically checked; inspect buildings, power lines, roads, railways, trees and fences manually. Airspace: Not automatically checked; manually review current aviation charts, NOTAMs, aerodromes and local procedures.</description><Point><coordinates>-0.5007020617508992,50.896842727690796,0</coordinates></Point></Placemark><Placemark><name>Unnamed face near TQ 115 336</name><description>Thermal-trigger terrain; Sustained 120–200 m slope 7.2°; relief 24 m; qualifying ridge at ≥8° 152 m; 2% of the broader face reaches 8° and 0% reaches 9.5°. Category: Thermal trigger only. Obstacles: Not automatically checked; inspect buildings, power lines, roads, railways, trees and fences manually. Airspace: Not automatically checked; manually review current aviation charts, NOTAMs, aerodromes and local procedures.</description><Point><coordinates>-0.40219423297272966,51.08984751943062,0</coordinates></Point></Placemark><Placemark><name>Unnamed face near TQ 106 162</name><description>Thermal-trigger terrain; Sustained 120–200 m slope 7.4°; relief 22 m; qualifying ridge at ≥8° 233 m; 2% of the broader face reaches 8° and 0% reaches 9.5°. Category: Thermal trigger only. Obstacles: Not automatically checked; inspect buildings, power lines, roads, railways, trees and fences manually. Airspace: Not automatically checked; manually review current aviation charts, NOTAMs, aerodromes and local procedures.</description><Point><coordinates>-0.4213862026348248,50.936763783771404,0</coordinates></Point></Placemark><Placemark><name>Unnamed face near SU 766 479</name><description>Thermal-trigger terrain; Sustained 120–200 m slope 7.3°; relief 23 m; qualifying ridge at ≥8° 117 m; 8% of the broader face reaches 8° and 0% reaches 9.5°. Category: Thermal trigger only. Obstacles: Not automatically checked; inspect buildings, power lines, roads, railways, trees and fences manually. Airspace: Not automatically checked; manually review current aviation charts, NOTAMs, aerodromes and local procedures.</description><Point><coordinates>-0.9035459720212231,51.2267124447388,0</coordinates></Point></Placemark><Placemark><name>Unnamed face near SU 367 354</name><description>Rejected terrain; Sustained 120–200 m slope 8.0°; relief 28 m; qualifying ridge at ≥8° 170 m; 36% of the broader face reaches 8° and 7% reaches 9.5°. Category: Rejected. Obstacles: Not automatically checked; inspect buildings, power lines, roads, railways, trees and fences manually. Airspace: Not automatically checked; manually review current aviation charts, NOTAMs, aerodromes and local procedures.</description><Point><coordinates>-1.488576829200335,51.11004041032152,0</coordinates></Point></Placemark><Placemark><name>Unnamed face near SU 972 533</name><description>Thermal-trigger terrain; Sustained 120–200 m slope 7.6°; relief 22 m; qualifying ridge at ≥8° 277 m; 14% of the broader face reaches 8° and 0% reaches 9.5°. Category: Thermal trigger only. Obstacles: Not automatically checked; inspect buildings, power lines, roads, railways, trees and fences manually. Airspace: Not automatically checked; manually review current aviation charts, NOTAMs, aerodromes and local procedures.</description><Point><coordinates>-0.6069790975061946,51.27204123918362,0</coordinates></Point></Placemark><Placemark><name>Unnamed face near SU 460 690</name><description>Thermal-trigger terrain; Sustained 120–200 m slope 7.9°; relief 24 m; qualifying ridge at ≥8° 183 m; 8% of the broader face reaches 8° and 0% reaches 9.5°. Category: Thermal trigger only. Obstacles: Not automatically checked; inspect buildings, power lines, roads, railways, trees and fences manually. Airspace: Not automatically checked; manually review current aviation charts, NOTAMs, aerodromes and local procedures.</description><Point><coordinates>-1.3400277546135573,51.42048952043246,0</coordinates></Point></Placemark><Placemark><name>Unnamed face near SU 504 708</name><description>Rejected terrain; Sustained 120–200 m slope 8.2°; relief 25 m; qualifying ridge at ≥8° 161 m; 30% of the broader face reaches 8° and 9% reaches 9.5°. Category: Rejected. Obstacles: Not automatically checked; inspect buildings, power lines, roads, railways, trees and fences manually. Airspace: Not automatically checked; manually review current aviation charts, NOTAMs, aerodromes and local procedures.</description><Point><coordinates>-1.2754473696493676,51.43941176919921,0</coordinates></Point></Placemark><Placemark><name>Unnamed face near SU 669 727</name><description>Thermal-trigger terrain; Sustained 120–200 m slope 7.5°; relief 22 m; qualifying ridge at ≥8° 135 m; 5% of the broader face reaches 8° and 0% reaches 9.5°. Category: Thermal trigger only. Obstacles: Not automatically checked; inspect buildings, power lines, roads, railways, trees and fences manually. Airspace: Not automatically checked; manually review current aviation charts, NOTAMs, aerodromes and local procedures.</description><Point><coordinates>-1.0277721411127476,51.448194845502385,0</coordinates></Point></Placemark><Placemark><name>Unnamed face near TQ 036 188</name><description>Thermal-trigger terrain; Sustained 120–200 m slope 8.5°; relief 26 m; qualifying ridge at ≥8° 237 m; 20% of the broader face reaches 8° and 12% reaches 9.5°. Category: Thermal trigger only. Obstacles: Not automatically checked; inspect buildings, power lines, roads, railways, trees and fences manually. Airspace: Not automatically checked; manually review current aviation charts, NOTAMs, aerodromes and local procedures.</description><Point><coordinates>-0.5365096259375753,50.959046767074774,0</coordinates></Point></Placemark><Placemark><name>Unnamed face near SU 457 220</name><description>Thermal-trigger terrain; Sustained 120–200 m slope 8.0°; relief 25 m; qualifying ridge at ≥8° 186 m; 24% of the broader face reaches 8° and 0% reaches 9.5°. Category: Thermal trigger only. Obstacles: Not automatically checked; inspect buildings, power lines, roads, railways, trees and fences manually. Airspace: Not automatically checked; manually review current aviation charts, NOTAMs, aerodromes and local procedures.</description><Point><coordinates>-1.3487186856524611,50.99712288161724,0</coordinates></Point></Placemark><Placemark><name>Unnamed face near SU 583 684</name><description>Thermal-trigger terrain; Sustained 120–200 m slope 7.6°; relief 23 m; qualifying ridge at ≥8° 246 m; 8% of the broader face reaches 8° and 1% reaches 9.5°. Category: Thermal trigger only. Obstacles: Not automatically checked; inspect buildings, power lines, roads, railways, trees and fences manually. Airspace: Not automatically checked; manually review current aviation charts, NOTAMs, aerodromes and local procedures.</description><Point><coordinates>-1.1479820565299779,51.40967786925339,0</coordinates></Point></Placemark><Placemark><name>Unnamed face near SU 284 329</name><description>Thermal-trigger terrain; Sustained 120–200 m slope 7.5°; relief 24 m; qualifying ridge at ≥8° 105 m; 6% of the broader face reaches 8° and 0% reaches 9.5°. Category: Thermal trigger only. Obstacles: Not automatically checked; inspect buildings, power lines, roads, railways, trees and fences manually. Airspace: Not automatically checked; manually review current aviation charts, NOTAMs, aerodromes and local procedures.</description><Point><coordinates>-1.5939107621350108,51.09582084749402,0</coordinates></Point></Placemark><Placemark><name>Unnamed face near SU 274 570</name><description>Thermal-trigger terrain; Sustained 120–200 m slope 7.2°; relief 24 m; qualifying ridge at ≥8° 184 m; 3% of the broader face reaches 8° and 0% reaches 9.5°. Category: Thermal trigger only. Obstacles: Not automatically checked; inspect buildings, power lines, roads, railways, trees and fences manually. Airspace: Not automatically checked; manually review current aviation charts, NOTAMs, aerodromes and local procedures.</description><Point><coordinates>-1.6101942568312337,51.3111891398531,0</coordinates></Point></Placemark><Placemark><name>Unnamed face near SU 286 078</name><description>Thermal-trigger terrain; Sustained 120–200 m slope 7.6°; relief 24 m; qualifying ridge at ≥8° 126 m; 12% of the broader face reaches 8° and 0% reaches 9.5°. Category: Thermal trigger only. Obstacles: Not automatically checked; inspect buildings, power lines, roads, railways, trees and fences manually. Airspace: Not automatically checked; manually review current aviation charts, NOTAMs, aerodromes and local procedures.</description><Point><coordinates>-1.6004261401780522,50.87482464777696,0</coordinates></Point></Placemark><Placemark><name>Unnamed face near SU 464 547</name><description>Thermal-trigger terrain; Sustained 120–200 m slope 8.3°; relief 27 m; qualifying ridge at ≥8° 221 m; 19% of the broader face reaches 8° and 4% reaches 9.5°. Category: Thermal trigger only. Obstacles: Not automatically checked; inspect buildings, power lines, roads, railways, trees and fences manually. Airspace: Not automatically checked; manually review current aviation charts, NOTAMs, aerodromes and local procedures.</description><Point><coordinates>-1.3347580065326756,51.29461443255025,0</coordinates></Point></Placemark><Placemark><name>Unnamed face near SU 558 744</name><description>Thermal-trigger terrain; Sustained 120–200 m slope 7.6°; relief 23 m; qualifying ridge at ≥8° 154 m; 9% of the broader face reaches 8° and 0% reaches 9.5°. Category: Thermal trigger only. Obstacles: Not automatically checked; inspect buildings, power lines, roads, railways, trees and fences manually. Airspace: Not automatically checked; manually review current aviation charts, NOTAMs, aerodromes and local procedures.</description><Point><coordinates>-1.1956493972947526,51.46697414191622,0</coordinates></Point></Placemark><Placemark><name>Unnamed face near SU 504 180</name><description>Thermal-trigger terrain; Sustained 120–200 m slope 7.7°; relief 23 m; qualifying ridge at ≥8° 200 m; 22% of the broader face reaches 8° and 0% reaches 9.5°. Category: Thermal trigger only. Obstacles: Not automatically checked; inspect buildings, power lines, roads, railways, trees and fences manually. Airspace: Not automatically checked; manually review current aviation charts, NOTAMs, aerodromes and local procedures.</description><Point><coordinates>-1.2824208704917468,50.96081810681067,0</coordinates></Point></Placemark><Placemark><name>Unnamed face near SU 455 706</name><description>Rejected terrain; Sustained 120–200 m slope 8.0°; relief 24 m; qualifying ridge at ≥8° 196 m; 7% of the broader face reaches 8° and 0% reaches 9.5°. Category: Rejected. Obstacles: Not automatically checked; inspect buildings, power lines, roads, railways, trees and fences manually. Airspace: Not automatically checked; manually review current aviation charts, NOTAMs, aerodromes and local procedures.</description><Point><coordinates>-1.3446992413050354,51.43435367256202,0</coordinates></Point></Placemark><Placemark><name>Unnamed face near SU 870 512</name><description>Rejected terrain; Sustained 120–200 m slope 8.1°; relief 25 m; qualifying ridge at ≥8° 180 m; 7% of the broader face reaches 8° and 0% reaches 9.5°. Category: Rejected. Obstacles: Not automatically checked; inspect buildings, power lines, roads, railways, trees and fences manually. Airspace: Not automatically checked; manually review current aviation charts, NOTAMs, aerodromes and local procedures.</description><Point><coordinates>-0.7491027291978315,51.254781890269896,0</coordinates></Point></Placemark><Placemark><name>Unnamed face near TQ 009 218</name><description>Thermal-trigger terrain; Sustained 120–200 m slope 7.9°; relief 24 m; qualifying ridge at ≥8° 138 m; 22% of the broader face reaches 8° and 2% reaches 9.5°. Category: Thermal trigger only. Obstacles: Not automatically checked; inspect buildings, power lines, roads, railways, trees and fences manually. Airspace: Not automatically checked; manually review current aviation charts, NOTAMs, aerodromes and local procedures.</description><Point><coordinates>-0.5659845349370661,50.98030040486749,0</coordinates></Point></Placemark><Placemark><name>Unnamed face near SU 924 324</name><description>Thermal-trigger terrain; Sustained 120–200 m slope 7.9°; relief 26 m; qualifying ridge at ≥8° 96 m; 26% of the broader face reaches 8° and 5% reaches 9.5°. Category: Thermal trigger only. Obstacles: Not automatically checked; inspect buildings, power lines, roads, railways, trees and fences manually. Airspace: Not automatically checked; manually review current aviation charts, NOTAMs, aerodromes and local procedures.</description><Point><coordinates>-0.6954425984194723,51.079984373672026,0</coordinates></Point></Placemark><Placemark><name>Unnamed face near SU 561 623</name><description>Thermal-trigger terrain; Sustained 120–200 m slope 8.3°; relief 25 m; qualifying ridge at ≥8° 252 m; 14% of the broader face reaches 8° and 1% reaches 9.5°. Category: Thermal trigger only. Obstacles: Not automatically checked; inspect buildings, power lines, roads, railways, trees and fences manually. Airspace: Not automatically checked; manually review current aviation charts, NOTAMs, aerodromes and local procedures.</description><Point><coordinates>-1.1982969973006738,51.361134965927135,0</coordinates></Point></Placemark><Placemark><name>Unnamed face near SU 657 538</name><description>Thermal-trigger terrain; Sustained 120–200 m slope 7.5°; relief 22 m; qualifying ridge at ≥8° 207 m; 7% of the broader face reaches 8° and 0% reaches 9.5°. Category: Thermal trigger only. Obstacles: Not automatically checked; inspect buildings, power lines, roads, railways, trees and fences manually. Airspace: Not automatically checked; manually review current aviation charts, NOTAMs, aerodromes and local procedures.</description><Point><coordinates>-1.0592864114982754,51.280777819512274,0</coordinates></Point></Placemark><Placemark><name>Unnamed face near SU 503 735</name><description>Thermal-trigger terrain; Sustained 120–200 m slope 7.5°; relief 22 m; qualifying ridge at ≥8° 181 m; 5% of the broader face reaches 8° and 0% reaches 9.5°. Category: Thermal trigger only. Obstacles: Not automatically checked; inspect buildings, power lines, roads, railways, trees and fences manually. Airspace: Not automatically checked; manually review current aviation charts, NOTAMs, aerodromes and local procedures.</description><Point><coordinates>-1.2737079059154894,51.45642994904852,0</coordinates></Point></Placemark><Placemark><name>Unnamed face near SU 899 217</name><description>Thermal-trigger terrain; Sustained 120–200 m slope 7.5°; relief 23 m; qualifying ridge at ≥8° 96 m; 5% of the broader face reaches 8° and 0% reaches 9.5°. Category: Thermal trigger only. Obstacles: Not automatically checked; inspect buildings, power lines, roads, railways, trees and fences manually. Airspace: Not automatically checked; manually review current aviation charts, NOTAMs, aerodromes and local procedures.</description><Point><coordinates>-0.7168885908754703,50.99501319195052,0</coordinates></Point></Placemark><Placemark><name>Unnamed face near SU 763 592</name><description>Thermal-trigger terrain; Sustained 120–200 m slope 7.7°; relief 23 m; qualifying ridge at ≥8° 139 m; 10% of the broader face reaches 8° and 0% reaches 9.5°. Category: Thermal trigger only. Obstacles: Not automatically checked; inspect buildings, power lines, roads, railways, trees and fences manually. Airspace: Not automatically checked; manually review current aviation charts, NOTAMs, aerodromes and local procedures.</description><Point><coordinates>-0.8952926404444683,51.32250648310685,0</coordinates></Point></Placemark><Placemark><name>Unnamed face near SU 946 225</name><description>Rejected terrain; Sustained 120–200 m slope 8.7°; relief 28 m; qualifying ridge at ≥8° 156 m; 55% of the broader face reaches 8° and 33% reaches 9.5°. Category: Rejected. Obstacles: Not automatically checked; inspect buildings, power lines, roads, railways, trees and fences manually. Airspace: Not automatically checked; manually review current aviation charts, NOTAMs, aerodromes and local procedures.</description><Point><coordinates>-0.6370504353027595,51.001005049571816,0</coordinates></Point></Placemark><Placemark><name>Unnamed face near SU 919 091</name><description>Thermal-trigger terrain; Sustained 120–200 m slope 7.6°; relief 26 m; qualifying ridge at ≥8° 243 m; 4% of the broader face reaches 8° and 1% reaches 9.5°. Category: Thermal trigger only. Obstacles: Not automatically checked; inspect buildings, power lines, roads, railways, trees and fences manually. Airspace: Not automatically checked; manually review current aviation charts, NOTAMs, aerodromes and local procedures.</description><Point><coordinates>-0.6895552913673694,50.88282109644078,0</coordinates></Point></Placemark><Placemark><name>Unnamed face near SU 900 546</name><description>Thermal-trigger terrain; Sustained 120–200 m slope 7.6°; relief 23 m; qualifying ridge at ≥8° 160 m; 12% of the broader face reaches 8° and 0% reaches 9.5°. Category: Thermal trigger only. Obstacles: Not automatically checked; inspect buildings, power lines, roads, railways, trees and fences manually. Airspace: Not automatically checked; manually review current aviation charts, NOTAMs, aerodromes and local procedures.</description><Point><coordinates>-0.7116323641081711,51.275029101985,0</coordinates></Point></Placemark><Placemark><name>Unnamed face near SU 498 779</name><description>Thermal-trigger terrain; Sustained 120–200 m slope 7.6°; relief 24 m; qualifying ridge at ≥8° 150 m; 5% of the broader face reaches 8° and 0% reaches 9.5°. Category: Thermal trigger only. Obstacles: Not automatically checked; inspect buildings, power lines, roads, railways, trees and fences manually. Airspace: Not automatically checked; manually review current aviation charts, NOTAMs, aerodromes and local procedures.</description><Point><coordinates>-1.2823984209332588,51.49882609924748,0</coordinates></Point></Placemark><Placemark><name>Unnamed face near SU 509 224</name><description>Thermal-trigger terrain; Sustained 120–200 m slope 7.4°; relief 24 m; qualifying ridge at ≥8° 196 m; 11% of the broader face reaches 8° and 1% reaches 9.5°. Category: Thermal trigger only. Obstacles: Not automatically checked; inspect buildings, power lines, roads, railways, trees and fences manually. Airspace: Not automatically checked; manually review current aviation charts, NOTAMs, aerodromes and local procedures.</description><Point><coordinates>-1.2906609074146331,51.00465625262858,0</coordinates></Point></Placemark><Placemark><name>Unnamed face near SU 528 802</name><description>Thermal-trigger terrain; Sustained 120–200 m slope 7.5°; relief 24 m; qualifying ridge at ≥8° 118 m; 3% of the broader face reaches 8° and 0% reaches 9.5°. Category: Thermal trigger only. Obstacles: Not automatically checked; inspect buildings, power lines, roads, railways, trees and fences manually. Airspace: Not automatically checked; manually review current aviation charts, NOTAMs, aerodromes and local procedures.</description><Point><coordinates>-1.22257121956986,51.519572753551955,0</coordinates></Point></Placemark><Placemark><name>Unnamed face near TQ 052 186</name><description>Thermal-trigger terrain; Sustained 120–200 m slope 7.6°; relief 22 m; qualifying ridge at ≥8° 92 m; 6% of the broader face reaches 8° and 0% reaches 9.5°. Category: Thermal trigger only. Obstacles: Not automatically checked; inspect buildings, power lines, roads, railways, trees and fences manually. Airspace: Not automatically checked; manually review current aviation charts, NOTAMs, aerodromes and local procedures.</description><Point><coordinates>-0.5064102232375272,50.958206016255886,0</coordinates></Point></Placemark><Placemark><name>Unnamed face near SU 882 649</name><description>Rejected terrain; Sustained 120–200 m slope 8.0°; relief 25 m; qualifying ridge at ≥8° 171 m; 18% of the broader face reaches 8° and 5% reaches 9.5°. Category: Rejected. Obstacles: Not automatically checked; inspect buildings, power lines, roads, railways, trees and fences manually. Airspace: Not automatically checked; manually review current aviation charts, NOTAMs, aerodromes and local procedures.</description><Point><coordinates>-0.7240271860263998,51.36791410955846,0</coordinates></Point></Placemark><Placemark><name>Unnamed face near TQ 024 229</name><description>Rejected terrain; Sustained 120–200 m slope 8.1°; relief 26 m; qualifying ridge at ≥8° 160 m; 20% of the broader face reaches 8° and 4% reaches 9.5°. Category: Rejected. Obstacles: Not automatically checked; inspect buildings, power lines, roads, railways, trees and fences manually. Airspace: Not automatically checked; manually review current aviation charts, NOTAMs, aerodromes and local procedures.</description><Point><coordinates>-0.5403587900923749,50.985972397480246,0</coordinates></Point></Placemark><Placemark><name>Unnamed face near SU 245 505</name><description>Thermal-trigger terrain; Sustained 120–200 m slope 7.7°; relief 26 m; qualifying ridge at ≥8° 170 m; 8% of the broader face reaches 8° and 0% reaches 9.5°. Category: Thermal trigger only. Obstacles: Not automatically checked; inspect buildings, power lines, roads, railways, trees and fences manually. Airspace: Not automatically checked; manually review current aviation charts, NOTAMs, aerodromes and local procedures.</description><Point><coordinates>-1.6497857928287323,51.2570173850574,0</coordinates></Point></Placemark><Placemark><name>Unnamed face near SU 710 355</name><description>Thermal-trigger terrain; Sustained 120–200 m slope 7.1°; relief 23 m; qualifying ridge at ≥8° 219 m; 5% of the broader face reaches 8° and 0% reaches 9.5°. Category: Thermal trigger only. Obstacles: Not automatically checked; inspect buildings, power lines, roads, railways, trees and fences manually. Airspace: Not automatically checked; manually review current aviation charts, NOTAMs, aerodromes and local procedures.</description><Point><coordinates>-0.9845364391922098,51.10480842698264,0</coordinates></Point></Placemark><Placemark><name>Unnamed face near SU 566 564</name><description>Thermal-trigger terrain; Sustained 120–200 m slope 7.4°; relief 22 m; qualifying ridge at ≥8° 201 m; 3% of the broader face reaches 8° and 0% reaches 9.5°. Category: Thermal trigger only. Obstacles: Not automatically checked; inspect buildings, power lines, roads, railways, trees and fences manually. Airspace: Not automatically checked; manually review current aviation charts, NOTAMs, aerodromes and local procedures.</description><Point><coordinates>-1.1893627390223533,51.305453154417904,0</coordinates></Point></Placemark><Placemark><name>Unnamed face near SU 201 313</name><description>Thermal-trigger terrain; Sustained 120–200 m slope 7.5°; relief 24 m; qualifying ridge at ≥8° 193 m; 6% of the broader face reaches 8° and 0% reaches 9.5°. Category: Thermal trigger only. Obstacles: Not automatically checked; inspect buildings, power lines, roads, railways, trees and fences manually. Airspace: Not automatically checked; manually review current aviation charts, NOTAMs, aerodromes and local procedures.</description><Point><coordinates>-1.7095943346305171,51.08740987795766,0</coordinates></Point></Placemark><Placemark><name>Unnamed face near SU 379 376</name><description>Thermal-trigger terrain; Sustained 120–200 m slope 7.6°; relief 23 m; qualifying ridge at ≥8° 235 m; 10% of the broader face reaches 8° and 0% reaches 9.5°. Category: Thermal trigger only. Obstacles: Not automatically checked; inspect buildings, power lines, roads, railways, trees and fences manually. Airspace: Not automatically checked; manually review current aviation charts, NOTAMs, aerodromes and local procedures.</description><Point><coordinates>-1.4605680985652865,51.137866099949576,0</coordinates></Point></Placemark><Placemark><name>Unnamed face near SU 645 294</name><description>Thermal-trigger terrain; Sustained 120–200 m slope 7.5°; relief 23 m; qualifying ridge at ≥8° 125 m; 3% of the broader face reaches 8° and 0% reaches 9.5°. Category: Thermal trigger only. Obstacles: Not automatically checked; inspect buildings, power lines, roads, railways, trees and fences manually. Airspace: Not automatically checked; manually review current aviation charts, NOTAMs, aerodromes and local procedures.</description><Point><coordinates>-1.0806590248602315,51.06153997058992,0</coordinates></Point></Placemark><Placemark><name>Unnamed face near SU 291 231</name><description>Rejected terrain; Sustained 120–200 m slope 7.8°; relief 23 m; qualifying ridge at ≥8° 101 m; 16% of the broader face reaches 8° and 0% reaches 9.5°. Category: Rejected. Obstacles: Not automatically checked; inspect buildings, power lines, roads, railways, trees and fences manually. Airspace: Not automatically checked; manually review current aviation charts, NOTAMs, aerodromes and local procedures.</description><Point><coordinates>-1.5850848494267527,51.007886557071174,0</coordinates></Point></Placemark><Placemark><name>Unnamed face near SU 490 537</name><description>Thermal-trigger terrain; Sustained 120–200 m slope 7.2°; relief 24 m; qualifying ridge at ≥8° 245 m; 4% of the broader face reaches 8° and 0% reaches 9.5°. Category: Thermal trigger only. Obstacles: Not automatically checked; inspect buildings, power lines, roads, railways, trees and fences manually. Airspace: Not automatically checked; manually review current aviation charts, NOTAMs, aerodromes and local procedures.</description><Point><coordinates>-1.2945398326634157,51.286731967962204,0</coordinates></Point></Placemark><Placemark><name>Unnamed face near SU 359 313</name><description>Thermal-trigger terrain; Sustained 120–200 m slope 7.4°; relief 23 m; qualifying ridge at ≥8° 195 m; 2% of the broader face reaches 8° and 0% reaches 9.5°. Category: Thermal trigger only. Obstacles: Not automatically checked; inspect buildings, power lines, roads, railways, trees and fences manually. Airspace: Not automatically checked; manually review current aviation charts, NOTAMs, aerodromes and local procedures.</description><Point><coordinates>-1.5015157041720748,51.0754775648433,0</coordinates></Point></Placemark><Placemark><name>Unnamed face near SU 961 186</name><description>Thermal-trigger terrain; Sustained 120–200 m slope 7.7°; relief 23 m; qualifying ridge at ≥8° 122 m; 13% of the broader face reaches 8° and 0% reaches 9.5°. Category: Thermal trigger only. Obstacles: Not automatically checked; inspect buildings, power lines, roads, railways, trees and fences manually. Airspace: Not automatically checked; manually review current aviation charts, NOTAMs, aerodromes and local procedures.</description><Point><coordinates>-0.6329097297366254,50.96001861253964,0</coordinates></Point></Placemark><Placemark><name>Unnamed face near SU 889 244</name><description>Thermal-trigger terrain; Sustained 120–200 m slope 7.9°; relief 24 m; qualifying ridge at ≥8° 130 m; 4% of the broader face reaches 8° and 0% reaches 9.5°. Category: Thermal trigger only. Obstacles: Not automatically checked; inspect buildings, power lines, roads, railways, trees and fences manually. Airspace: Not automatically checked; manually review current aviation charts, NOTAMs, aerodromes and local procedures.</description><Point><coordinates>-0.7180023088085548,51.013996976242005,0</coordinates></Point></Placemark><Placemark><name>Gander Down</name><description>Thermal-trigger terrain; Sustained 120–200 m slope 7.3°; relief 24 m; qualifying ridge at ≥8° 179 m; 5% of the broader face reaches 8° and 0% reaches 9.5°. Category: Thermal trigger only. Obstacles: Not automatically checked; inspect buildings, power lines, roads, railways, trees and fences manually. Airspace: Not automatically checked; manually review current aviation charts, NOTAMs, aerodromes and local procedures.</description><Point><coordinates>-1.2423005438421328,51.04162057330698,0</coordinates></Point></Placemark><Placemark><name>Unnamed face near SU 416 465</name><description>Thermal-trigger terrain; Sustained 120–200 m slope 7.5°; relief 24 m; qualifying ridge at ≥8° 194 m; 7% of the broader face reaches 8° and 0% reaches 9.5°. Category: Thermal trigger only. Obstacles: Not automatically checked; inspect buildings, power lines, roads, railways, trees and fences manually. Airspace: Not automatically checked; manually review current aviation charts, NOTAMs, aerodromes and local procedures.</description><Point><coordinates>-1.4027576965663413,51.214872956010424,0</coordinates></Point></Placemark><Placemark><name>Unnamed face near SU 850 638</name><description>Thermal-trigger terrain; Sustained 120–200 m slope 7.7°; relief 23 m; qualifying ridge at ≥8° 128 m; 7% of the broader face reaches 8° and 0% reaches 9.5°. Category: Thermal trigger only. Obstacles: Not automatically checked; inspect buildings, power lines, roads, railways, trees and fences manually. Airspace: Not automatically checked; manually review current aviation charts, NOTAMs, aerodromes and local procedures.</description><Point><coordinates>-0.776826498656893,51.368936232319875,0</coordinates></Point></Placemark><Placemark><name>Unnamed face near SU 258 101</name><description>Rejected terrain; Sustained 120–200 m slope 7.9°; relief 24 m; qualifying ridge at ≥8° 172 m; 14% of the broader face reaches 8° and 0% reaches 9.5°. Category: Rejected. Obstacles: Not automatically checked; inspect buildings, power lines, roads, railways, trees and fences manually. Airspace: Not automatically checked; manually review current aviation charts, NOTAMs, aerodromes and local procedures.</description><Point><coordinates>-1.6203092492185767,50.88525088474254,0</coordinates></Point></Placemark><Placemark><name>Unnamed face near TQ 059 464</name><description>Rejected terrain; Sustained 120–200 m slope 8.0°; relief 25 m; qualifying ridge at ≥8° 161 m; 5% of the broader face reaches 8° and 0% reaches 9.5°. Category: Rejected. Obstacles: Not automatically checked; inspect buildings, power lines, roads, railways, trees and fences manually. Airspace: Not automatically checked; manually review current aviation charts, NOTAMs, aerodromes and local procedures.</description><Point><coordinates>-0.4905580738530654,51.20990025287062,0</coordinates></Point></Placemark><Placemark><name>Unnamed face near SU 878 597</name><description>Rejected terrain; Sustained 120–200 m slope 8.1°; relief 24 m; qualifying ridge at ≥8° 52 m; 19% of the broader face reaches 8° and 0% reaches 9.5°. Category: Rejected. Obstacles: Not automatically checked; inspect buildings, power lines, roads, railways, trees and fences manually. Airspace: Not automatically checked; manually review current aviation charts, NOTAMs, aerodromes and local procedures.</description><Point><coordinates>-0.7391346613681133,51.34018377099672,0</coordinates></Point></Placemark><Placemark><name>Unnamed face near TQ 065 184</name><description>Thermal-trigger terrain; Sustained 120–200 m slope 7.3°; relief 23 m; qualifying ridge at ≥8° 78 m; 4% of the broader face reaches 8° and 0% reaches 9.5°. Category: Thermal trigger only. Obstacles: Not automatically checked; inspect buildings, power lines, roads, railways, trees and fences manually. Airspace: Not automatically checked; manually review current aviation charts, NOTAMs, aerodromes and local procedures.</description><Point><coordinates>-0.4956989984370248,50.958051995229354,0</coordinates></Point></Placemark><Placemark><name>Unnamed face near SU 431 256</name><description>Rejected terrain; Sustained 120–200 m slope 7.5°; relief 25 m; qualifying ridge at ≥8° 187 m; 11% of the broader face reaches 8° and 0% reaches 9.5°. Category: Rejected. Obstacles: Not automatically checked; inspect buildings, power lines, roads, railways, trees and fences manually. Airspace: Not automatically checked; manually review current aviation charts, NOTAMs, aerodromes and local procedures.</description><Point><coordinates>-1.3882968510816003,51.03575555814171,0</coordinates></Point></Placemark><Placemark><name>Unnamed face near SU 834 489</name><description>Thermal-trigger terrain; Sustained 120–200 m slope 7.7°; relief 23 m; qualifying ridge at ≥8° 150 m; 13% of the broader face reaches 8° and 0% reaches 9.5°. Category: Thermal trigger only. Obstacles: Not automatically checked; inspect buildings, power lines, roads, railways, trees and fences manually. Airspace: Not automatically checked; manually review current aviation charts, NOTAMs, aerodromes and local procedures.</description><Point><coordinates>-0.8020735112744204,51.24360688570448,0</coordinates></Point></Placemark><Placemark><name>Unnamed face near SU 994 694</name><description>Rejected terrain; Sustained 120–200 m slope 8.3°; relief 26 m; qualifying ridge at ≥8° 164 m; 11% of the broader face reaches 8° and 1% reaches 9.5°. Category: Rejected. Obstacles: Not automatically checked; inspect buildings, power lines, roads, railways, trees and fences manually. Airspace: Not automatically checked; manually review current aviation charts, NOTAMs, aerodromes and local procedures.</description><Point><coordinates>-0.5638407331472002,51.410217241648084,0</coordinates></Point></Placemark><Placemark><name>Unnamed face near SU 365 380</name><description>Thermal-trigger terrain; Sustained 120–200 m slope 7.3°; relief 23 m; qualifying ridge at ≥8° 217 m; 3% of the broader face reaches 8° and 0% reaches 9.5°. Category: Thermal trigger only. Obstacles: Not automatically checked; inspect buildings, power lines, roads, railways, trees and fences manually. Airspace: Not automatically checked; manually review current aviation charts, NOTAMs, aerodromes and local procedures.</description><Point><coordinates>-1.4735626687332806,51.14538302001307,0</coordinates></Point></Placemark><Placemark><name>Unnamed face near SU 491 112</name><description>Rejected terrain; Sustained 120–200 m slope 7.7°; relief 24 m; qualifying ridge at ≥8° 134 m; 16% of the broader face reaches 8° and 0% reaches 9.5°. Category: Rejected. Obstacles: Not automatically checked; inspect buildings, power lines, roads, railways, trees and fences manually. Airspace: Not automatically checked; manually review current aviation charts, NOTAMs, aerodromes and local procedures.</description><Point><coordinates>-1.313650318450912,50.894582876066714,0</coordinates></Point></Placemark><Placemark><name>Unnamed face near SU 797 369</name><description>Rejected terrain; Sustained 120–200 m slope 7.7°; relief 23 m; qualifying ridge at ≥8° 176 m; 9% of the broader face reaches 8° and 0% reaches 9.5°. Category: Rejected. Obstacles: Not automatically checked; inspect buildings, power lines, roads, railways, trees and fences manually. Airspace: Not automatically checked; manually review current aviation charts, NOTAMs, aerodromes and local procedures.</description><Point><coordinates>-0.8535620276562709,51.12535319615448,0</coordinates></Point></Placemark><Placemark><name>Unnamed face near SU 379 181</name><description>Rejected terrain; Sustained 120–200 m slope 7.7°; relief 23 m; qualifying ridge at ≥8° 144 m; 5% of the broader face reaches 8° and 0% reaches 9.5°. Category: Rejected. Obstacles: Not automatically checked; inspect buildings, power lines, roads, railways, trees and fences manually. Airspace: Not automatically checked; manually review current aviation charts, NOTAMs, aerodromes and local procedures.</description><Point><coordinates>-1.4606773417137056,50.96222833126284,0</coordinates></Point></Placemark><Placemark><name>Candover Valley</name><description>Thermal-trigger terrain; Sustained 120–200 m slope 7.2°; relief 24 m; qualifying ridge at ≥8° 135 m; 1% of the broader face reaches 8° and 0% reaches 9.5°. Category: Thermal trigger only. Obstacles: Not automatically checked; inspect buildings, power lines, roads, railways, trees and fences manually. Airspace: Not automatically checked; manually review current aviation charts, NOTAMs, aerodromes and local procedures.</description><Point><coordinates>-1.1216723730710745,51.19303900920412,0</coordinates></Point></Placemark><Placemark><name>Unnamed face near SU 619 739</name><description>Thermal-trigger terrain; Sustained 120–200 m slope 7.3°; relief 23 m; qualifying ridge at ≥8° 136 m; 4% of the broader face reaches 8° and 0% reaches 9.5°. Category: Thermal trigger only. Obstacles: Not automatically checked; inspect buildings, power lines, roads, railways, trees and fences manually. Airspace: Not automatically checked; manually review current aviation charts, NOTAMs, aerodromes and local procedures.</description><Point><coordinates>-1.1222685795427063,51.461427409658135,0</coordinates></Point></Placemark><Placemark><name>Unnamed face near SU 981 178</name><description>Rejected terrain; Sustained 120–200 m slope 7.9°; relief 24 m; qualifying ridge at ≥8° 91 m; 25% of the broader face reaches 8° and 0% reaches 9.5°. Category: Rejected. Obstacles: Not automatically checked; inspect buildings, power lines, roads, railways, trees and fences manually. Airspace: Not automatically checked; manually review current aviation charts, NOTAMs, aerodromes and local procedures.</description><Point><coordinates>-0.5956479998119332,50.949161295969,0</coordinates></Point></Placemark><Placemark><name>Unnamed face near SU 494 750</name><description>Rejected terrain; Sustained 120–200 m slope 7.6°; relief 23 m; qualifying ridge at ≥8° 76 m; 12% of the broader face reaches 8° and 0% reaches 9.5°. Category: Rejected. Obstacles: Not automatically checked; inspect buildings, power lines, roads, railways, trees and fences manually. Airspace: Not automatically checked; manually review current aviation charts, NOTAMs, aerodromes and local procedures.</description><Point><coordinates>-1.289897797212274,51.473047935734506,0</coordinates></Point></Placemark><Placemark><name>Unnamed face near SU 775 259</name><description>Rejected terrain; Sustained 120–200 m slope 8.2°; relief 25 m; qualifying ridge at ≥8° 129 m; 28% of the broader face reaches 8° and 6% reaches 9.5°. Category: Rejected. Obstacles: Not automatically checked; inspect buildings, power lines, roads, railways, trees and fences manually. Airspace: Not automatically checked; manually review current aviation charts, NOTAMs, aerodromes and local procedures.</description><Point><coordinates>-0.8827353366046042,51.03059319394482,0</coordinates></Point></Placemark><Placemark><name>Unnamed face near SU 930 264</name><description>Rejected terrain; Sustained 120–200 m slope 7.6°; relief 23 m; qualifying ridge at ≥8° 123 m; 9% of the broader face reaches 8° and 0% reaches 9.5°. Category: Rejected. Obstacles: Not automatically checked; inspect buildings, power lines, roads, railways, trees and fences manually. Airspace: Not automatically checked; manually review current aviation charts, NOTAMs, aerodromes and local procedures.</description><Point><coordinates>-0.6706959292449917,51.03725980670846,0</coordinates></Point></Placemark><Placemark><name>Unnamed face near SU 607 721</name><description>Thermal-trigger terrain; Sustained 120–200 m slope 7.2°; relief 23 m; qualifying ridge at ≥8° 126 m; 5% of the broader face reaches 8° and 0% reaches 9.5°. Category: Thermal trigger only. Obstacles: Not automatically checked; inspect buildings, power lines, roads, railways, trees and fences manually. Airspace: Not automatically checked; manually review current aviation charts, NOTAMs, aerodromes and local procedures.</description><Point><coordinates>-1.112338845301424,51.43964115328507,0</coordinates></Point></Placemark><Placemark><name>Unnamed face near SU 854 581</name><description>Thermal-trigger terrain; Sustained 120–200 m slope 7.5°; relief 22 m; qualifying ridge at ≥8° 75 m; 2% of the broader face reaches 8° and 0% reaches 9.5°. Category: Thermal trigger only. Obstacles: Not automatically checked; inspect buildings, power lines, roads, railways, trees and fences manually. Airspace: Not automatically checked; manually review current aviation charts, NOTAMs, aerodromes and local procedures.</description><Point><coordinates>-0.7757402343912989,51.31746028133882,0</coordinates></Point></Placemark><Placemark><name>Unnamed face near TQ 147 337</name><description>Thermal-trigger terrain; Sustained 120–200 m slope 7.3°; relief 23 m; qualifying ridge at ≥8° 0 m; 0% of the broader face reaches 8° and 0% reaches 9.5°. Category: Thermal trigger only. Obstacles: Not automatically checked; inspect buildings, power lines, roads, railways, trees and fences manually. Airspace: Not automatically checked; manually review current aviation charts, NOTAMs, aerodromes and local procedures.</description><Point><coordinates>-0.3587475257603406,51.091727257335364,0</coordinates></Point></Placemark><Placemark><name>Unnamed face near SU 364 553</name><description>Rejected terrain; Sustained 120–200 m slope 7.8°; relief 26 m; qualifying ridge at ≥8° 148 m; 22% of the broader face reaches 8° and 0% reaches 9.5°. Category: Rejected. Obstacles: Not automatically checked; inspect buildings, power lines, roads, railways, trees and fences manually. Airspace: Not automatically checked; manually review current aviation charts, NOTAMs, aerodromes and local procedures.</description><Point><coordinates>-1.4835313617306853,51.28558510944392,0</coordinates></Point></Placemark><Placemark><name>Unnamed face near SU 760 255</name><description>Rejected terrain; Sustained 120–200 m slope 7.5°; relief 22 m; qualifying ridge at ≥8° 65 m; 5% of the broader face reaches 8° and 0% reaches 9.5°. Category: Rejected. Obstacles: Not automatically checked; inspect buildings, power lines, roads, railways, trees and fences manually. Airspace: Not automatically checked; manually review current aviation charts, NOTAMs, aerodromes and local procedures.</description><Point><coordinates>-0.9177615936367272,51.02448583220286,0</coordinates></Point></Placemark><Placemark><name>Unnamed face near SU 806 455</name><description>Thermal-trigger terrain; Sustained 120–200 m slope 7.3°; relief 22 m; qualifying ridge at ≥8° 65 m; 1% of the broader face reaches 8° and 0% reaches 9.5°. Category: Thermal trigger only. Obstacles: Not automatically checked; inspect buildings, power lines, roads, railways, trees and fences manually. Airspace: Not automatically checked; manually review current aviation charts, NOTAMs, aerodromes and local procedures.</description><Point><coordinates>-0.858942619115898,51.20904189992403,0</coordinates></Point></Placemark><Placemark><name>Unnamed face near SU 475 137</name><description>Thermal-trigger terrain; Sustained 120–200 m slope 7.8°; relief 23 m; qualifying ridge at ≥8° 125 m; 17% of the broader face reaches 8° and 2% reaches 9.5°. Category: Thermal trigger only. Obstacles: Not automatically checked; inspect buildings, power lines, roads, railways, trees and fences manually. Airspace: Not automatically checked; manually review current aviation charts, NOTAMs, aerodromes and local procedures.</description><Point><coordinates>-1.3243902186468341,50.92176020234875,0</coordinates></Point></Placemark><Placemark><name>Unnamed face near SU 513 090</name><description>Rejected terrain; Sustained 120–200 m slope 7.4°; relief 22 m; qualifying ridge at ≥8° 112 m; 6% of the broader face reaches 8° and 0% reaches 9.5°. Category: Rejected. Obstacles: Not automatically checked; inspect buildings, power lines, roads, railways, trees and fences manually. Airspace: Not automatically checked; manually review current aviation charts, NOTAMs, aerodromes and local procedures.</description><Point><coordinates>-1.270091913224935,50.87862260072312,0</coordinates></Point></Placemark><Placemark><name>Unnamed face near SU 619 770</name><description>Rejected terrain; Sustained 120–200 m slope 7.6°; relief 22 m; qualifying ridge at ≥8° 173 m; 21% of the broader face reaches 8° and 1% reaches 9.5°. Category: Rejected. Obstacles: Not automatically checked; inspect buildings, power lines, roads, railways, trees and fences manually. Airspace: Not automatically checked; manually review current aviation charts, NOTAMs, aerodromes and local procedures.</description><Point><coordinates>-1.1047497376339364,51.500005544179025,0</coordinates></Point></Placemark><Placemark><name>Unnamed face near SU 657 314</name><description>Rejected terrain; Sustained 120–200 m slope 7.7°; relief 25 m; qualifying ridge at ≥8° 189 m; 5% of the broader face reaches 8° and 0% reaches 9.5°. Category: Rejected. Obstacles: Not automatically checked; inspect buildings, power lines, roads, railways, trees and fences manually. Airspace: Not automatically checked; manually review current aviation charts, NOTAMs, aerodromes and local procedures.</description><Point><coordinates>-1.0604657278023404,51.07861173472852,0</coordinates></Point></Placemark><Placemark><name>Unnamed face near SU 750 122</name><description>Thermal-trigger terrain; Sustained 120–200 m slope 7.2°; relief 23 m; qualifying ridge at ≥8° 212 m; 11% of the broader face reaches 8° and 0% reaches 9.5°. Category: Thermal trigger only. Obstacles: Not automatically checked; inspect buildings, power lines, roads, railways, trees and fences manually. Airspace: Not automatically checked; manually review current aviation charts, NOTAMs, aerodromes and local procedures.</description><Point><coordinates>-0.952258693110839,50.90418444699142,0</coordinates></Point></Placemark><Placemark><name>Unnamed face near SU 536 791</name><description>Thermal-trigger terrain; Sustained 120–200 m slope 7.2°; relief 23 m; qualifying ridge at ≥8° 91 m; 1% of the broader face reaches 8° and 0% reaches 9.5°. Category: Thermal trigger only. Obstacles: Not automatically checked; inspect buildings, power lines, roads, railways, trees and fences manually. Airspace: Not automatically checked; manually review current aviation charts, NOTAMs, aerodromes and local procedures.</description><Point><coordinates>-1.2239665754378966,51.50996215748396,0</coordinates></Point></Placemark><Placemark><name>Unnamed face near SU 947 243</name><description>Thermal-trigger terrain; Sustained 120–200 m slope 7.3°; relief 23 m; qualifying ridge at ≥8° 118 m; 3% of the broader face reaches 8° and 0% reaches 9.5°. Category: Thermal trigger only. Obstacles: Not automatically checked; inspect buildings, power lines, roads, railways, trees and fences manually. Airspace: Not automatically checked; manually review current aviation charts, NOTAMs, aerodromes and local procedures.</description><Point><coordinates>-0.6511324118865617,51.01186170283891,0</coordinates></Point></Placemark><Placemark><name>Unnamed face near SU 656 271</name><description>Thermal-trigger terrain; Sustained 120–200 m slope 7.2°; relief 23 m; qualifying ridge at ≥8° 0 m; 0% of the broader face reaches 8° and 0% reaches 9.5°. Category: Thermal trigger only. Obstacles: Not automatically checked; inspect buildings, power lines, roads, railways, trees and fences manually. Airspace: Not automatically checked; manually review current aviation charts, NOTAMs, aerodromes and local procedures.</description><Point><coordinates>-1.0631182884455375,51.04072126854808,0</coordinates></Point></Placemark><Placemark><name>Unnamed face near SU 466 271</name><description>Rejected terrain; Sustained 120–200 m slope 8.1°; relief 27 m; qualifying ridge at ≥8° 150 m; 13% of the broader face reaches 8° and 5% reaches 9.5°. Category: Rejected. Obstacles: Not automatically checked; inspect buildings, power lines, roads, railways, trees and fences manually. Airspace: Not automatically checked; manually review current aviation charts, NOTAMs, aerodromes and local procedures.</description><Point><coordinates>-1.349419351753396,51.03361422753503,0</coordinates></Point></Placemark><Placemark><name>Unnamed face near SU 533 681</name><description>Rejected terrain; Sustained 120–200 m slope 7.4°; relief 22 m; qualifying ridge at ≥8° 54 m; 1% of the broader face reaches 8° and 0% reaches 9.5°. Category: Rejected. Obstacles: Not automatically checked; inspect buildings, power lines, roads, railways, trees and fences manually. Airspace: Not automatically checked; manually review current aviation charts, NOTAMs, aerodromes and local procedures.</description><Point><coordinates>-1.2228482016882543,51.40955123516583,0</coordinates></Point></Placemark><Placemark><name>Unnamed face near SU 210 479</name><description>Thermal-trigger terrain; Sustained 120–200 m slope 7.1°; relief 24 m; qualifying ridge at ≥8° 118 m; 3% of the broader face reaches 8° and 0% reaches 9.5°. Category: Thermal trigger only. Obstacles: Not automatically checked; inspect buildings, power lines, roads, railways, trees and fences manually. Airspace: Not automatically checked; manually review current aviation charts, NOTAMs, aerodromes and local procedures.</description><Point><coordinates>-1.6981398651602595,51.22965089635275,0</coordinates></Point></Placemark><Placemark><name>Unnamed face near SU 704 383</name><description>Thermal-trigger terrain; Sustained 120–200 m slope 7.2°; relief 23 m; qualifying ridge at ≥8° 123 m; 1% of the broader face reaches 8° and 0% reaches 9.5°. Category: Thermal trigger only. Obstacles: Not automatically checked; inspect buildings, power lines, roads, railways, trees and fences manually. Airspace: Not automatically checked; manually review current aviation charts, NOTAMs, aerodromes and local procedures.</description><Point><coordinates>-0.9957391411451944,51.14030257740466,0</coordinates></Point></Placemark><Placemark><name>Unnamed face near SU 491 685</name><description>Rejected terrain; Sustained 120–200 m slope 7.7°; relief 24 m; qualifying ridge at ≥8° 114 m; 6% of the broader face reaches 8° and 0% reaches 9.5°. Category: Rejected. Obstacles: Not automatically checked; inspect buildings, power lines, roads, railways, trees and fences manually. Airspace: Not automatically checked; manually review current aviation charts, NOTAMs, aerodromes and local procedures.</description><Point><coordinates>-1.2865323938941646,51.413419677507804,0</coordinates></Point></Placemark><Placemark><name>Unnamed face near TQ 009 262</name><description>Rejected terrain; Sustained 120–200 m slope 7.5°; relief 22 m; qualifying ridge at ≥8° 171 m; 11% of the broader face reaches 8° and 0% reaches 9.5°. Category: Rejected. Obstacles: Not automatically checked; inspect buildings, power lines, roads, railways, trees and fences manually. Airspace: Not automatically checked; manually review current aviation charts, NOTAMs, aerodromes and local procedures.</description><Point><coordinates>-0.5620680067906392,51.02706878343999,0</coordinates></Point></Placemark><Placemark><name>Unnamed face near SZ 553 915</name><description>Thermal-trigger terrain; Sustained 120–200 m slope 7.4°; relief 22 m; qualifying ridge at ≥8° 89 m; 2% of the broader face reaches 8° and 0% reaches 9.5°. Category: Thermal trigger only. Obstacles: Not automatically checked; inspect buildings, power lines, roads, railways, trees and fences manually. Airspace: Not automatically checked; manually review current aviation charts, NOTAMs, aerodromes and local procedures.</description><Point><coordinates>-1.2085749446955205,50.71754374167339,0</coordinates></Point></Placemark><Placemark><name>Unnamed face near SU 412 243</name><description>Rejected terrain; Sustained 120–200 m slope 7.6°; relief 22 m; qualifying ridge at ≥8° 81 m; 9% of the broader face reaches 8° and 0% reaches 9.5°. Category: Rejected. Obstacles: Not automatically checked; inspect buildings, power lines, roads, railways, trees and fences manually. Airspace: Not automatically checked; manually review current aviation charts, NOTAMs, aerodromes and local procedures.</description><Point><coordinates>-1.4195361645564297,51.01537952487151,0</coordinates></Point></Placemark><Placemark><name>Unnamed face near SZ 634 897</name><description>Thermal-trigger terrain; Sustained 120–200 m slope 7.3°; relief 24 m; qualifying ridge at ≥8° 86 m; 3% of the broader face reaches 8° and 0% reaches 9.5°. Category: Thermal trigger only. Obstacles: Not automatically checked; inspect buildings, power lines, roads, railways, trees and fences manually. Airspace: Not automatically checked; manually review current aviation charts, NOTAMs, aerodromes and local procedures.</description><Point><coordinates>-1.106875217811515,50.69890025062859,0</coordinates></Point></Placemark><Placemark><name>Unnamed face near SZ 611 892</name><description>Thermal-trigger terrain; Sustained 120–200 m slope 7.4°; relief 24 m; qualifying ridge at ≥8° 48 m; 1% of the broader face reaches 8° and 0% reaches 9.5°. Category: Thermal trigger only. Obstacles: Not automatically checked; inspect buildings, power lines, roads, railways, trees and fences manually. Airspace: Not automatically checked; manually review current aviation charts, NOTAMs, aerodromes and local procedures.</description><Point><coordinates>-1.135351338501189,50.69981874164091,0</coordinates></Point></Placemark><Placemark><name>Unnamed face near SU 816 464</name><description>Rejected terrain; Sustained 120–200 m slope 8.0°; relief 24 m; qualifying ridge at ≥8° 120 m; 7% of the broader face reaches 8° and 0% reaches 9.5°. Category: Rejected. Obstacles: Not automatically checked; inspect buildings, power lines, roads, railways, trees and fences manually. Airspace: Not automatically checked; manually review current aviation charts, NOTAMs, aerodromes and local procedures.</description><Point><coordinates>-0.8175402110930267,51.21363922228333,0</coordinates></Point></Placemark><Placemark><name>Unnamed face near SU 606 190</name><description>Rejected terrain; Sustained 120–200 m slope 7.8°; relief 24 m; qualifying ridge at ≥8° 122 m; 9% of the broader face reaches 8° and 0% reaches 9.5°. Category: Rejected. Obstacles: Not automatically checked; inspect buildings, power lines, roads, railways, trees and fences manually. Airspace: Not automatically checked; manually review current aviation charts, NOTAMs, aerodromes and local procedures.</description><Point><coordinates>-1.1259484915382094,50.96820032210361,0</coordinates></Point></Placemark><Placemark><name>Unnamed face near SU 828 224</name><description>Rejected terrain; Sustained 120–200 m slope 7.5°; relief 22 m; qualifying ridge at ≥8° 85 m; 5% of the broader face reaches 8° and 0% reaches 9.5°. Category: Rejected. Obstacles: Not automatically checked; inspect buildings, power lines, roads, railways, trees and fences manually. Airspace: Not automatically checked; manually review current aviation charts, NOTAMs, aerodromes and local procedures.</description><Point><coordinates>-0.8204068720446117,50.99633724594359,0</coordinates></Point></Placemark><Placemark><name>Unnamed face near SU 355 686</name><description>Thermal-trigger terrain; Sustained 120–200 m slope 7.3°; relief 23 m; qualifying ridge at ≥8° 0 m; 0% of the broader face reaches 8° and 0% reaches 9.5°. Category: Thermal trigger only. Obstacles: Not automatically checked; inspect buildings, power lines, roads, railways, trees and fences manually. Airspace: Not automatically checked; manually review current aviation charts, NOTAMs, aerodromes and local procedures.</description><Point><coordinates>-1.4863000217947582,51.41593460013444,0</coordinates></Point></Placemark><Placemark><name>Unnamed face near SU 524 693</name><description>Rejected terrain; Sustained 120–200 m slope 7.6°; relief 23 m; qualifying ridge at ≥8° 82 m; 1% of the broader face reaches 8° and 0% reaches 9.5°. Category: Rejected. Obstacles: Not automatically checked; inspect buildings, power lines, roads, railways, trees and fences manually. Airspace: Not automatically checked; manually review current aviation charts, NOTAMs, aerodromes and local procedures.</description><Point><coordinates>-1.2550861113480727,51.42020989472851,0</coordinates></Point></Placemark><Placemark><name>Unnamed face near SU 487 097</name><description>Thermal-trigger terrain; Sustained 120–200 m slope 7.5°; relief 24 m; qualifying ridge at ≥8° 72 m; 11% of the broader face reaches 8° and 0% reaches 9.5°. Category: Thermal trigger only. Obstacles: Not automatically checked; inspect buildings, power lines, roads, railways, trees and fences manually. Airspace: Not automatically checked; manually review current aviation charts, NOTAMs, aerodromes and local procedures.</description><Point><coordinates>-1.3161557544166487,50.88617195826054,0</coordinates></Point></Placemark><Placemark><name>Unnamed face near SU 412 696</name><description>Thermal-trigger terrain; Sustained 120–200 m slope 7.5°; relief 23 m; qualifying ridge at ≥8° 76 m; 6% of the broader face reaches 8° and 0% reaches 9.5°. Category: Thermal trigger only. Obstacles: Not automatically checked; inspect buildings, power lines, roads, railways, trees and fences manually. Airspace: Not automatically checked; manually review current aviation charts, NOTAMs, aerodromes and local procedures.</description><Point><coordinates>-1.4161969337875193,51.43248023654853,0</coordinates></Point></Placemark><Placemark><name>Unnamed face near SU 832 092</name><description>Thermal-trigger terrain; Sustained 120–200 m slope 7.2°; relief 24 m; qualifying ridge at ≥8° 68 m; 0% of the broader face reaches 8° and 0% reaches 9.5°. Category: Thermal trigger only. Obstacles: Not automatically checked; inspect buildings, power lines, roads, railways, trees and fences manually. Airspace: Not automatically checked; manually review current aviation charts, NOTAMs, aerodromes and local procedures.</description><Point><coordinates>-0.8262077903791388,50.881945287526456,0</coordinates></Point></Placemark><Placemark><name>Unnamed face near SU 830 377</name><description>Thermal-trigger terrain; Sustained 120–200 m slope 7.2°; relief 23 m; qualifying ridge at ≥8° 49 m; 1% of the broader face reaches 8° and 0% reaches 9.5°. Category: Thermal trigger only. Obstacles: Not automatically checked; inspect buildings, power lines, roads, railways, trees and fences manually. Airspace: Not automatically checked; manually review current aviation charts, NOTAMs, aerodromes and local procedures.</description><Point><coordinates>-0.8170290137636098,51.12691609422392,0</coordinates></Point></Placemark><Placemark><name>Unnamed face near SZ 484 901</name><description>Thermal-trigger terrain; Sustained 120–200 m slope 6.6°; relief 23 m; qualifying ridge at ≥8° 0 m; 0% of the broader face reaches 8° and 0% reaches 9.5°. Category: Thermal trigger only. Obstacles: Not automatically checked; inspect buildings, power lines, roads, railways, trees and fences manually. Airspace: Not automatically checked; manually review current aviation charts, NOTAMs, aerodromes and local procedures.</description><Point><coordinates>-1.3249440825156342,50.70876502939654,0</coordinates></Point></Placemark><Placemark><name>Unnamed face near SU 466 511</name><description>Thermal-trigger terrain; Sustained 120–200 m slope 7.2°; relief 25 m; qualifying ridge at ≥8° 90 m; 1% of the broader face reaches 8° and 0% reaches 9.5°. Category: Thermal trigger only. Obstacles: Not automatically checked; inspect buildings, power lines, roads, railways, trees and fences manually. Airspace: Not automatically checked; manually review current aviation charts, NOTAMs, aerodromes and local procedures.</description><Point><coordinates>-1.3346576568830615,51.26123154674394,0</coordinates></Point></Placemark><Placemark><name>Unnamed face near SU 539 566</name><description>Thermal-trigger terrain; Sustained 120–200 m slope 6.9°; relief 24 m; qualifying ridge at ≥8° 0 m; 0% of the broader face reaches 8° and 0% reaches 9.5°. Category: Thermal trigger only. Obstacles: Not automatically checked; inspect buildings, power lines, roads, railways, trees and fences manually. Airspace: Not automatically checked; manually review current aviation charts, NOTAMs, aerodromes and local procedures.</description><Point><coordinates>-1.2193301803960732,51.308258171123605,0</coordinates></Point></Placemark><Placemark><name>Unnamed face near SU 428 723</name><description>Thermal-trigger terrain; Sustained 120–200 m slope 7.4°; relief 22 m; qualifying ridge at ≥8° 121 m; 2% of the broader face reaches 8° and 0% reaches 9.5°. Category: Thermal trigger only. Obstacles: Not automatically checked; inspect buildings, power lines, roads, railways, trees and fences manually. Airspace: Not automatically checked; manually review current aviation charts, NOTAMs, aerodromes and local procedures.</description><Point><coordinates>-1.3842697745115244,51.449171799409996,0</coordinates></Point></Placemark><Placemark><name>Unnamed face near SU 944 196</name><description>Rejected terrain; Sustained 120–200 m slope 7.3°; relief 22 m; qualifying ridge at ≥8° 139 m; 7% of the broader face reaches 8° and 0% reaches 9.5°. Category: Rejected. Obstacles: Not automatically checked; inspect buildings, power lines, roads, railways, trees and fences manually. Airspace: Not automatically checked; manually review current aviation charts, NOTAMs, aerodromes and local procedures.</description><Point><coordinates>-0.6565711330668272,50.96907402818311,0</coordinates></Point></Placemark><Placemark><name>Unnamed face near SU 781 310</name><description>Thermal-trigger terrain; Sustained 120–200 m slope 7.3°; relief 22 m; qualifying ridge at ≥8° 30 m; 0% of the broader face reaches 8° and 0% reaches 9.5°. Category: Thermal trigger only. Obstacles: Not automatically checked; inspect buildings, power lines, roads, railways, trees and fences manually. Airspace: Not automatically checked; manually review current aviation charts, NOTAMs, aerodromes and local procedures.</description><Point><coordinates>-0.8850829682653965,51.07417073405136,0</coordinates></Point></Placemark><Placemark><name>Unnamed face near SU 992 154</name><description>Thermal-trigger terrain; Sustained 120–200 m slope 7.3°; relief 23 m; qualifying ridge at ≥8° 0 m; 0% of the broader face reaches 8° and 0% reaches 9.5°. Category: Thermal trigger only. Obstacles: Not automatically checked; inspect buildings, power lines, roads, railways, trees and fences manually. Airspace: Not automatically checked; manually review current aviation charts, NOTAMs, aerodromes and local procedures.</description><Point><coordinates>-0.5890871639392592,50.930889656186515,0</coordinates></Point></Placemark><Placemark><name>Unnamed face near SU 798 340</name><description>Rejected terrain; Sustained 120–200 m slope 7.5°; relief 22 m; qualifying ridge at ≥8° 74 m; 5% of the broader face reaches 8° and 0% reaches 9.5°. Category: Rejected. Obstacles: Not automatically checked; inspect buildings, power lines, roads, railways, trees and fences manually. Airspace: Not automatically checked; manually review current aviation charts, NOTAMs, aerodromes and local procedures.</description><Point><coordinates>-0.8614707444214926,51.10082217229815,0</coordinates></Point></Placemark><Placemark><name>Unnamed face near SU 899 396</name><description>Thermal-trigger terrain; Sustained 120–200 m slope 7.4°; relief 22 m; qualifying ridge at ≥8° 83 m; 16% of the broader face reaches 8° and 0% reaches 9.5°. Category: Thermal trigger only. Obstacles: Not automatically checked; inspect buildings, power lines, roads, railways, trees and fences manually. Airspace: Not automatically checked; manually review current aviation charts, NOTAMs, aerodromes and local procedures.</description><Point><coordinates>-0.7248082481772263,51.15342875736033,0</coordinates></Point></Placemark><Placemark><name>Unnamed face near SU 506 545</name><description>Rejected terrain; Sustained 120–200 m slope 7.0°; relief 22 m; qualifying ridge at ≥8° 50 m; 2% of the broader face reaches 8° and 0% reaches 9.5°. Category: Rejected. Obstacles: Not automatically checked; inspect buildings, power lines, roads, railways, trees and fences manually. Airspace: Not automatically checked; manually review current aviation charts, NOTAMs, aerodromes and local procedures.</description><Point><coordinates>-1.288718990038982,51.2945560117632,0</coordinates></Point></Placemark><Placemark><name>Unnamed face near SU 260 157</name><description>Rejected terrain; Sustained 120–200 m slope 7.2°; relief 22 m; qualifying ridge at ≥8° 0 m; 0% of the broader face reaches 8° and 0% reaches 9.5°. Category: Rejected. Obstacles: Not automatically checked; inspect buildings, power lines, roads, railways, trees and fences manually. Airspace: Not automatically checked; manually review current aviation charts, NOTAMs, aerodromes and local procedures.</description><Point><coordinates>-1.6274527766087072,50.941205936766806,0</coordinates></Point></Placemark><Placemark><name>Unnamed face near SU 332 639</name><description>Thermal-trigger terrain; Sustained 120–200 m slope 7.3°; relief 21 m; qualifying ridge at ≥8° 0 m; 0% of the broader face reaches 8° and 0% reaches 9.5°. Category: Thermal trigger only. Obstacles: Not automatically checked; inspect buildings, power lines, roads, railways, trees and fences manually. Airspace: Not automatically checked; manually review current aviation charts, NOTAMs, aerodromes and local procedures.</description><Point><coordinates>-1.5218667929237466,51.3745968171765,0</coordinates></Point></Placemark><Placemark><name>Candover Valley</name><description>Rejected terrain; Sustained 120–200 m slope 7.0°; relief 23 m; qualifying ridge at ≥8° 0 m; 0% of the broader face reaches 8° and 0% reaches 9.5°. Category: Rejected. Obstacles: Not automatically checked; inspect buildings, power lines, roads, railways, trees and fences manually. Airspace: Not automatically checked; manually review current aviation charts, NOTAMs, aerodromes and local procedures.</description><Point><coordinates>-1.1280092712479717,51.19039763033749,0</coordinates></Point></Placemark><Placemark><name>Unnamed face near SU 616 751</name><description>Thermal-trigger terrain; Sustained 120–200 m slope 7.4°; relief 22 m; qualifying ridge at ≥8° 146 m; 6% of the broader face reaches 8° and 0% reaches 9.5°. Category: Thermal trigger only. Obstacles: Not automatically checked; inspect buildings, power lines, roads, railways, trees and fences manually. Airspace: Not automatically checked; manually review current aviation charts, NOTAMs, aerodromes and local procedures.</description><Point><coordinates>-1.0966110505813458,51.472618180140266,0</coordinates></Point></Placemark><Placemark><name>Unnamed face near SU 949 299</name><description>Rejected terrain; Sustained 120–200 m slope 7.4°; relief 22 m; qualifying ridge at ≥8° 0 m; 0% of the broader face reaches 8° and 0% reaches 9.5°. Category: Rejected. Obstacles: Not automatically checked; inspect buildings, power lines, roads, railways, trees and fences manually. Airspace: Not automatically checked; manually review current aviation charts, NOTAMs, aerodromes and local procedures.</description><Point><coordinates>-0.6487116303375297,51.06145116500937,0</coordinates></Point></Placemark><Placemark><name>Unnamed face near SU 481 305</name><description>Rejected terrain; Sustained 120–200 m slope 7.0°; relief 22 m; qualifying ridge at ≥8° 113 m; 25% of the broader face reaches 8° and 14% reaches 9.5°. Category: Rejected. Obstacles: Not automatically checked; inspect buildings, power lines, roads, railways, trees and fences manually. Airspace: Not automatically checked; manually review current aviation charts, NOTAMs, aerodromes and local procedures.</description><Point><coordinates>-1.3051062001085834,51.06298223080631,0</coordinates></Point></Placemark><Placemark><name>Unnamed face near SU 331 689</name><description>Thermal-trigger terrain; Sustained 120–200 m slope 7.2°; relief 23 m; qualifying ridge at ≥8° 59 m; 0% of the broader face reaches 8° and 0% reaches 9.5°. Category: Thermal trigger only. Obstacles: Not automatically checked; inspect buildings, power lines, roads, railways, trees and fences manually. Airspace: Not automatically checked; manually review current aviation charts, NOTAMs, aerodromes and local procedures.</description><Point><coordinates>-1.5242762159055094,51.41942616835484,0</coordinates></Point></Placemark><Placemark><name>Unnamed face near SU 395 362</name><description>Rejected terrain; Sustained 120–200 m slope 7.4°; relief 22 m; qualifying ridge at ≥8° 42 m; 1% of the broader face reaches 8° and 0% reaches 9.5°. Category: Rejected. Obstacles: Not automatically checked; inspect buildings, power lines, roads, railways, trees and fences manually. Airspace: Not automatically checked; manually review current aviation charts, NOTAMs, aerodromes and local procedures.</description><Point><coordinates>-1.4364048451416587,51.12469131605849,0</coordinates></Point></Placemark><Placemark><name>Unnamed face near SU 213 246</name><description>Rejected terrain; Sustained 120–200 m slope 7.2°; relief 25 m; qualifying ridge at ≥8° 79 m; 2% of the broader face reaches 8° and 0% reaches 9.5°. Category: Rejected. Obstacles: Not automatically checked; inspect buildings, power lines, roads, railways, trees and fences manually. Airspace: Not automatically checked; manually review current aviation charts, NOTAMs, aerodromes and local procedures.</description><Point><coordinates>-1.7099778821242388,51.02051856383634,0</coordinates></Point></Placemark><Placemark><name>Unnamed face near SU 311 248</name><description>Thermal-trigger terrain; Sustained 120–200 m slope 7.4°; relief 22 m; qualifying ridge at ≥8° 93 m; 3% of the broader face reaches 8° and 0% reaches 9.5°. Category: Thermal trigger only. Obstacles: Not automatically checked; inspect buildings, power lines, roads, railways, trees and fences manually. Airspace: Not automatically checked; manually review current aviation charts, NOTAMs, aerodromes and local procedures.</description><Point><coordinates>-1.5559784250689004,51.02273443750184,0</coordinates></Point></Placemark><Placemark><name>Bighton Hill</name><description>Thermal-trigger terrain; Sustained 120–200 m slope 7.2°; relief 23 m; qualifying ridge at ≥8° 0 m; 0% of the broader face reaches 8° and 0% reaches 9.5°. Category: Thermal trigger only. Obstacles: Not automatically checked; inspect buildings, power lines, roads, railways, trees and fences manually. Airspace: Not automatically checked; manually review current aviation charts, NOTAMs, aerodromes and local procedures.</description><Point><coordinates>-1.0952562926907565,51.092197353762224,0</coordinates></Point></Placemark><Placemark><name>Unnamed face near SU 324 375</name><description>Rejected terrain; Sustained 120–200 m slope 7.5°; relief 22 m; qualifying ridge at ≥8° 0 m; 1% of the broader face reaches 8° and 0% reaches 9.5°. Category: Rejected. Obstacles: Not automatically checked; inspect buildings, power lines, roads, railways, trees and fences manually. Airspace: Not automatically checked; manually review current aviation charts, NOTAMs, aerodromes and local procedures.</description><Point><coordinates>-1.527543859876485,51.135899635903925,0</coordinates></Point></Placemark><Placemark><name>Longwood Warren</name><description>Thermal-trigger terrain; Sustained 120–200 m slope 7.2°; relief 24 m; qualifying ridge at ≥8° 0 m; 0% of the broader face reaches 8° and 0% reaches 9.5°. Category: Thermal trigger only. Obstacles: Not automatically checked; inspect buildings, power lines, roads, railways, trees and fences manually. Airspace: Not automatically checked; manually review current aviation charts, NOTAMs, aerodromes and local procedures.</description><Point><coordinates>-1.21712480625468,51.026042534372024,0</coordinates></Point></Placemark><Placemark><name>Unnamed face near SU 353 324</name><description>Rejected terrain; Sustained 120–200 m slope 7.7°; relief 23 m; qualifying ridge at ≥8° 93 m; 15% of the broader face reaches 8° and 0% reaches 9.5°. Category: Rejected. Obstacles: Not automatically checked; inspect buildings, power lines, roads, railways, trees and fences manually. Airspace: Not automatically checked; manually review current aviation charts, NOTAMs, aerodromes and local procedures.</description><Point><coordinates>-1.5004628110188585,51.08320595460356,0</coordinates></Point></Placemark><Placemark><name>Unnamed face near SU 515 246</name><description>Rejected terrain; Sustained 120–200 m slope 7.0°; relief 23 m; qualifying ridge at ≥8° 113 m; 3% of the broader face reaches 8° and 0% reaches 9.5°. Category: Rejected. Obstacles: Not automatically checked; inspect buildings, power lines, roads, railways, trees and fences manually. Airspace: Not automatically checked; manually review current aviation charts, NOTAMs, aerodromes and local procedures.</description><Point><coordinates>-1.2823026158112065,51.01491552420999,0</coordinates></Point></Placemark><Placemark><name>Unnamed face near SU 224 228</name><description>Rejected terrain; Sustained 120–200 m slope 7.3°; relief 22 m; qualifying ridge at ≥8° 11 m; 0% of the broader face reaches 8° and 0% reaches 9.5°. Category: Rejected. Obstacles: Not automatically checked; inspect buildings, power lines, roads, railways, trees and fences manually. Airspace: Not automatically checked; manually review current aviation charts, NOTAMs, aerodromes and local procedures.</description><Point><coordinates>-1.681342000045138,51.00527499976946,0</coordinates></Point></Placemark><Placemark><name>Unnamed face near SU 510 622</name><description>Thermal-trigger terrain; Sustained 120–200 m slope 7.5°; relief 23 m; qualifying ridge at ≥8° 85 m; 2% of the broader face reaches 8° and 0% reaches 9.5°. Category: Thermal trigger only. Obstacles: Not automatically checked; inspect buildings, power lines, roads, railways, trees and fences manually. Airspace: Not automatically checked; manually review current aviation charts, NOTAMs, aerodromes and local procedures.</description><Point><coordinates>-1.270143018332837,51.360722714367945,0</coordinates></Point></Placemark><Placemark><name>Unnamed face near SU 206 215</name><description>Rejected terrain; Sustained 120–200 m slope 7.4°; relief 23 m; qualifying ridge at ≥8° 79 m; 6% of the broader face reaches 8° and 0% reaches 9.5°. Category: Rejected. Obstacles: Not automatically checked; inspect buildings, power lines, roads, railways, trees and fences manually. Airspace: Not automatically checked; manually review current aviation charts, NOTAMs, aerodromes and local procedures.</description><Point><coordinates>-1.7091577300130965,50.993682443235954,0</coordinates></Point></Placemark><Placemark><name>Unnamed face near SU 779 093</name><description>Thermal-trigger terrain; Sustained 120–200 m slope 7.0°; relief 24 m; qualifying ridge at ≥8° 0 m; 0% of the broader face reaches 8° and 0% reaches 9.5°. Category: Thermal trigger only. Obstacles: Not automatically checked; inspect buildings, power lines, roads, railways, trees and fences manually. Airspace: Not automatically checked; manually review current aviation charts, NOTAMs, aerodromes and local procedures.</description><Point><coordinates>-0.8892896967299797,50.88618136811537,0</coordinates></Point></Placemark><Placemark><name>Unnamed face near SZ 495 895</name><description>Thermal-trigger terrain; Sustained 120–200 m slope 6.9°; relief 22 m; qualifying ridge at ≥8° 0 m; 0% of the broader face reaches 8° and 0% reaches 9.5°. Category: Thermal trigger only. Obstacles: Not automatically checked; inspect buildings, power lines, roads, railways, trees and fences manually. Airspace: Not automatically checked; manually review current aviation charts, NOTAMs, aerodromes and local procedures.</description><Point><coordinates>-1.3003909154245294,50.70434810370974,0</coordinates></Point></Placemark><Placemark><name>Unnamed face near SU 523 556</name><description>Rejected terrain; Sustained 120–200 m slope 7.2°; relief 24 m; qualifying ridge at ≥8° 45 m; 2% of the broader face reaches 8° and 0% reaches 9.5°. Category: Rejected. Obstacles: Not automatically checked; inspect buildings, power lines, roads, railways, trees and fences manually. Airspace: Not automatically checked; manually review current aviation charts, NOTAMs, aerodromes and local procedures.</description><Point><coordinates>-1.2522303314128167,51.301623586976724,0</coordinates></Point></Placemark><Placemark><name>Unnamed face near SU 528 147</name><description>Thermal-trigger terrain; Sustained 120–200 m slope 7.3°; relief 22 m; qualifying ridge at ≥8° 74 m; 2% of the broader face reaches 8° and 0% reaches 9.5°. Category: Thermal trigger only. Obstacles: Not automatically checked; inspect buildings, power lines, roads, railways, trees and fences manually. Airspace: Not automatically checked; manually review current aviation charts, NOTAMs, aerodromes and local procedures.</description><Point><coordinates>-1.251621058663835,50.92993065376786,0</coordinates></Point></Placemark><Placemark><name>Unnamed face near SU 548 583</name><description>Rejected terrain; Sustained 120–200 m slope 7.4°; relief 22 m; qualifying ridge at ≥8° 43 m; 3% of the broader face reaches 8° and 0% reaches 9.5°. Category: Rejected. Obstacles: Not automatically checked; inspect buildings, power lines, roads, railways, trees and fences manually. Airspace: Not automatically checked; manually review current aviation charts, NOTAMs, aerodromes and local procedures.</description><Point><coordinates>-1.230363201458791,51.318609602654604,0</coordinates></Point></Placemark><Placemark><name>Unnamed face near SU 435 655</name><description>Rejected terrain; Sustained 120–200 m slope 7.4°; relief 22 m; qualifying ridge at ≥8° 0 m; 0% of the broader face reaches 8° and 0% reaches 9.5°. Category: Rejected. Obstacles: Not automatically checked; inspect buildings, power lines, roads, railways, trees and fences manually. Airspace: Not automatically checked; manually review current aviation charts, NOTAMs, aerodromes and local procedures.</description><Point><coordinates>-1.378707384770925,51.386970180832165,0</coordinates></Point></Placemark><Placemark><name>Unnamed face near TQ 079 462</name><description>Thermal-trigger terrain; Sustained 120–200 m slope 7.3°; relief 22 m; qualifying ridge at ≥8° 52 m; 3% of the broader face reaches 8° and 0% reaches 9.5°. Category: Thermal trigger only. Obstacles: Not automatically checked; inspect buildings, power lines, roads, railways, trees and fences manually. Airspace: Not automatically checked; manually review current aviation charts, NOTAMs, aerodromes and local procedures.</description><Point><coordinates>-0.4444946853243517,51.201433742846774,0</coordinates></Point></Placemark><Placemark><name>Unnamed face near SU 495 474</name><description>Thermal-trigger terrain; Sustained 120–200 m slope 7.3°; relief 22 m; qualifying ridge at ≥8° 82 m; 1% of the broader face reaches 8° and 0% reaches 9.5°. Category: Thermal trigger only. Obstacles: Not automatically checked; inspect buildings, power lines, roads, railways, trees and fences manually. Airspace: Not automatically checked; manually review current aviation charts, NOTAMs, aerodromes and local procedures.</description><Point><coordinates>-1.3040717620008082,51.22921231002488,0</coordinates></Point></Placemark><Placemark><name>Unnamed face near SU 264 117</name><description>Thermal-trigger terrain; Sustained 120–200 m slope 7.1°; relief 21 m; qualifying ridge at ≥8° 0 m; 0% of the broader face reaches 8° and 0% reaches 9.5°. Category: Thermal trigger only. Obstacles: Not automatically checked; inspect buildings, power lines, roads, railways, trees and fences manually. Airspace: Not automatically checked; manually review current aviation charts, NOTAMs, aerodromes and local procedures.</description><Point><coordinates>-1.623545677059839,50.90503754774539,0</coordinates></Point></Placemark><Placemark><name>Unnamed face near SU 334 597</name><description>Rejected terrain; Sustained 120–200 m slope 7.3°; relief 22 m; qualifying ridge at ≥8° 113 m; 5% of the broader face reaches 8° and 0% reaches 9.5°. Category: Rejected. Obstacles: Not automatically checked; inspect buildings, power lines, roads, railways, trees and fences manually. Airspace: Not automatically checked; manually review current aviation charts, NOTAMs, aerodromes and local procedures.</description><Point><coordinates>-1.5035477668080772,51.336455649805984,0</coordinates></Point></Placemark><Placemark><name>Unnamed face near SU 530 215</name><description>Rejected terrain; Sustained 120–200 m slope 7.4°; relief 25 m; qualifying ridge at ≥8° 45 m; 2% of the broader face reaches 8° and 0% reaches 9.5°. Category: Rejected. Obstacles: Not automatically checked; inspect buildings, power lines, roads, railways, trees and fences manually. Airspace: Not automatically checked; manually review current aviation charts, NOTAMs, aerodromes and local procedures.</description><Point><coordinates>-1.2380686013245779,50.9981482057946,0</coordinates></Point></Placemark><Placemark><name>Unnamed face near SU 245 555</name><description>Rejected terrain; Sustained 120–200 m slope 7.2°; relief 23 m; qualifying ridge at ≥8° 85 m; 3% of the broader face reaches 8° and 0% reaches 9.5°. Category: Rejected. Obstacles: Not automatically checked; inspect buildings, power lines, roads, railways, trees and fences manually. Airspace: Not automatically checked; manually review current aviation charts, NOTAMs, aerodromes and local procedures.</description><Point><coordinates>-1.6612036004729152,51.30212520135791,0</coordinates></Point></Placemark><Placemark><name>Unnamed face near SU 567 307</name><description>Thermal-trigger terrain; Sustained 120–200 m slope 7.2°; relief 23 m; qualifying ridge at ≥8° 0 m; 0% of the broader face reaches 8° and 0% reaches 9.5°. Category: Thermal trigger only. Obstacles: Not automatically checked; inspect buildings, power lines, roads, railways, trees and fences manually. Airspace: Not automatically checked; manually review current aviation charts, NOTAMs, aerodromes and local procedures.</description><Point><coordinates>-1.1882231493646247,51.07903614440691,0</coordinates></Point></Placemark><Placemark><name>Unnamed face near SU 251 321</name><description>Rejected terrain; Sustained 120–200 m slope 7.2°; relief 23 m; qualifying ridge at ≥8° 0 m; 0% of the broader face reaches 8° and 0% reaches 9.5°. Category: Rejected. Obstacles: Not automatically checked; inspect buildings, power lines, roads, railways, trees and fences manually. Airspace: Not automatically checked; manually review current aviation charts, NOTAMs, aerodromes and local procedures.</description><Point><coordinates>-1.6418077628914705,51.08903468471211,0</coordinates></Point></Placemark><Placemark><name>Unnamed face near SZ 487 913</name><description>Rejected terrain; Sustained 120–200 m slope 6.7°; relief 22 m; qualifying ridge at ≥8° 0 m; 0% of the broader face reaches 8° and 0% reaches 9.5°. Category: Rejected. Obstacles: Not automatically checked; inspect buildings, power lines, roads, railways, trees and fences manually. Airspace: Not automatically checked; manually review current aviation charts, NOTAMs, aerodromes and local procedures.</description><Point><coordinates>-1.3114419520908833,50.7206214575627,0</coordinates></Point></Placemark><Placemark><name>Unnamed face near SU 414 660</name><description>Thermal-trigger terrain; Sustained 120–200 m slope 7.5°; relief 23 m; qualifying ridge at ≥8° 43 m; 2% of the broader face reaches 8° and 0% reaches 9.5°. Category: Thermal trigger only. Obstacles: Not automatically checked; inspect buildings, power lines, roads, railways, trees and fences manually. Airspace: Not automatically checked; manually review current aviation charts, NOTAMs, aerodromes and local procedures.</description><Point><coordinates>-1.3916161390832864,51.39602408448884,0</coordinates></Point></Placemark><Placemark><name>Gander Down</name><description>Rejected terrain; Sustained 120–200 m slope 6.7°; relief 22 m; qualifying ridge at ≥8° 0 m; 0% of the broader face reaches 8° and 0% reaches 9.5°. Category: Rejected. Obstacles: Not automatically checked; inspect buildings, power lines, roads, railways, trees and fences manually. Airspace: Not automatically checked; manually review current aviation charts, NOTAMs, aerodromes and local procedures.</description><Point><coordinates>-1.1967747722927626,51.04157036331225,0</coordinates></Point></Placemark><Placemark><name>Unnamed face near SU 844 107</name><description>Thermal-trigger terrain; Sustained 120–200 m slope 6.8°; relief 24 m; qualifying ridge at ≥8° 0 m; 0% of the broader face reaches 8° and 0% reaches 9.5°. Category: Thermal trigger only. Obstacles: Not automatically checked; inspect buildings, power lines, roads, railways, trees and fences manually. Airspace: Not automatically checked; manually review current aviation charts, NOTAMs, aerodromes and local procedures.</description><Point><coordinates>-0.8090217777903163,50.89505614543914,0</coordinates></Point></Placemark><Placemark><name>Unnamed face near SU 245 163</name><description>Rejected terrain; Sustained 120–200 m slope 7.4°; relief 22 m; qualifying ridge at ≥8° 44 m; 3% of the broader face reaches 8° and 0% reaches 9.5°. Category: Rejected. Obstacles: Not automatically checked; inspect buildings, power lines, roads, railways, trees and fences manually. Airspace: Not automatically checked; manually review current aviation charts, NOTAMs, aerodromes and local procedures.</description><Point><coordinates>-1.6521713297278495,50.9466452114075,0</coordinates></Point></Placemark><Placemark><name>Axford slopes</name><description>Thermal-trigger terrain; Sustained 120–200 m slope 6.7°; relief 22 m; qualifying ridge at ≥8° 0 m; 0% of the broader face reaches 8° and 0% reaches 9.5°. Category: Thermal trigger only. Obstacles: Not automatically checked; inspect buildings, power lines, roads, railways, trees and fences manually. Airspace: Not automatically checked; manually review current aviation charts, NOTAMs, aerodromes and local procedures.</description><Point><coordinates>-1.1547486956068975,51.0436173245555,0</coordinates></Point></Placemark><Placemark><name>Unnamed face near TQ 051 220</name><description>Rejected terrain; Sustained 120–200 m slope 7.5°; relief 25 m; qualifying ridge at ≥8° 45 m; 7% of the broader face reaches 8° and 0% reaches 9.5°. Category: Rejected. Obstacles: Not automatically checked; inspect buildings, power lines, roads, railways, trees and fences manually. Airspace: Not automatically checked; manually review current aviation charts, NOTAMs, aerodromes and local procedures.</description><Point><coordinates>-0.5036892732592577,50.98862840364897,0</coordinates></Point></Placemark><Placemark><name>Unnamed face near SU 499 310</name><description>Rejected terrain; Sustained 120–200 m slope 7.2°; relief 23 m; qualifying ridge at ≥8° 0 m; 0% of the broader face reaches 8° and 0% reaches 9.5°. Category: Rejected. Obstacles: Not automatically checked; inspect buildings, power lines, roads, railways, trees and fences manually. Airspace: Not automatically checked; manually review current aviation charts, NOTAMs, aerodromes and local procedures.</description><Point><coordinates>-1.2883030504100839,51.07719615601461,0</coordinates></Point></Placemark><Placemark><name>Unnamed face near SU 642 042</name><description>Rejected terrain; Sustained 120–200 m slope 7.1°; relief 23 m; qualifying ridge at ≥8° 0 m; 0% of the broader face reaches 8° and 0% reaches 9.5°. Category: Rejected. Obstacles: Not automatically checked; inspect buildings, power lines, roads, railways, trees and fences manually. Airspace: Not automatically checked; manually review current aviation charts, NOTAMs, aerodromes and local procedures.</description><Point><coordinates>-1.0884716910179575,50.83507818188947,0</coordinates></Point></Placemark><Placemark><name>Unnamed face near SU 807 411</name><description>Rejected terrain; Sustained 120–200 m slope 7.4°; relief 22 m; qualifying ridge at ≥8° 0 m; 0% of the broader face reaches 8° and 0% reaches 9.5°. Category: Rejected. Obstacles: Not automatically checked; inspect buildings, power lines, roads, railways, trees and fences manually. Airspace: Not automatically checked; manually review current aviation charts, NOTAMs, aerodromes and local procedures.</description><Point><coordinates>-0.8550356445840845,51.17108470014835,0</coordinates></Point></Placemark><Placemark><name>Unnamed face near SU 386 738</name><description>Thermal-trigger terrain; Sustained 120–200 m slope 6.9°; relief 22 m; qualifying ridge at ≥8° 0 m; 0% of the broader face reaches 8° and 0% reaches 9.5°. Category: Thermal trigger only. Obstacles: Not automatically checked; inspect buildings, power lines, roads, railways, trees and fences manually. Airspace: Not automatically checked; manually review current aviation charts, NOTAMs, aerodromes and local procedures.</description><Point><coordinates>-1.4463968493866919,51.463433659623085,0</coordinates></Point></Placemark><Placemark><name>Unnamed face near SU 353 374</name><description>Thermal-trigger terrain; Sustained 120–200 m slope 6.8°; relief 23 m; qualifying ridge at ≥8° 0 m; 0% of the broader face reaches 8° and 0% reaches 9.5°. Category: Thermal trigger only. Obstacles: Not automatically checked; inspect buildings, power lines, roads, railways, trees and fences manually. Airspace: Not automatically checked; manually review current aviation charts, NOTAMs, aerodromes and local procedures.</description><Point><coordinates>-1.4936210609326803,51.130621585906304,0</coordinates></Point></Placemark><Placemark><name>Unnamed face near SZ 465 929</name><description>Thermal-trigger terrain; Sustained 120–200 m slope 7.0°; relief 23 m; qualifying ridge at ≥8° 35 m; 1% of the broader face reaches 8° and 0% reaches 9.5°. Category: Thermal trigger only. Obstacles: Not automatically checked; inspect buildings, power lines, roads, railways, trees and fences manually. Airspace: Not automatically checked; manually review current aviation charts, NOTAMs, aerodromes and local procedures.</description><Point><coordinates>-1.3423485487935436,50.74460460920812,0</coordinates></Point></Placemark><Placemark><name>Unnamed face near SU 577 556</name><description>Thermal-trigger terrain; Sustained 120–200 m slope 7.1°; relief 23 m; qualifying ridge at ≥8° 0 m; 0% of the broader face reaches 8° and 0% reaches 9.5°. Category: Thermal trigger only. Obstacles: Not automatically checked; inspect buildings, power lines, roads, railways, trees and fences manually. Airspace: Not automatically checked; manually review current aviation charts, NOTAMs, aerodromes and local procedures.</description><Point><coordinates>-1.1669424540832172,51.295141467753126,0</coordinates></Point></Placemark><Placemark><name>Unnamed face near SU 309 273</name><description>Rejected terrain; Sustained 120–200 m slope 7.7°; relief 23 m; qualifying ridge at ≥8° 45 m; 7% of the broader face reaches 8° and 0% reaches 9.5°. Category: Rejected. Obstacles: Not automatically checked; inspect buildings, power lines, roads, railways, trees and fences manually. Airspace: Not automatically checked; manually review current aviation charts, NOTAMs, aerodromes and local procedures.</description><Point><coordinates>-1.5583979215721429,51.05297343726155,0</coordinates></Point></Placemark><Placemark><name>Unnamed face near SU 532 228</name><description>Thermal-trigger terrain; Sustained 120–200 m slope 7.2°; relief 23 m; qualifying ridge at ≥8° 0 m; 0% of the broader face reaches 8° and 0% reaches 9.5°. Category: Thermal trigger only. Obstacles: Not automatically checked; inspect buildings, power lines, roads, railways, trees and fences manually. Airspace: Not automatically checked; manually review current aviation charts, NOTAMs, aerodromes and local procedures.</description><Point><coordinates>-1.2433673493820845,51.01309113027395,0</coordinates></Point></Placemark><Placemark><name>Barn Lane and Kingswood Rise</name><description>Rejected terrain; Sustained 120–200 m slope 6.7°; relief 22 m; qualifying ridge at ≥8° 0 m; 0% of the broader face reaches 8° and 0% reaches 9.5°. Category: Rejected. Obstacles: Not automatically checked; inspect buildings, power lines, roads, railways, trees and fences manually. Airspace: Not automatically checked; manually review current aviation charts, NOTAMs, aerodromes and local procedures.</description><Point><coordinates>-1.064225174181097,51.09275199150199,0</coordinates></Point></Placemark><Placemark><name>Unnamed face near SU 562 549</name><description>Thermal-trigger terrain; Sustained 120–200 m slope 7.2°; relief 24 m; qualifying ridge at ≥8° 0 m; 0% of the broader face reaches 8° and 0% reaches 9.5°. Category: Thermal trigger only. Obstacles: Not automatically checked; inspect buildings, power lines, roads, railways, trees and fences manually. Airspace: Not automatically checked; manually review current aviation charts, NOTAMs, aerodromes and local procedures.</description><Point><coordinates>-1.1979173710545437,51.29926438647076,0</coordinates></Point></Placemark><Placemark><name>Unnamed face near SU 562 240</name><description>Rejected terrain; Sustained 120–200 m slope 6.6°; relief 22 m; qualifying ridge at ≥8° 0 m; 0% of the broader face reaches 8° and 0% reaches 9.5°. Category: Rejected. Obstacles: Not automatically checked; inspect buildings, power lines, roads, railways, trees and fences manually. Airspace: Not automatically checked; manually review current aviation charts, NOTAMs, aerodromes and local procedures.</description><Point><coordinates>-1.2017685386753325,51.012915211679434,0</coordinates></Point></Placemark><Placemark><name>Unnamed face near SU 753 155</name><description>Thermal-trigger terrain; Sustained 120–200 m slope 7.1°; relief 23 m; qualifying ridge at ≥8° 0 m; 0% of the broader face reaches 8° and 0% reaches 9.5°. Category: Thermal trigger only. Obstacles: Not automatically checked; inspect buildings, power lines, roads, railways, trees and fences manually. Airspace: Not automatically checked; manually review current aviation charts, NOTAMs, aerodromes and local procedures.</description><Point><coordinates>-0.9226428856794217,50.94095193370287,0</coordinates></Point></Placemark><Placemark><name>Unnamed face near SU 410 176</name><description>Rejected terrain; Sustained 120–200 m slope 7.3°; relief 21 m; qualifying ridge at ≥8° 0 m; 0% of the broader face reaches 8° and 0% reaches 9.5°. Category: Rejected. Obstacles: Not automatically checked; inspect buildings, power lines, roads, railways, trees and fences manually. Airspace: Not automatically checked; manually review current aviation charts, NOTAMs, aerodromes and local procedures.</description><Point><coordinates>-1.4274938439392597,50.9559699087541,0</coordinates></Point></Placemark><Placemark><name>Unnamed face near SU 709 518</name><description>Rejected terrain; Sustained 120–200 m slope 7.4°; relief 22 m; qualifying ridge at ≥8° 74 m; 1% of the broader face reaches 8° and 0% reaches 9.5°. Category: Rejected. Obstacles: Not automatically checked; inspect buildings, power lines, roads, railways, trees and fences manually. Airspace: Not automatically checked; manually review current aviation charts, NOTAMs, aerodromes and local procedures.</description><Point><coordinates>-0.9806953037363437,51.26111059632144,0</coordinates></Point></Placemark><Placemark><name>Unnamed face near SU 436 452</name><description>Thermal-trigger terrain; Sustained 120–200 m slope 7.1°; relief 22 m; qualifying ridge at ≥8° 0 m; 0% of the broader face reaches 8° and 0% reaches 9.5°. Category: Thermal trigger only. Obstacles: Not automatically checked; inspect buildings, power lines, roads, railways, trees and fences manually. Airspace: Not automatically checked; manually review current aviation charts, NOTAMs, aerodromes and local procedures.</description><Point><coordinates>-1.3760659074842319,51.20546597309115,0</coordinates></Point></Placemark><Placemark><name>Unnamed face near SU 248 114</name><description>Rejected terrain; Sustained 120–200 m slope 7.2°; relief 22 m; qualifying ridge at ≥8° 0 m; 0% of the broader face reaches 8° and 0% reaches 9.5°. Category: Rejected. Obstacles: Not automatically checked; inspect buildings, power lines, roads, railways, trees and fences manually. Airspace: Not automatically checked; manually review current aviation charts, NOTAMs, aerodromes and local procedures.</description><Point><coordinates>-1.6466641621371285,50.89806589000901,0</coordinates></Point></Placemark><Placemark><name>Unnamed face near SU 648 476</name><description>Thermal-trigger terrain; Sustained 120–200 m slope 7.1°; relief 23 m; qualifying ridge at ≥8° 0 m; 0% of the broader face reaches 8° and 0% reaches 9.5°. Category: Thermal trigger only. Obstacles: Not automatically checked; inspect buildings, power lines, roads, railways, trees and fences manually. Airspace: Not automatically checked; manually review current aviation charts, NOTAMs, aerodromes and local procedures.</description><Point><coordinates>-1.0681840085405525,51.226606974424854,0</coordinates></Point></Placemark><Placemark><name>Weston Corbett</name><description>Thermal-trigger terrain; Sustained 120–200 m slope 7.0°; relief 23 m; qualifying ridge at ≥8° 0 m; 0% of the broader face reaches 8° and 0% reaches 9.5°. Category: Thermal trigger only. Obstacles: Not automatically checked; inspect buildings, power lines, roads, railways, trees and fences manually. Airspace: Not automatically checked; manually review current aviation charts, NOTAMs, aerodromes and local procedures.</description><Point><coordinates>-1.0451315286976226,51.22123327535707,0</coordinates></Point></Placemark><Placemark><name>Unnamed face near SU 417 714</name><description>Rejected terrain; Sustained 120–200 m slope 7.3°; relief 22 m; qualifying ridge at ≥8° 0 m; 0% of the broader face reaches 8° and 0% reaches 9.5°. Category: Rejected. Obstacles: Not automatically checked; inspect buildings, power lines, roads, railways, trees and fences manually. Airspace: Not automatically checked; manually review current aviation charts, NOTAMs, aerodromes and local procedures.</description><Point><coordinates>-1.4020424049895859,51.44160429896966,0</coordinates></Point></Placemark><Placemark><name>Unnamed face near SU 253 126</name><description>Rejected terrain; Sustained 120–200 m slope 6.9°; relief 21 m; qualifying ridge at ≥8° 0 m; 0% of the broader face reaches 8° and 0% reaches 9.5°. Category: Rejected. Obstacles: Not automatically checked; inspect buildings, power lines, roads, railways, trees and fences manually. Airspace: Not automatically checked; manually review current aviation charts, NOTAMs, aerodromes and local procedures.</description><Point><coordinates>-1.643778994849042,50.917801700077305,0</coordinates></Point></Placemark><Placemark><name>Unnamed face near SU 384 436</name><description>Rejected terrain; Sustained 120–200 m slope 7.1°; relief 22 m; qualifying ridge at ≥8° 0 m; 0% of the broader face reaches 8° and 0% reaches 9.5°. Category: Rejected. Obstacles: Not automatically checked; inspect buildings, power lines, roads, railways, trees and fences manually. Airspace: Not automatically checked; manually review current aviation charts, NOTAMs, aerodromes and local procedures.</description><Point><coordinates>-1.4510206773116123,51.191403607461865,0</coordinates></Point></Placemark><Placemark><name>Unnamed face near SU 425 163</name><description>Rejected terrain; Sustained 120–200 m slope 7.1°; relief 21 m; qualifying ridge at ≥8° 27 m; 0% of the broader face reaches 8° and 0% reaches 9.5°. Category: Rejected. Obstacles: Not automatically checked; inspect buildings, power lines, roads, railways, trees and fences manually. Airspace: Not automatically checked; manually review current aviation charts, NOTAMs, aerodromes and local procedures.</description><Point><coordinates>-1.3974285448568389,50.955103345125465,0</coordinates></Point></Placemark><Placemark><name>Candover Valley</name><description>Rejected terrain; Sustained 120–200 m slope 7.0°; relief 22 m; qualifying ridge at ≥8° 0 m; 0% of the broader face reaches 8° and 0% reaches 9.5°. Category: Rejected. Obstacles: Not automatically checked; inspect buildings, power lines, roads, railways, trees and fences manually. Airspace: Not automatically checked; manually review current aviation charts, NOTAMs, aerodromes and local procedures.</description><Point><coordinates>-1.1435967664480688,51.171928748134796,0</coordinates></Point></Placemark><Placemark><name>Unnamed face near SU 664 667</name><description>Rejected terrain; Sustained 120–200 m slope 7.4°; relief 22 m; qualifying ridge at ≥8° 0 m; 0% of the broader face reaches 8° and 0% reaches 9.5°. Category: Rejected. Obstacles: Not automatically checked; inspect buildings, power lines, roads, railways, trees and fences manually. Airspace: Not automatically checked; manually review current aviation charts, NOTAMs, aerodromes and local procedures.</description><Point><coordinates>-1.0449244519361534,51.40341186751716,0</coordinates></Point></Placemark><Placemark><name>Unnamed face near TQ 104 344</name><description>Rejected terrain; Sustained 120–200 m slope 6.8°; relief 22 m; qualifying ridge at ≥8° 0 m; 0% of the broader face reaches 8° and 0% reaches 9.5°. Category: Rejected. Obstacles: Not automatically checked; inspect buildings, power lines, roads, railways, trees and fences manually. Airspace: Not automatically checked; manually review current aviation charts, NOTAMs, aerodromes and local procedures.</description><Point><coordinates>-0.42005390520811486,51.10100522529206,0</coordinates></Point></Placemark><Placemark><name>Unnamed face near SU 740 213</name><description>Rejected terrain; Sustained 120–200 m slope 6.9°; relief 24 m; qualifying ridge at ≥8° 0 m; 0% of the broader face reaches 8° and 0% reaches 9.5°. Category: Rejected. Obstacles: Not automatically checked; inspect buildings, power lines, roads, railways, trees and fences manually. Airspace: Not automatically checked; manually review current aviation charts, NOTAMs, aerodromes and local procedures.</description><Point><coordinates>-0.9461536083598585,50.988595519738745,0</coordinates></Point></Placemark><Placemark><name>Unnamed face near SU 258 255</name><description>Rejected terrain; Sustained 120–200 m slope 6.7°; relief 22 m; qualifying ridge at ≥8° 0 m; 0% of the broader face reaches 8° and 0% reaches 9.5°. Category: Rejected. Obstacles: Not automatically checked; inspect buildings, power lines, roads, railways, trees and fences manually. Airspace: Not automatically checked; manually review current aviation charts, NOTAMs, aerodromes and local procedures.</description><Point><coordinates>-1.6433324545583774,51.02817568078881,0</coordinates></Point></Placemark><Placemark><name>Unnamed face near SU 250 528</name><description>Rejected terrain; Sustained 120–200 m slope 7.1°; relief 22 m; qualifying ridge at ≥8° 0 m; 0% of the broader face reaches 8° and 0% reaches 9.5°. Category: Rejected. Obstacles: Not automatically checked; inspect buildings, power lines, roads, railways, trees and fences manually. Airspace: Not automatically checked; manually review current aviation charts, NOTAMs, aerodromes and local procedures.</description><Point><coordinates>-1.6414985284742605,51.27435916691558,0</coordinates></Point></Placemark><Placemark><name>Unnamed face near SU 680 295</name><description>Thermal-trigger terrain; Sustained 120–200 m slope 7.3°; relief 22 m; qualifying ridge at ≥8° 0 m; 0% of the broader face reaches 8° and 0% reaches 9.5°. Category: Thermal trigger only. Obstacles: Not automatically checked; inspect buildings, power lines, roads, railways, trees and fences manually. Airspace: Not automatically checked; manually review current aviation charts, NOTAMs, aerodromes and local procedures.</description><Point><coordinates>-1.024118170560598,51.066653963546955,0</coordinates></Point></Placemark><Placemark><name>Unnamed face near SU 474 533</name><description>Rejected terrain; Sustained 120–200 m slope 7.0°; relief 22 m; qualifying ridge at ≥8° 0 m; 0% of the broader face reaches 8° and 0% reaches 9.5°. Category: Rejected. Obstacles: Not automatically checked; inspect buildings, power lines, roads, railways, trees and fences manually. Airspace: Not automatically checked; manually review current aviation charts, NOTAMs, aerodromes and local procedures.</description><Point><coordinates>-1.3261869753978535,51.288192648786165,0</coordinates></Point></Placemark><Placemark><name>Unnamed face near SU 591 404</name><description>Thermal-trigger terrain; Sustained 120–200 m slope 6.7°; relief 22 m; qualifying ridge at ≥8° 0 m; 0% of the broader face reaches 8° and 0% reaches 9.5°. Category: Thermal trigger only. Obstacles: Not automatically checked; inspect buildings, power lines, roads, railways, trees and fences manually. Airspace: Not automatically checked; manually review current aviation charts, NOTAMs, aerodromes and local procedures.</description><Point><coordinates>-1.1561688048775163,51.16080011125538,0</coordinates></Point></Placemark><Placemark><name>Unnamed face near SZ 521 954</name><description>Rejected terrain; Sustained 120–200 m slope 7.2°; relief 22 m; qualifying ridge at ≥8° 0 m; 0% of the broader face reaches 8° and 0% reaches 9.5°. Category: Rejected. Obstacles: Not automatically checked; inspect buildings, power lines, roads, railways, trees and fences manually. Airspace: Not automatically checked; manually review current aviation charts, NOTAMs, aerodromes and local procedures.</description><Point><coordinates>-1.265186287431631,50.75384841439673,0</coordinates></Point></Placemark><Placemark><name>Unnamed face near SZ 573 896</name><description>Rejected terrain; Sustained 120–200 m slope 7.2°; relief 22 m; qualifying ridge at ≥8° 0 m; 0% of the broader face reaches 8° and 0% reaches 9.5°. Category: Rejected. Obstacles: Not automatically checked; inspect buildings, power lines, roads, railways, trees and fences manually. Airspace: Not automatically checked; manually review current aviation charts, NOTAMs, aerodromes and local procedures.</description><Point><coordinates>-1.1893896543925653,50.706309425150046,0</coordinates></Point></Placemark><Placemark><name>Unnamed face near SU 302 320</name><description>Rejected terrain; Sustained 120–200 m slope 6.5°; relief 25 m; qualifying ridge at ≥8° 0 m; 0% of the broader face reaches 8° and 0% reaches 9.5°. Category: Rejected. Obstacles: Not automatically checked; inspect buildings, power lines, roads, railways, trees and fences manually. Airspace: Not automatically checked; manually review current aviation charts, NOTAMs, aerodromes and local procedures.</description><Point><coordinates>-1.5760131394991406,51.09142198404672,0</coordinates></Point></Placemark><Placemark><name>Unnamed face near SU 554 356</name><description>Rejected terrain; Sustained 120–200 m slope 6.7°; relief 22 m; qualifying ridge at ≥8° 0 m; 0% of the broader face reaches 8° and 0% reaches 9.5°. Category: Rejected. Obstacles: Not automatically checked; inspect buildings, power lines, roads, railways, trees and fences manually. Airspace: Not automatically checked; manually review current aviation charts, NOTAMs, aerodromes and local procedures.</description><Point><coordinates>-1.209655804150797,51.11728865557636,0</coordinates></Point></Placemark><Placemark><name>Unnamed face near SU 552 531</name><description>Rejected terrain; Sustained 120–200 m slope 6.7°; relief 22 m; qualifying ridge at ≥8° 0 m; 0% of the broader face reaches 8° and 0% reaches 9.5°. Category: Rejected. Obstacles: Not automatically checked; inspect buildings, power lines, roads, railways, trees and fences manually. Airspace: Not automatically checked; manually review current aviation charts, NOTAMs, aerodromes and local procedures.</description><Point><coordinates>-1.200192326317377,51.28133894269483,0</coordinates></Point></Placemark><Placemark><name>Unnamed face near SU 253 545</name><description>Rejected terrain; Sustained 120–200 m slope 7.0°; relief 22 m; qualifying ridge at ≥8° 0 m; 0% of the broader face reaches 8° and 0% reaches 9.5°. Category: Rejected. Obstacles: Not automatically checked; inspect buildings, power lines, roads, railways, trees and fences manually. Airspace: Not automatically checked; manually review current aviation charts, NOTAMs, aerodromes and local procedures.</description><Point><coordinates>-1.6514633251855493,51.29412153596665,0</coordinates></Point></Placemark><Placemark><name>Unnamed face near SU 668 751</name><description>Rejected terrain; Sustained 120–200 m slope 7.3°; relief 22 m; qualifying ridge at ≥8° 0 m; 0% of the broader face reaches 8° and 0% reaches 9.5°. Category: Rejected. Obstacles: Not automatically checked; inspect buildings, power lines, roads, railways, trees and fences manually. Airspace: Not automatically checked; manually review current aviation charts, NOTAMs, aerodromes and local procedures.</description><Point><coordinates>-1.0281198581611894,51.465428966638925,0</coordinates></Point></Placemark><Placemark><name>Unnamed face near SU 348 526</name><description>Rejected terrain; Sustained 120–200 m slope 6.3°; relief 22 m; qualifying ridge at ≥8° 0 m; 0% of the broader face reaches 8° and 0% reaches 9.5°. Category: Rejected. Obstacles: Not automatically checked; inspect buildings, power lines, roads, railways, trees and fences manually. Airspace: Not automatically checked; manually review current aviation charts, NOTAMs, aerodromes and local procedures.</description><Point><coordinates>-1.5007691577305258,51.26497643589253,0</coordinates></Point></Placemark><Placemark><name>Axford slopes</name><description>Rejected terrain; No contiguous south-east to south-west face in the 3 km verification window met the revised 120–200 m sustained-profile pre-filter. Obstacles: Not automatically checked; inspect buildings, power lines, roads, railways, trees and fences manually. Airspace: Not automatically checked; manually review current aviation charts, NOTAMs, aerodromes and local procedures.</description><Point><coordinates>-1.1319095179915069,51.056780272179466,0</coordinates></Point></Placemark><Placemark><name>Unnamed face near SU 600 300</name><description>Rejected terrain; No contiguous south-east to south-west face in the 3 km verification window met the revised 120–200 m sustained-profile pre-filter. Obstacles: Not automatically checked; inspect buildings, power lines, roads, railways, trees and fences manually. Airspace: Not automatically checked; manually review current aviation charts, NOTAMs, aerodromes and local procedures.</description><Point><coordinates>-1.1446657980844066,51.06668489245088,0</coordinates></Point></Placemark><Placemark><name>Unnamed face near SU 514 476</name><description>Rejected terrain; No contiguous south-east to south-west face in the 3 km verification window met the revised 120–200 m sustained-profile pre-filter. Obstacles: Not automatically checked; inspect buildings, power lines, roads, railways, trees and fences manually. Airspace: Not automatically checked; manually review current aviation charts, NOTAMs, aerodromes and local procedures.</description><Point><coordinates>-1.2645469982476447,51.22573921736868,0</coordinates></Point></Placemark><Placemark><name>Unnamed face near SU 644 369</name><description>Rejected terrain; No contiguous south-east to south-west face in the 3 km verification window met the revised 120–200 m sustained-profile pre-filter. Obstacles: Not automatically checked; inspect buildings, power lines, roads, railways, trees and fences manually. Airspace: Not automatically checked; manually review current aviation charts, NOTAMs, aerodromes and local procedures.</description><Point><coordinates>-1.080602292813852,51.12782165065429,0</coordinates></Point></Placemark><Placemark><name>Unnamed face near SU 388 651</name><description>Rejected terrain; No contiguous south-east to south-west face in the 3 km verification window met the revised 120–200 m sustained-profile pre-filter. Obstacles: Not automatically checked; inspect buildings, power lines, roads, railways, trees and fences manually. Airspace: Not automatically checked; manually review current aviation charts, NOTAMs, aerodromes and local procedures.</description><Point><coordinates>-1.4429002780744529,51.38370705078458,0</coordinates></Point></Placemark><Placemark><name>Unnamed face near SZ 495 940</name><description>Rejected terrain; No contiguous south-east to south-west face in the 3 km verification window met the revised 120–200 m sustained-profile pre-filter. Obstacles: Not automatically checked; inspect buildings, power lines, roads, railways, trees and fences manually. Airspace: Not automatically checked; manually review current aviation charts, NOTAMs, aerodromes and local procedures.</description><Point><coordinates>-1.2993997667959838,50.743564319256876,0</coordinates></Point></Placemark><Placemark><name>Unnamed face near SU 757 742</name><description>Rejected terrain; No contiguous south-east to south-west face in the 3 km verification window met the revised 120–200 m sustained-profile pre-filter. Obstacles: Not automatically checked; inspect buildings, power lines, roads, railways, trees and fences manually. Airspace: Not automatically checked; manually review current aviation charts, NOTAMs, aerodromes and local procedures.</description><Point><coordinates>-0.9112624380079258,51.46237907063213,0</coordinates></Point></Placemark><Placemark><name>Unnamed face near SU 258 143</name><description>Rejected terrain; No contiguous south-east to south-west face in the 3 km verification window met the revised 120–200 m sustained-profile pre-filter. Obstacles: Not automatically checked; inspect buildings, power lines, roads, railways, trees and fences manually. Airspace: Not automatically checked; manually review current aviation charts, NOTAMs, aerodromes and local procedures.</description><Point><coordinates>-1.6337111471412324,50.92816361111632,0</coordinates></Point></Placemark><Placemark><name>Barn Lane and Kingswood Rise</name><description>Rejected terrain; No contiguous south-east to south-west face in the 3 km verification window met the revised 120–200 m sustained-profile pre-filter. Obstacles: Not automatically checked; inspect buildings, power lines, roads, railways, trees and fences manually. Airspace: Not automatically checked; manually review current aviation charts, NOTAMs, aerodromes and local procedures.</description><Point><coordinates>-1.0750311210563948,51.102544842180755,0</coordinates></Point></Placemark><Placemark><name>Unnamed face near SU 707 442</name><description>Rejected terrain; No contiguous south-east to south-west face in the 3 km verification window met the revised 120–200 m sustained-profile pre-filter. Obstacles: Not automatically checked; inspect buildings, power lines, roads, railways, trees and fences manually. Airspace: Not automatically checked; manually review current aviation charts, NOTAMs, aerodromes and local procedures.</description><Point><coordinates>-0.989157426422736,51.19345830396841,0</coordinates></Point></Placemark><Placemark><name>Unnamed face near SU 583 092</name><description>Rejected terrain; No contiguous south-east to south-west face in the 3 km verification window met the revised 120–200 m sustained-profile pre-filter. Obstacles: Not automatically checked; inspect buildings, power lines, roads, railways, trees and fences manually. Airspace: Not automatically checked; manually review current aviation charts, NOTAMs, aerodromes and local procedures.</description><Point><coordinates>-1.1715837270130858,50.87977238268392,0</coordinates></Point></Placemark><Placemark><name>Unnamed face near TQ 137 278</name><description>Rejected terrain; No contiguous south-east to south-west face in the 3 km verification window met the revised 120–200 m sustained-profile pre-filter. Obstacles: Not automatically checked; inspect buildings, power lines, roads, railways, trees and fences manually. Airspace: Not automatically checked; manually review current aviation charts, NOTAMs, aerodromes and local procedures.</description><Point><coordinates>-0.37900020923092087,51.03849704942385,0</coordinates></Point></Placemark><Placemark><name>Unnamed face near SU 428 062</name><description>Rejected terrain; No contiguous south-east to south-west face in the 3 km verification window met the revised 120–200 m sustained-profile pre-filter. Obstacles: Not automatically checked; inspect buildings, power lines, roads, railways, trees and fences manually. Airspace: Not automatically checked; manually review current aviation charts, NOTAMs, aerodromes and local procedures.</description><Point><coordinates>-1.3932051697541552,50.85447543982958,0</coordinates></Point></Placemark><Placemark><name>Unnamed face near SU 442 612</name><description>Rejected terrain; No contiguous south-east to south-west face in the 3 km verification window met the revised 120–200 m sustained-profile pre-filter. Obstacles: Not automatically checked; inspect buildings, power lines, roads, railways, trees and fences manually. Airspace: Not automatically checked; manually review current aviation charts, NOTAMs, aerodromes and local procedures.</description><Point><coordinates>-1.3658837523678986,51.34883978142976,0</coordinates></Point></Placemark><Placemark><name>Unnamed face near SZ 528 930</name><description>Rejected terrain; No contiguous south-east to south-west face in the 3 km verification window met the revised 120–200 m sustained-profile pre-filter. Obstacles: Not automatically checked; inspect buildings, power lines, roads, railways, trees and fences manually. Airspace: Not automatically checked; manually review current aviation charts, NOTAMs, aerodromes and local procedures.</description><Point><coordinates>-1.2521924986602522,50.735005956036005,0</coordinates></Point></Placemark><Placemark><name>Unnamed face near SU 423 230</name><description>Rejected terrain; No contiguous south-east to south-west face in the 3 km verification window met the revised 120–200 m sustained-profile pre-filter. Obstacles: Not automatically checked; inspect buildings, power lines, roads, railways, trees and fences manually. Airspace: Not automatically checked; manually review current aviation charts, NOTAMs, aerodromes and local procedures.</description><Point><coordinates>-1.3979773782711908,51.00488385089839,0</coordinates></Point></Placemark><Placemark><name>Unnamed face near SZ 590 916</name><description>Rejected terrain; No contiguous south-east to south-west face in the 3 km verification window met the revised 120–200 m sustained-profile pre-filter. Obstacles: Not automatically checked; inspect buildings, power lines, roads, railways, trees and fences manually. Airspace: Not automatically checked; manually review current aviation charts, NOTAMs, aerodromes and local procedures.</description><Point><coordinates>-1.1642267885246882,50.72146919461971,0</coordinates></Point></Placemark><Placemark><name>Unnamed face near SU 538 330</name><description>Rejected terrain; No contiguous south-east to south-west face in the 3 km verification window met the revised 120–200 m sustained-profile pre-filter. Obstacles: Not automatically checked; inspect buildings, power lines, roads, railways, trees and fences manually. Airspace: Not automatically checked; manually review current aviation charts, NOTAMs, aerodromes and local procedures.</description><Point><coordinates>-1.2321858039167555,51.094264365701676,0</coordinates></Point></Placemark><Placemark><name>Unnamed face near SU 367 441</name><description>Rejected terrain; No contiguous south-east to south-west face in the 3 km verification window met the revised 120–200 m sustained-profile pre-filter. Obstacles: Not automatically checked; inspect buildings, power lines, roads, railways, trees and fences manually. Airspace: Not automatically checked; manually review current aviation charts, NOTAMs, aerodromes and local procedures.</description><Point><coordinates>-1.4752511364290082,51.1956484837095,0</coordinates></Point></Placemark><Placemark><name>Unnamed face near SU 275 256</name><description>Rejected terrain; No contiguous south-east to south-west face in the 3 km verification window met the revised 120–200 m sustained-profile pre-filter. Obstacles: Not automatically checked; inspect buildings, power lines, roads, railways, trees and fences manually. Airspace: Not automatically checked; manually review current aviation charts, NOTAMs, aerodromes and local procedures.</description><Point><coordinates>-1.6088249581040528,51.029390524487106,0</coordinates></Point></Placemark><Placemark><name>Unnamed face near SZ 546 929</name><description>Rejected terrain; No contiguous south-east to south-west face in the 3 km verification window met the revised 120–200 m sustained-profile pre-filter. Obstacles: Not automatically checked; inspect buildings, power lines, roads, railways, trees and fences manually. Airspace: Not automatically checked; manually review current aviation charts, NOTAMs, aerodromes and local procedures.</description><Point><coordinates>-1.2264090998209043,50.73356828640811,0</coordinates></Point></Placemark><Placemark><name>Unnamed face near SU 773 678</name><description>Rejected terrain; No contiguous south-east to south-west face in the 3 km verification window met the revised 120–200 m sustained-profile pre-filter. Obstacles: Not automatically checked; inspect buildings, power lines, roads, railways, trees and fences manually. Airspace: Not automatically checked; manually review current aviation charts, NOTAMs, aerodromes and local procedures.</description><Point><coordinates>-0.889977957249514,51.40410844561849,0</coordinates></Point></Placemark><Placemark><name>Unnamed face near SU 457 636</name><description>Rejected terrain; No contiguous south-east to south-west face in the 3 km verification window met the revised 120–200 m sustained-profile pre-filter. Obstacles: Not automatically checked; inspect buildings, power lines, roads, railways, trees and fences manually. Airspace: Not automatically checked; manually review current aviation charts, NOTAMs, aerodromes and local procedures.</description><Point><coordinates>-1.344591008886871,51.370022665577636,0</coordinates></Point></Placemark><Placemark><name>Unnamed face near SU 373 166</name><description>Rejected terrain; No contiguous south-east to south-west face in the 3 km verification window met the revised 120–200 m sustained-profile pre-filter. Obstacles: Not automatically checked; inspect buildings, power lines, roads, railways, trees and fences manually. Airspace: Not automatically checked; manually review current aviation charts, NOTAMs, aerodromes and local procedures.</description><Point><coordinates>-1.4701886985221804,50.94833222109966,0</coordinates></Point></Placemark><Placemark><name>Unnamed face near SZ 478 945</name><description>Rejected terrain; No contiguous south-east to south-west face in the 3 km verification window met the revised 120–200 m sustained-profile pre-filter. Obstacles: Not automatically checked; inspect buildings, power lines, roads, railways, trees and fences manually. Airspace: Not automatically checked; manually review current aviation charts, NOTAMs, aerodromes and local procedures.</description><Point><coordinates>-1.3235335375102266,50.748257103093614,0</coordinates></Point></Placemark><Placemark><name>Unnamed face near SZ 444 926</name><description>Rejected terrain; No contiguous south-east to south-west face in the 3 km verification window met the revised 120–200 m sustained-profile pre-filter. Obstacles: Not automatically checked; inspect buildings, power lines, roads, railways, trees and fences manually. Airspace: Not automatically checked; manually review current aviation charts, NOTAMs, aerodromes and local procedures.</description><Point><coordinates>-1.3720727703588207,50.73154618559804,0</coordinates></Point></Placemark><Placemark><name>Unnamed face near TQ 117 190</name><description>Rejected terrain; No contiguous south-east to south-west face in the 3 km verification window met the revised 120–200 m sustained-profile pre-filter. Obstacles: Not automatically checked; inspect buildings, power lines, roads, railways, trees and fences manually. Airspace: Not automatically checked; manually review current aviation charts, NOTAMs, aerodromes and local procedures.</description><Point><coordinates>-0.4095065893933567,50.959973925535024,0</coordinates></Point></Placemark><Placemark><name>Unnamed face near SU 659 820</name><description>Rejected terrain; No contiguous south-east to south-west face in the 3 km verification window met the revised 120–200 m sustained-profile pre-filter. Obstacles: Not automatically checked; inspect buildings, power lines, roads, railways, trees and fences manually. Airspace: Not automatically checked; manually review current aviation charts, NOTAMs, aerodromes and local procedures.</description><Point><coordinates>-1.0507322902447462,51.53341058342952,0</coordinates></Point></Placemark><Placemark><name>Unnamed face near SU 628 407</name><description>Rejected terrain; No contiguous south-east to south-west face in the 3 km verification window met the revised 120–200 m sustained-profile pre-filter. Obstacles: Not automatically checked; inspect buildings, power lines, roads, railways, trees and fences manually. Airspace: Not automatically checked; manually review current aviation charts, NOTAMs, aerodromes and local procedures.</description><Point><coordinates>-1.1019514653536726,51.1629306177032,0</coordinates></Point></Placemark><Placemark><name>Unnamed face near SU 573 429</name><description>Rejected terrain; No contiguous south-east to south-west face in the 3 km verification window met the revised 120–200 m sustained-profile pre-filter. Obstacles: Not automatically checked; inspect buildings, power lines, roads, railways, trees and fences manually. Airspace: Not automatically checked; manually review current aviation charts, NOTAMs, aerodromes and local procedures.</description><Point><coordinates>-1.1808584660280088,51.18322456306635,0</coordinates></Point></Placemark><Placemark><name>Unnamed face near SU 220 176</name><description>Rejected terrain; No contiguous south-east to south-west face in the 3 km verification window met the revised 120–200 m sustained-profile pre-filter. Obstacles: Not automatically checked; inspect buildings, power lines, roads, railways, trees and fences manually. Airspace: Not automatically checked; manually review current aviation charts, NOTAMs, aerodromes and local procedures.</description><Point><coordinates>-1.6878666366529242,50.95790503485694,0</coordinates></Point></Placemark><Placemark><name>Unnamed face near SZ 510 933</name><description>Rejected terrain; No contiguous south-east to south-west face in the 3 km verification window met the revised 120–200 m sustained-profile pre-filter. Obstacles: Not automatically checked; inspect buildings, power lines, roads, railways, trees and fences manually. Airspace: Not automatically checked; manually review current aviation charts, NOTAMs, aerodromes and local procedures.</description><Point><coordinates>-1.277679505511952,50.737752758274354,0</coordinates></Point></Placemark><Placemark><name>Unnamed face near SU 406 670</name><description>Rejected terrain; No contiguous south-east to south-west face in the 3 km verification window met the revised 120–200 m sustained-profile pre-filter. Obstacles: Not automatically checked; inspect buildings, power lines, roads, railways, trees and fences manually. Airspace: Not automatically checked; manually review current aviation charts, NOTAMs, aerodromes and local procedures.</description><Point><coordinates>-1.4168605144515805,51.40063213329877,0</coordinates></Point></Placemark><Placemark><name>Unnamed face near SU 539 438</name><description>Rejected terrain; No contiguous south-east to south-west face in the 3 km verification window met the revised 120–200 m sustained-profile pre-filter. Obstacles: Not automatically checked; inspect buildings, power lines, roads, railways, trees and fences manually. Airspace: Not automatically checked; manually review current aviation charts, NOTAMs, aerodromes and local procedures.</description><Point><coordinates>-1.2295015034736385,51.19169442950711,0</coordinates></Point></Placemark><Placemark><name>Unnamed face near SZ 505 957</name><description>Rejected terrain; No contiguous south-east to south-west face in the 3 km verification window met the revised 120–200 m sustained-profile pre-filter. Obstacles: Not automatically checked; inspect buildings, power lines, roads, railways, trees and fences manually. Airspace: Not automatically checked; manually review current aviation charts, NOTAMs, aerodromes and local procedures.</description><Point><coordinates>-1.2845185382598252,50.75935049364784,0</coordinates></Point></Placemark><Placemark><name>Unnamed face near TQ 068 451</name><description>Rejected terrain; No contiguous south-east to south-west face in the 3 km verification window met the revised 120–200 m sustained-profile pre-filter. Obstacles: Not automatically checked; inspect buildings, power lines, roads, railways, trees and fences manually. Airspace: Not automatically checked; manually review current aviation charts, NOTAMs, aerodromes and local procedures.</description><Point><coordinates>-0.4723945128553414,51.19523535161212,0</coordinates></Point></Placemark><Placemark><name>Unnamed face near SU 742 641</name><description>Rejected terrain; No contiguous south-east to south-west face in the 3 km verification window met the revised 120–200 m sustained-profile pre-filter. Obstacles: Not automatically checked; inspect buildings, power lines, roads, railways, trees and fences manually. Airspace: Not automatically checked; manually review current aviation charts, NOTAMs, aerodromes and local procedures.</description><Point><coordinates>-0.9352249471503622,51.37128842609694,0</coordinates></Point></Placemark><Placemark><name>Unnamed face near SU 608 402</name><description>Rejected terrain; No contiguous south-east to south-west face in the 3 km verification window met the revised 120–200 m sustained-profile pre-filter. Obstacles: Not automatically checked; inspect buildings, power lines, roads, railways, trees and fences manually. Airspace: Not automatically checked; manually review current aviation charts, NOTAMs, aerodromes and local procedures.</description><Point><coordinates>-1.1315355292268827,51.15789150500502,0</coordinates></Point></Placemark><Placemark><name>Unnamed face near SU 766 212</name><description>Rejected terrain; No contiguous south-east to south-west face in the 3 km verification window met the revised 120–200 m sustained-profile pre-filter. Obstacles: Not automatically checked; inspect buildings, power lines, roads, railways, trees and fences manually. Airspace: Not automatically checked; manually review current aviation charts, NOTAMs, aerodromes and local procedures.</description><Point><coordinates>-0.9087279689956395,50.98543834134402,0</coordinates></Point></Placemark><Placemark><name>Unnamed face near SU 972 645</name><description>Rejected terrain; No contiguous south-east to south-west face in the 3 km verification window met the revised 120–200 m sustained-profile pre-filter. Obstacles: Not automatically checked; inspect buildings, power lines, roads, railways, trees and fences manually. Airspace: Not automatically checked; manually review current aviation charts, NOTAMs, aerodromes and local procedures.</description><Point><coordinates>-0.6041778839507416,51.37136207282948,0</coordinates></Point></Placemark><Placemark><name>Unnamed face near SU 437 051</name><description>Rejected terrain; No contiguous south-east to south-west face in the 3 km verification window met the revised 120–200 m sustained-profile pre-filter. Obstacles: Not automatically checked; inspect buildings, power lines, roads, railways, trees and fences manually. Airspace: Not automatically checked; manually review current aviation charts, NOTAMs, aerodromes and local procedures.</description><Point><coordinates>-1.379638135750781,50.84395282420595,0</coordinates></Point></Placemark><Placemark><name>Unnamed face near SU 385 258</name><description>Rejected terrain; No contiguous south-east to south-west face in the 3 km verification window met the revised 120–200 m sustained-profile pre-filter. Obstacles: Not automatically checked; inspect buildings, power lines, roads, railways, trees and fences manually. Airspace: Not automatically checked; manually review current aviation charts, NOTAMs, aerodromes and local procedures.</description><Point><coordinates>-1.452029734891691,51.031052846032395,0</coordinates></Point></Placemark><Placemark><name>Unnamed face near SU 450 328</name><description>Rejected terrain; No contiguous south-east to south-west face in the 3 km verification window met the revised 120–200 m sustained-profile pre-filter. Obstacles: Not automatically checked; inspect buildings, power lines, roads, railways, trees and fences manually. Airspace: Not automatically checked; manually review current aviation charts, NOTAMs, aerodromes and local procedures.</description><Point><coordinates>-1.3576935173484825,51.09358221354066,0</coordinates></Point></Placemark><Placemark><name>Unnamed face near SU 614 653</name><description>Rejected terrain; No contiguous south-east to south-west face in the 3 km verification window met the revised 120–200 m sustained-profile pre-filter. Obstacles: Not automatically checked; inspect buildings, power lines, roads, railways, trees and fences manually. Airspace: Not automatically checked; manually review current aviation charts, NOTAMs, aerodromes and local procedures.</description><Point><coordinates>-1.1186316599037371,51.3840226891033,0</coordinates></Point></Placemark><Placemark><name>Pidham Hill</name><description>Likely ridge-soarable; Rank 133 terrain-only. Sustained 120–200 m slope 12.1°; relief 43 m; qualifying ridge at ≥8° 1020 m; 67% of the broader face reaches 8° and 54% reaches 9.5°. Category: Likely ridge-soarable. Obstacles: Not automatically checked; inspect buildings, power lines, roads, railways, trees and fences manually. Airspace: Not automatically checked; manually review current aviation charts, NOTAMs, aerodromes and local procedures.</description><Point><coordinates>-1.0116671119883613,51.00304872507372,0</coordinates></Point></Placemark><Placemark><name>Henwood Down</name><description>Likely ridge-soarable; Rank 134 terrain-only. Sustained 120–200 m slope 10.9°; relief 40 m; qualifying ridge at ≥8° 809 m; 56% of the broader face reaches 8° and 36% reaches 9.5°. Category: Likely ridge-soarable. Obstacles: Not automatically checked; inspect buildings, power lines, roads, railways, trees and fences manually. Airspace: Not automatically checked; manually review current aviation charts, NOTAMs, aerodromes and local procedures.</description><Point><coordinates>-1.0546152984055153,50.99974502498434,0</coordinates></Point></Placemark><Placemark><name>Holybourne slopes</name><description>Likely ridge-soarable; Rank 135 terrain-only. Sustained 120–200 m slope 10.0°; relief 34 m; qualifying ridge at ≥8° 1001 m; 42% of the broader face reaches 8° and 31% reaches 9.5°. Category: Likely ridge-soarable. Obstacles: Not automatically checked; inspect buildings, power lines, roads, railways, trees and fences manually. Airspace: Not automatically checked; manually review current aviation charts, NOTAMs, aerodromes and local procedures.</description><Point><coordinates>-0.9658299754610256,51.17554022842391,0</coordinates></Point></Placemark><Placemark><name>Neatham Down</name><description>Marginal terrain candidate; Rank 174 terrain-only. Sustained 120–200 m slope 9.1°; relief 28 m; qualifying ridge at ≥8° 796 m; 47% of the broader face reaches 8° and 24% reaches 9.5°. Category: Marginal — inspect carefully. Obstacles: Not automatically checked; inspect buildings, power lines, roads, railways, trees and fences manually. Airspace: Not automatically checked; manually review current aviation charts, NOTAMs, aerodromes and local procedures.</description><Point><coordinates>-0.9507816473210391,51.14774568239648,0</coordinates></Point></Placemark><Placemark><name>Windmill Down</name><description>Marginal terrain candidate; Rank 233 terrain-only. Sustained 120–200 m slope 9.5°; relief 34 m; qualifying ridge at ≥8° 342 m; 50% of the broader face reaches 8° and 35% reaches 9.5°. Category: Marginal — inspect carefully. Obstacles: Not automatically checked; inspect buildings, power lines, roads, railways, trees and fences manually. Airspace: Not automatically checked; manually review current aviation charts, NOTAMs, aerodromes and local procedures.</description><Point><coordinates>-1.0950128866812334,50.93891279735656,0</coordinates></Point></Placemark><Placemark><name>Farleigh Hill</name><description>Marginal terrain candidate; Rank 248 terrain-only. Sustained 120–200 m slope 8.7°; relief 30 m; qualifying ridge at ≥8° 389 m; 39% of the broader face reaches 8° and 19% reaches 9.5°. Category: Marginal — inspect carefully. Obstacles: Not automatically checked; inspect buildings, power lines, roads, railways, trees and fences manually. Airspace: Not automatically checked; manually review current aviation charts, NOTAMs, aerodromes and local procedures.</description><Point><coordinates>-1.1051309008950538,51.20368022522518,0</coordinates></Point></Placemark><Placemark><name>Chawton Park</name><description>Thermal-trigger terrain; Sustained 120–200 m slope 7.5°; relief 25 m; qualifying ridge at ≥8° 582 m; 11% of the broader face reaches 8° and 0% reaches 9.5°. Category: Thermal trigger only. Obstacles: Not automatically checked; inspect buildings, power lines, roads, railways, trees and fences manually. Airspace: Not automatically checked; manually review current aviation charts, NOTAMs, aerodromes and local procedures.</description><Point><coordinates>-1.0129474387343829,51.133273813669156,0</coordinates></Point></Placemark><Placemark><name>Semaphore Farm and Headmore</name><description>Thermal-trigger terrain; Sustained 120–200 m slope 7.4°; relief 26 m; qualifying ridge at ≥8° 291 m; 17% of the broader face reaches 8° and 0% reaches 9.5°. Category: Thermal trigger only. Obstacles: Not automatically checked; inspect buildings, power lines, roads, railways, trees and fences manually. Airspace: Not automatically checked; manually review current aviation charts, NOTAMs, aerodromes and local procedures.</description><Point><coordinates>-1.0247189052114574,51.092313733696955,0</coordinates></Point></Placemark><Placemark><name>Candover Valley</name><description>Thermal-trigger terrain; Sustained 120–200 m slope 7.1°; relief 24 m; qualifying ridge at ≥8° 126 m; 1% of the broader face reaches 8° and 0% reaches 9.5°. Category: Thermal trigger only. Obstacles: Not automatically checked; inspect buildings, power lines, roads, railways, trees and fences manually. Airspace: Not automatically checked; manually review current aviation charts, NOTAMs, aerodromes and local procedures.</description><Point><coordinates>-1.1252932811865994,51.19113813715064,0</coordinates></Point></Placemark><Placemark><name>Bighton Hill</name><description>Thermal-trigger terrain; Sustained 120–200 m slope 7.2°; relief 23 m; qualifying ridge at ≥8° 0 m; 0% of the broader face reaches 8° and 0% reaches 9.5°. Category: Thermal trigger only. Obstacles: Not automatically checked; inspect buildings, power lines, roads, railways, trees and fences manually. Airspace: Not automatically checked; manually review current aviation charts, NOTAMs, aerodromes and local procedures.</description><Point><coordinates>-1.095256236201871,51.09219510685153,0</coordinates></Point></Placemark><Placemark><name>Gander Down</name><description>Thermal-trigger terrain; Sustained 120–200 m slope 7.0°; relief 23 m; qualifying ridge at ≥8° 0 m; 0% of the broader face reaches 8° and 0% reaches 9.5°. Category: Thermal trigger only. Obstacles: Not automatically checked; inspect buildings, power lines, roads, railways, trees and fences manually. Airspace: Not automatically checked; manually review current aviation charts, NOTAMs, aerodromes and local procedures.</description><Point><coordinates>-1.215476389560412,51.02779044322416,0</coordinates></Point></Placemark><Placemark><name>Longwood Warren</name><description>Thermal-trigger terrain; Sustained 120–200 m slope 7.2°; relief 24 m; qualifying ridge at ≥8° 0 m; 0% of the broader face reaches 8° and 0% reaches 9.5°. Category: Thermal trigger only. Obstacles: Not automatically checked; inspect buildings, power lines, roads, railways, trees and fences manually. Airspace: Not automatically checked; manually review current aviation charts, NOTAMs, aerodromes and local procedures.</description><Point><coordinates>-1.2171253992770563,51.026047722512054,0</coordinates></Point></Placemark><Placemark><name>Bentworth slopes</name><description>Rejected terrain; Sustained 120–200 m slope 6.9°; relief 23 m; qualifying ridge at ≥8° 75 m; 1% of the broader face reaches 8° and 0% reaches 9.5°. Category: Rejected. Obstacles: Not automatically checked; inspect buildings, power lines, roads, railways, trees and fences manually. Airspace: Not automatically checked; manually review current aviation charts, NOTAMs, aerodromes and local procedures.</description><Point><coordinates>-1.038059375299363,51.15927769262693,0</coordinates></Point></Placemark><Placemark><name>Axford slopes</name><description>Thermal-trigger terrain; Sustained 120–200 m slope 6.7°; relief 22 m; qualifying ridge at ≥8° 0 m; 0% of the broader face reaches 8° and 0% reaches 9.5°. Category: Thermal trigger only. Obstacles: Not automatically checked; inspect buildings, power lines, roads, railways, trees and fences manually. Airspace: Not automatically checked; manually review current aviation charts, NOTAMs, aerodromes and local procedures.</description><Point><coordinates>-1.1547459835827398,51.0436199726156,0</coordinates></Point></Placemark><Placemark><name>Barn Lane and Kingswood Rise</name><description>Rejected terrain; No contiguous south-east to south-west face in the 3 km verification window met the revised 120–200 m sustained-profile pre-filter. Obstacles: Not automatically checked; inspect buildings, power lines, roads, railways, trees and fences manually. Airspace: Not automatically checked; manually review current aviation charts, NOTAMs, aerodromes and local procedures.</description><Point><coordinates>-1.060739988156357,51.10714999508112,0</coordinates></Point></Placemark><Placemark><name>Bramdean slopes</name><description>Rejected terrain; No contiguous south-east to south-west face in the 3 km verification window met the revised 120–200 m sustained-profile pre-filter. Obstacles: Not automatically checked; inspect buildings, power lines, roads, railways, trees and fences manually. Airspace: Not automatically checked; manually review current aviation charts, NOTAMs, aerodromes and local procedures.</description><Point><coordinates>-1.1199999882286304,51.029999995022436,0</coordinates></Point></Placemark><Placemark><name>Tunworth Down</name><description>Rejected terrain; No contiguous south-east to south-west face in the 3 km verification window met the revised 120–200 m sustained-profile pre-filter. Obstacles: Not automatically checked; inspect buildings, power lines, roads, railways, trees and fences manually. Airspace: Not automatically checked; manually review current aviation charts, NOTAMs, aerodromes and local procedures.</description><Point><coordinates>-1.0087499607756396,51.23598367552898,0</coordinates></Point></Placemark><Placemark><name>Weston Corbett</name><description>Rejected terrain; No contiguous south-east to south-west face in the 3 km verification window met the revised 120–200 m sustained-profile pre-filter. Obstacles: Not automatically checked; inspect buildings, power lines, roads, railways, trees and fences manually. Airspace: Not automatically checked; manually review current aviation charts, NOTAMs, aerodromes and local procedures.</description><Point><coordinates>-1.024499988074028,51.22249999516827,0</coordinates></Point></Placemark><Placemark><name>Upton Grey</name><description>Rejected terrain; No contiguous south-east to south-west face in the 3 km verification window met the revised 120–200 m sustained-profile pre-filter. Obstacles: Not automatically checked; inspect buildings, power lines, roads, railways, trees and fences manually. Airspace: Not automatically checked; manually review current aviation charts, NOTAMs, aerodromes and local procedures.</description><Point><coordinates>-1.0044999880560108,51.2371999951797,0</coordinates></Point></Placemark></Document></kml>