{
  "type": "FeatureCollection",
  "features": [
    {
      "type": "Feature",
      "geometry": {
        "type": "Point",
        "coordinates": [
          -0.9469426040751612,
          51.036541855799314
        ]
      },
      "properties": {
        "rank": 1,
        "selection_tier": "Ideal",
        "ideal_match": true,
        "paragliding_score": 82.25079887209459,
        "name": "Unnamed face near SU 742 269",
        "grid_ref": "SU 7393 2688",
        "facing": "SSE",
        "aspect_deg": 167.576171875,
        "distance_miles": 6.622829306318886,
        "representative_slope_deg": 17.04910659790039,
        "vertical_relief_m": 60.06982421875,
        "vertical_relief_ft": 197.0794820898437,
        "ridge_length_m": 2076.4635183892096,
        "ridge_8deg_m": 2074.6742241389584,
        "ridge_9_5deg_m": 2046.9241557773785,
        "percent_face_8deg": 93.71827542627469,
        "percent_face_9_5deg": 84.51530030869952,
        "connected_area_ha": 60.26415602488889,
        "downslope_span_m": 685.5077939623297,
        "roughness_m": 8.455475807189941,
        "gaps_count": 0,
        "largest_gap_m": 0,
        "slope_score": 100.0,
        "relief_score": 44.52202690972222,
        "ridge_score": 100.0,
        "exposure_proxy_score": 76.04189453125001,
        "continuity_score": 100.0,
        "launch_proxy_score": 78.78426074981688,
        "aspect_score": 77.4112215909091,
        "whitewool_similarity_pct": 48.34447002843218,
        "latitude": 51.036541855799314,
        "longitude": -0.9469426040751612
      }
    },
    {
      "type": "Feature",
      "geometry": {
        "type": "Point",
        "coordinates": [
          -0.4298310091671986,
          51.22645139119241
        ]
      },
      "properties": {
        "rank": 2,
        "selection_tier": "Ideal",
        "ideal_match": true,
        "paragliding_score": 80.95759702886606,
        "name": "Unnamed face near TQ 091 490",
        "grid_ref": "TQ 0973 4864",
        "facing": "S",
        "aspect_deg": 185.68492126464844,
        "distance_miles": 28.152632316723327,
        "representative_slope_deg": 12.31922721862793,
        "vertical_relief_m": 43.72123718261719,
        "vertical_relief_ft": 143.44238379821778,
        "ridge_length_m": 1466.4916043664562,
        "ridge_8deg_m": 1534.9904571976513,
        "ridge_9_5deg_m": 1503.119212437712,
        "percent_face_8deg": 73.20047524042234,
        "percent_face_9_5deg": 61.74314600192786,
        "connected_area_ha": 51.74007614506666,
        "downslope_span_m": 636.5420457677101,
        "roughness_m": 3.794415473937988,
        "gaps_count": 0,
        "largest_gap_m": 0,
        "slope_score": 100.0,
        "relief_score": 26.356930202907986,
        "ridge_score": 100.0,
        "exposure_proxy_score": 66.23274230957031,
        "continuity_score": 100.0,
        "launch_proxy_score": 96.91060649024115,
        "aspect_score": 89.66377951882102,
        "whitewool_similarity_pct": 57.89793054058262,
        "latitude": 51.22645139119241,
        "longitude": -0.4298310091671986
      }
    },
    {
      "type": "Feature",
      "geometry": {
        "type": "Point",
        "coordinates": [
          -0.4170997717326332,
          51.22721227572943
        ]
      },
      "properties": {
        "rank": 3,
        "selection_tier": "Ideal",
        "ideal_match": true,
        "paragliding_score": 80.5368040923177,
        "name": "Unnamed face near TQ 105 486",
        "grid_ref": "TQ 1062 4874",
        "facing": "S",
        "aspect_deg": 171.2005615234375,
        "distance_miles": 28.697035124497067,
        "representative_slope_deg": 12.621654510498049,
        "vertical_relief_m": 44.966217041015625,
        "vertical_relief_ft": 147.5269635168457,
        "ridge_length_m": 2599.549493679777,
        "ridge_8deg_m": 2799.709783710656,
        "ridge_9_5deg_m": 2799.4281974082114,
        "percent_face_8deg": 76.93473501888427,
        "percent_face_9_5deg": 65.78339628088239,
        "connected_area_ha": 96.97661876799998,
        "downslope_span_m": 609.2220743587095,
        "roughness_m": 3.94115948677063,
        "gaps_count": 0,
        "largest_gap_m": 0,
        "slope_score": 100.0,
        "relief_score": 27.740241156684025,
        "ridge_score": 100.0,
        "exposure_proxy_score": 66.97973022460938,
        "continuity_score": 100.0,
        "launch_proxy_score": 96.33993532922534,
        "aspect_score": 84.00102095170455,
        "whitewool_similarity_pct": 49.895276092318056,
        "latitude": 51.22721227572943,
        "longitude": -0.4170997717326332
      }
    },
    {
      "type": "Feature",
      "geometry": {
        "type": "Point",
        "coordinates": [
          -0.966705512048777,
          51.02346330031016
        ]
      },
      "properties": {
        "rank": 4,
        "selection_tier": "Ideal",
        "ideal_match": true,
        "paragliding_score": 80.51672005601647,
        "name": "Unnamed face near SU 727 253",
        "grid_ref": "SU 7256 2540",
        "facing": "SSE",
        "aspect_deg": 156.54840087890625,
        "distance_miles": 6.825504952514826,
        "representative_slope_deg": 14.923152923583984,
        "vertical_relief_m": 58.49385070800781,
        "vertical_relief_ft": 191.90896515686035,
        "ridge_length_m": 2418.749235555646,
        "ridge_8deg_m": 2511.2745595839806,
        "ridge_9_5deg_m": 2501.3686040513567,
        "percent_face_8deg": 85.06108848574603,
        "percent_face_9_5deg": 73.4394668641244,
        "connected_area_ha": 71.29070338257777,
        "downslope_span_m": 789.231675188872,
        "roughness_m": 8.189140319824219,
        "gaps_count": 0,
        "largest_gap_m": 0,
        "slope_score": 100.0,
        "relief_score": 42.77094523111979,
        "ridge_score": 100.0,
        "exposure_proxy_score": 75.09631042480468,
        "continuity_score": 100.0,
        "launch_proxy_score": 72.25698153177898,
        "aspect_score": 57.36072887073864,
        "whitewool_similarity_pct": 54.857942218259346,
        "latitude": 51.02346330031016,
        "longitude": -0.966705512048777
      }
    },
    {
      "type": "Feature",
      "geometry": {
        "type": "Point",
        "coordinates": [
          -0.3905985595296264,
          51.233612283294576
        ]
      },
      "properties": {
        "rank": 5,
        "selection_tier": "Ideal",
        "ideal_match": true,
        "paragliding_score": 79.62967200273118,
        "name": "Unnamed face near TQ 124 495",
        "grid_ref": "TQ 1245 4949",
        "facing": "SSE",
        "aspect_deg": 149.2933349609375,
        "distance_miles": 29.925464844000118,
        "representative_slope_deg": 14.034088134765623,
        "vertical_relief_m": 51.2929801940918,
        "vertical_relief_ft": 168.28406113998412,
        "ridge_length_m": 2598.9128004727536,
        "ridge_8deg_m": 2799.8663479033858,
        "ridge_9_5deg_m": 2799.324848570337,
        "percent_face_8deg": 84.90361528435206,
        "percent_face_9_5deg": 74.75475063456129,
        "connected_area_ha": 89.01611441742222,
        "downslope_span_m": 583.0020786226378,
        "roughness_m": 5.967363357543945,
        "gaps_count": 0,
        "largest_gap_m": 0,
        "slope_score": 100.0,
        "relief_score": 34.76997799343533,
        "ridge_score": 100.0,
        "exposure_proxy_score": 70.77578811645509,
        "continuity_score": 100.0,
        "launch_proxy_score": 88.46025360955132,
        "aspect_score": 44.169699928977266,
        "whitewool_similarity_pct": 54.86593457687249,
        "latitude": 51.233612283294576,
        "longitude": -0.3905985595296264
      }
    },
    {
      "type": "Feature",
      "geometry": {
        "type": "Point",
        "coordinates": [
          -0.9394628659082964,
          51.07736463597115
        ]
      },
      "properties": {
        "rank": 6,
        "selection_tier": "Ideal",
        "ideal_match": true,
        "paragliding_score": 79.25465903726814,
        "name": "Unnamed face near SU 745 314",
        "grid_ref": "SU 7439 3142",
        "facing": "S",
        "aspect_deg": 171.31451416015625,
        "distance_miles": 5.215785433176141,
        "representative_slope_deg": 13.113131523132324,
        "vertical_relief_m": 46.43693542480469,
        "vertical_relief_ft": 152.3521552191162,
        "ridge_length_m": 1471.8030582396314,
        "ridge_8deg_m": 1433.1226485431544,
        "ridge_9_5deg_m": 1410.928443638608,
        "percent_face_8deg": 76.22107541201932,
        "percent_face_9_5deg": 63.7689362410521,
        "connected_area_ha": 36.88057476177778,
        "downslope_span_m": 768.5829098760441,
        "roughness_m": 9.556890487670898,
        "gaps_count": 0,
        "largest_gap_m": 0,
        "slope_score": 100.0,
        "relief_score": 29.37437269422743,
        "ridge_score": 100.0,
        "exposure_proxy_score": 67.86216125488282,
        "continuity_score": 100.0,
        "launch_proxy_score": 73.48164664374457,
        "aspect_score": 84.20820756392045,
        "whitewool_similarity_pct": 62.212078046622196,
        "latitude": 51.07736463597115,
        "longitude": -0.9394628659082964
      }
    },
    {
      "type": "Feature",
      "geometry": {
        "type": "Point",
        "coordinates": [
          -0.980807992194998,
          50.97419002435819
        ]
      },
      "properties": {
        "rank": 7,
        "selection_tier": "Ideal",
        "ideal_match": true,
        "paragliding_score": 78.51072283975303,
        "name": "Unnamed face near SU 714 196",
        "grid_ref": "SU 7165 1991",
        "facing": "SSE",
        "aspect_deg": 160.1883544921875,
        "distance_miles": 9.675810562016068,
        "representative_slope_deg": 12.382729530334473,
        "vertical_relief_m": 44.24853515625,
        "vertical_relief_ft": 145.17236408203124,
        "ridge_length_m": 1564.6569655059138,
        "ridge_8deg_m": 1427.6839719384443,
        "ridge_9_5deg_m": 1398.0121151920175,
        "percent_face_8deg": 71.543471927415,
        "percent_face_9_5deg": 59.65788487951055,
        "connected_area_ha": 83.14820443253333,
        "downslope_span_m": 1209.6666084385795,
        "roughness_m": 6.801423072814941,
        "gaps_count": 0,
        "largest_gap_m": 0,
        "slope_score": 100.0,
        "relief_score": 26.94281684027778,
        "ridge_score": 100.0,
        "exposure_proxy_score": 66.54912109375,
        "continuity_score": 100.0,
        "launch_proxy_score": 85.21668805016411,
        "aspect_score": 63.97882634943181,
        "whitewool_similarity_pct": 55.3264405432171,
        "latitude": 50.97419002435819,
        "longitude": -0.980807992194998
      }
    },
    {
      "type": "Feature",
      "geometry": {
        "type": "Point",
        "coordinates": [
          -1.0167985239456674,
          51.00047414354536
        ]
      },
      "properties": {
        "rank": 8,
        "selection_tier": "Ideal",
        "ideal_match": true,
        "paragliding_score": 78.32853665398503,
        "name": "Pidham Hill",
        "grid_ref": "SU 6908 2280",
        "facing": "SSW",
        "aspect_deg": 198.25814819335935,
        "distance_miles": 7.52136570190156,
        "representative_slope_deg": 11.891898155212402,
        "vertical_relief_m": 42.4124755859375,
        "vertical_relief_ft": 139.14854640136718,
        "ridge_length_m": 1055.8254850225055,
        "ridge_8deg_m": 986.052613757376,
        "ridge_9_5deg_m": 1083.9906424891087,
        "percent_face_8deg": 64.25526896574962,
        "percent_face_9_5deg": 48.7187694795896,
        "connected_area_ha": 27.571972128177773,
        "downslope_span_m": 520.9746200084919,
        "roughness_m": 5.89293909072876,
        "gaps_count": 0,
        "largest_gap_m": 0,
        "slope_score": 100.0,
        "relief_score": 24.902750651041668,
        "ridge_score": 100.0,
        "exposure_proxy_score": 65.4474853515625,
        "continuity_score": 98.97005282497288,
        "launch_proxy_score": 79.01451190312703,
        "aspect_score": 66.80336692116482,
        "whitewool_similarity_pct": 72.74752869452338,
        "latitude": 51.00047414354536,
        "longitude": -1.0167985239456674
      }
    },
    {
      "type": "Feature",
      "geometry": {
        "type": "Point",
        "coordinates": [
          -1.1442543761217234,
          51.51104779180367
        ]
      },
      "properties": {
        "rank": 9,
        "selection_tier": "Ideal",
        "ideal_match": true,
        "paragliding_score": 77.9147533591705,
        "name": "Unnamed face near SU 590 783",
        "grid_ref": "SU 5948 7947",
        "facing": "SSE",
        "aspect_deg": 166.12030029296875,
        "distance_miles": 28.199285079645783,
        "representative_slope_deg": 11.18154239654541,
        "vertical_relief_m": 37.24871444702149,
        "vertical_relief_ft": 122.20707230636596,
        "ridge_length_m": 977.0512769235648,
        "ridge_8deg_m": 1177.4861872059992,
        "ridge_9_5deg_m": 1096.7363091826555,
        "percent_face_8deg": 71.0627690913211,
        "percent_face_9_5deg": 55.4498073872649,
        "connected_area_ha": 18.162502283377776,
        "downslope_span_m": 657.5571808170207,
        "roughness_m": 4.885274410247803,
        "gaps_count": 0,
        "largest_gap_m": 0,
        "slope_score": 100.0,
        "relief_score": 19.165238274468326,
        "ridge_score": 100.0,
        "exposure_proxy_score": 62.349228668212895,
        "continuity_score": 100.0,
        "launch_proxy_score": 92.66837729348076,
        "aspect_score": 74.76418235085227,
        "whitewool_similarity_pct": 53.65072941755249,
        "latitude": 51.51104779180367,
        "longitude": -1.1442543761217234
      }
    },
    {
      "type": "Feature",
      "geometry": {
        "type": "Point",
        "coordinates": [
          -1.0739526850709378,
          51.49738601885527
        ]
      },
      "properties": {
        "rank": 10,
        "selection_tier": "Ideal",
        "ideal_match": true,
        "paragliding_score": 77.82938788637293,
        "name": "Unnamed face near SU 644 779",
        "grid_ref": "SU 6438 7801",
        "facing": "SSE",
        "aspect_deg": 161.2899169921875,
        "distance_miles": 26.97553052553612,
        "representative_slope_deg": 12.173622131347656,
        "vertical_relief_m": 42.06627655029297,
        "vertical_relief_ft": 138.0127227572632,
        "ridge_length_m": 1016.7886578746838,
        "ridge_8deg_m": 831.5250787572586,
        "ridge_9_5deg_m": 753.2060474102036,
        "percent_face_8deg": 65.4891066585003,
        "percent_face_9_5deg": 50.34342462157669,
        "connected_area_ha": 19.9428886144,
        "downslope_span_m": 545.4843039997213,
        "roughness_m": 6.060495376586914,
        "gaps_count": 0,
        "largest_gap_m": 0,
        "slope_score": 100.0,
        "relief_score": 24.518085055881077,
        "ridge_score": 100.0,
        "exposure_proxy_score": 65.23976593017579,
        "continuity_score": 100.0,
        "launch_proxy_score": 80.90913944774204,
        "aspect_score": 65.98166725852272,
        "whitewool_similarity_pct": 59.51425861528108,
        "latitude": 51.49738601885527,
        "longitude": -1.0739526850709378
      }
    },
    {
      "type": "Feature",
      "geometry": {
        "type": "Point",
        "coordinates": [
          -0.4806463838399408,
          51.230411868099125
        ]
      },
      "properties": {
        "rank": 11,
        "selection_tier": "Ideal",
        "ideal_match": true,
        "paragliding_score": 77.78232685846774,
        "name": "Unnamed face near TQ 065 487",
        "grid_ref": "TQ 0618 4901",
        "facing": "S",
        "aspect_deg": 186.8632659912109,
        "distance_miles": 26.13585488468422,
        "representative_slope_deg": 10.325202941894531,
        "vertical_relief_m": 35.61100387573242,
        "vertical_relief_ft": 116.83400595565796,
        "ridge_length_m": 1952.2334090479417,
        "ridge_8deg_m": 2071.413220508897,
        "ridge_9_5deg_m": 2036.9824193060049,
        "percent_face_8deg": 65.96585323955222,
        "percent_face_9_5deg": 49.93080938701889,
        "connected_area_ha": 68.58009721493333,
        "downslope_span_m": 739.7205436011718,
        "roughness_m": 3.718670606613159,
        "gaps_count": 0,
        "largest_gap_m": 0,
        "slope_score": 100.0,
        "relief_score": 17.345559861924915,
        "ridge_score": 100.0,
        "exposure_proxy_score": 61.36660232543946,
        "continuity_score": 100.0,
        "launch_proxy_score": 97.20516986317105,
        "aspect_score": 87.52133456143471,
        "whitewool_similarity_pct": 37.578376319484754,
        "latitude": 51.230411868099125,
        "longitude": -0.4806463838399408
      }
    },
    {
      "type": "Feature",
      "geometry": {
        "type": "Point",
        "coordinates": [
          -0.6311500647919581,
          50.92323652477476
        ]
      },
      "properties": {
        "rank": 12,
        "selection_tier": "Ideal",
        "ideal_match": true,
        "paragliding_score": 77.58572452645028,
        "name": "Unnamed face near SU 964 154",
        "grid_ref": "SU 9630 1464",
        "facing": "SSE",
        "aspect_deg": 162.7259521484375,
        "distance_miles": 22.234675776976825,
        "representative_slope_deg": 10.993766784667969,
        "vertical_relief_m": 39.778839111328125,
        "vertical_relief_ft": 130.50800651000978,
        "ridge_length_m": 1571.510418338352,
        "ridge_8deg_m": 1515.3857633759617,
        "ridge_9_5deg_m": 1440.9259088368271,
        "percent_face_8deg": 70.25055249354315,
        "percent_face_9_5deg": 56.03482706286445,
        "connected_area_ha": 48.12166507662222,
        "downslope_span_m": 657.808992903505,
        "roughness_m": 5.173431873321533,
        "gaps_count": 0,
        "largest_gap_m": 0,
        "slope_score": 100.0,
        "relief_score": 21.976487901475693,
        "ridge_score": 100.0,
        "exposure_proxy_score": 63.867303466796876,
        "continuity_score": 100.0,
        "launch_proxy_score": 86.64186398188274,
        "aspect_score": 68.59264026988636,
        "whitewool_similarity_pct": 52.30674819053574,
        "latitude": 50.92323652477476,
        "longitude": -0.6311500647919581
      }
    },
    {
      "type": "Feature",
      "geometry": {
        "type": "Point",
        "coordinates": [
          -0.6702832522941022,
          50.92450388174389
        ]
      },
      "properties": {
        "rank": 13,
        "selection_tier": "Ideal",
        "ideal_match": true,
        "paragliding_score": 77.585475228286,
        "name": "Unnamed face near SU 927 154",
        "grid_ref": "SU 9355 1473",
        "facing": "SSE",
        "aspect_deg": 166.100830078125,
        "distance_miles": 20.805010498105176,
        "representative_slope_deg": 13.63279628753662,
        "vertical_relief_m": 50.7132568359375,
        "vertical_relief_ft": 166.3820815576172,
        "ridge_length_m": 824.0252988274442,
        "ridge_8deg_m": 842.6428688882152,
        "ridge_9_5deg_m": 805.8418882355909,
        "percent_face_8deg": 72.99571603427172,
        "percent_face_9_5deg": 59.10342717258262,
        "connected_area_ha": 19.249626670755557,
        "downslope_span_m": 557.503195341109,
        "roughness_m": 7.418359279632568,
        "gaps_count": 0,
        "largest_gap_m": 0,
        "slope_score": 100.0,
        "relief_score": 34.12584092881944,
        "ridge_score": 79.82600883182246,
        "exposure_proxy_score": 70.4279541015625,
        "continuity_score": 100.0,
        "launch_proxy_score": 81.83230797449748,
        "aspect_score": 74.72878196022728,
        "whitewool_similarity_pct": 60.17669506988439,
        "latitude": 50.92450388174389,
        "longitude": -0.6702832522941022
      }
    },
    {
      "type": "Feature",
      "geometry": {
        "type": "Point",
        "coordinates": [
          -0.8271912762991873,
          50.89822038815118
        ]
      },
      "properties": {
        "rank": 14,
        "selection_tier": "Ideal",
        "ideal_match": true,
        "paragliding_score": 77.43233677377188,
        "name": "Unnamed face near SU 817 121",
        "grid_ref": "SU 8257 1162",
        "facing": "SE",
        "aspect_deg": 142.55398559570312,
        "distance_miles": 17.40054254556366,
        "representative_slope_deg": 13.234940528869627,
        "vertical_relief_m": 50.084251403808594,
        "vertical_relief_ft": 164.31841537567138,
        "ridge_length_m": 2056.5256340837223,
        "ridge_8deg_m": 2245.9664285923936,
        "ridge_9_5deg_m": 1111.5345053753117,
        "percent_face_8deg": 77.78098457986312,
        "percent_face_9_5deg": 65.1851241032407,
        "connected_area_ha": 50.43200453315556,
        "downslope_span_m": 1106.899231579533,
        "roughness_m": 7.060346603393555,
        "gaps_count": 0,
        "largest_gap_m": 0,
        "slope_score": 100.0,
        "relief_score": 33.42694600423177,
        "ridge_score": 100.0,
        "exposure_proxy_score": 70.05055084228516,
        "continuity_score": 100.0,
        "launch_proxy_score": 74.40058390299478,
        "aspect_score": 31.916337446732957,
        "whitewool_similarity_pct": 57.4967396831642,
        "latitude": 50.89822038815118,
        "longitude": -0.8271912762991873
      }
    },
    {
      "type": "Feature",
      "geometry": {
        "type": "Point",
        "coordinates": [
          -1.194257963893233,
          50.683129607517806
        ]
      },
      "properties": {
        "rank": 15,
        "selection_tier": "Ideal",
        "ideal_match": true,
        "paragliding_score": 77.1727877656558,
        "name": "Unnamed face near SZ 574 873",
        "grid_ref": "SZ 5702 8736",
        "facing": "S",
        "aspect_deg": 177.741943359375,
        "distance_miles": 29.990140371549632,
        "representative_slope_deg": 10.823230743408203,
        "vertical_relief_m": 37.89396667480469,
        "vertical_relief_ft": 124.3240416253662,
        "ridge_length_m": 1969.5230995269376,
        "ridge_8deg_m": 2053.485854330356,
        "ridge_9_5deg_m": 1149.5404811431654,
        "percent_face_8deg": 65.1835737275003,
        "percent_face_9_5deg": 49.02252950292049,
        "connected_area_ha": 37.40252255306667,
        "downslope_span_m": 695.1696395988401,
        "roughness_m": 6.279495716094971,
        "gaps_count": 0,
        "largest_gap_m": 0,
        "slope_score": 100.0,
        "relief_score": 19.882185194227432,
        "ridge_score": 100.0,
        "exposure_proxy_score": 62.73638000488282,
        "continuity_score": 100.0,
        "launch_proxy_score": 77.86835855907863,
        "aspect_score": 95.8944424715909,
        "whitewool_similarity_pct": 43.968900126036715,
        "latitude": 50.683129607517806,
        "longitude": -1.194257963893233
      }
    },
    {
      "type": "Feature",
      "geometry": {
        "type": "Point",
        "coordinates": [
          -0.7480851132239025,
          51.09172075814334
        ]
      },
      "properties": {
        "rank": 16,
        "selection_tier": "Ideal",
        "ideal_match": true,
        "paragliding_score": 77.15645499924327,
        "name": "Unnamed face near SU 875 328",
        "grid_ref": "SU 8777 3323",
        "facing": "SSE",
        "aspect_deg": 158.435302734375,
        "distance_miles": 13.157531493301304,
        "representative_slope_deg": 10.768610954284668,
        "vertical_relief_m": 35.89933013916016,
        "vertical_relief_ft": 117.7799582937622,
        "ridge_length_m": 1309.3076342989807,
        "ridge_8deg_m": 1361.0490721318638,
        "ridge_9_5deg_m": 1327.4687732273014,
        "percent_face_8deg": 64.23998910378643,
        "percent_face_9_5deg": 49.39730318714247,
        "connected_area_ha": 27.711264943644444,
        "downslope_span_m": 1022.8744250684832,
        "roughness_m": 5.071537017822266,
        "gaps_count": 0,
        "largest_gap_m": 0,
        "slope_score": 100.0,
        "relief_score": 17.665922376844627,
        "ridge_score": 100.0,
        "exposure_proxy_score": 61.5395980834961,
        "continuity_score": 98.94892110098124,
        "launch_proxy_score": 91.94402270846898,
        "aspect_score": 60.79145951704545,
        "whitewool_similarity_pct": 62.935191467896956,
        "latitude": 51.09172075814334,
        "longitude": -0.7480851132239025
      }
    },
    {
      "type": "Feature",
      "geometry": {
        "type": "Point",
        "coordinates": [
          -0.4905888129194499,
          51.2313817204872
        ]
      },
      "properties": {
        "rank": 17,
        "selection_tier": "Ideal",
        "ideal_match": true,
        "paragliding_score": 77.11683663864571,
        "name": "Unnamed face near TQ 054 501",
        "grid_ref": "TQ 0548 4910",
        "facing": "S",
        "aspect_deg": 183.61697387695312,
        "distance_miles": 25.749745583832667,
        "representative_slope_deg": 10.55876350402832,
        "vertical_relief_m": 36.58674621582031,
        "vertical_relief_ft": 120.03526045471192,
        "ridge_length_m": 1629.5900163432816,
        "ridge_8deg_m": 1938.845966068155,
        "ridge_9_5deg_m": 1895.1714021848748,
        "percent_face_8deg": 72.48804916913271,
        "percent_face_9_5deg": 52.84543592078306,
        "connected_area_ha": 40.68631065102222,
        "downslope_span_m": 370.6460233982653,
        "roughness_m": 2.7527499198913574,
        "gaps_count": 0,
        "largest_gap_m": 0,
        "slope_score": 100.0,
        "relief_score": 18.429718017578125,
        "ridge_score": 100.0,
        "exposure_proxy_score": 48.72638496253641,
        "continuity_score": 100.0,
        "launch_proxy_score": 100.0,
        "aspect_score": 93.42368386008523,
        "whitewool_similarity_pct": 47.444739972485124,
        "latitude": 51.2313817204872,
        "longitude": -0.4905888129194499
      }
    },
    {
      "type": "Feature",
      "geometry": {
        "type": "Point",
        "coordinates": [
          -0.9894151415029874,
          51.0125502045047
        ]
      },
      "properties": {
        "rank": 18,
        "selection_tier": "Ideal",
        "ideal_match": true,
        "paragliding_score": 77.05151524027139,
        "name": "Pidham Hill",
        "grid_ref": "SU 7099 2417",
        "facing": "S",
        "aspect_deg": 170.98486328125,
        "distance_miles": 7.053616222143718,
        "representative_slope_deg": 10.58358669281006,
        "vertical_relief_m": 35.39399719238281,
        "vertical_relief_ft": 116.12204174865722,
        "ridge_length_m": 1549.260904900846,
        "ridge_8deg_m": 1701.1242973521585,
        "ridge_9_5deg_m": 1319.9175624448108,
        "percent_face_8deg": 62.73147378569767,
        "percent_face_9_5deg": 48.37261877057083,
        "connected_area_ha": 29.35876272657778,
        "downslope_span_m": 433.70261750342615,
        "roughness_m": 6.140355587005615,
        "gaps_count": 0,
        "largest_gap_m": 0,
        "slope_score": 100.0,
        "relief_score": 17.104441324869793,
        "ridge_score": 100.0,
        "exposure_proxy_score": 58.520167899334055,
        "continuity_score": 96.86267651213508,
        "launch_proxy_score": 87.78750605053372,
        "aspect_score": 83.60884232954545,
        "whitewool_similarity_pct": 61.24726967793267,
        "latitude": 51.0125502045047,
        "longitude": -0.9894151415029874
      }
    },
    {
      "type": "Feature",
      "geometry": {
        "type": "Point",
        "coordinates": [
          -0.5379143667310506,
          51.22331432051402
        ]
      },
      "properties": {
        "rank": 19,
        "selection_tier": "Ideal",
        "ideal_match": true,
        "paragliding_score": 77.04197495249554,
        "name": "Unnamed face near TQ 019 489",
        "grid_ref": "TQ 0219 4813",
        "facing": "S",
        "aspect_deg": 183.2779235839844,
        "distance_miles": 23.627519934946942,
        "representative_slope_deg": 11.320493698120115,
        "vertical_relief_m": 37.97068786621094,
        "vertical_relief_ft": 124.57575157897948,
        "ridge_length_m": 2232.2577428974328,
        "ridge_8deg_m": 1132.794399303908,
        "ridge_9_5deg_m": 1077.5537647535093,
        "percent_face_8deg": 58.565904641718845,
        "percent_face_9_5deg": 45.60015531718682,
        "connected_area_ha": 51.83453908888889,
        "downslope_span_m": 836.8175002026546,
        "roughness_m": 5.562072277069092,
        "gaps_count": 0,
        "largest_gap_m": 0,
        "slope_score": 100.0,
        "relief_score": 19.967430962456596,
        "ridge_score": 100.0,
        "exposure_proxy_score": 62.782412719726565,
        "continuity_score": 91.10178301514308,
        "launch_proxy_score": 90.03638558917575,
        "aspect_score": 94.04013893821018,
        "whitewool_similarity_pct": 36.27349185651362,
        "latitude": 51.22331432051402,
        "longitude": -0.5379143667310506
      }
    },
    {
      "type": "Feature",
      "geometry": {
        "type": "Point",
        "coordinates": [
          -0.7760746731554734,
          51.0544215571285
        ]
      },
      "properties": {
        "rank": 20,
        "selection_tier": "Ideal",
        "ideal_match": true,
        "paragliding_score": 76.99045587112575,
        "name": "Unnamed face near SU 854 289",
        "grid_ref": "SU 8587 2905",
        "facing": "S",
        "aspect_deg": 171.68682861328125,
        "distance_miles": 12.449445074277738,
        "representative_slope_deg": 11.04096794128418,
        "vertical_relief_m": 36.87293243408203,
        "vertical_relief_ft": 120.97419164703368,
        "ridge_length_m": 1532.4440806936473,
        "ridge_8deg_m": 1569.1986232117051,
        "ridge_9_5deg_m": 1534.143543162034,
        "percent_face_8deg": 60.48210810001497,
        "percent_face_9_5deg": 47.03897789090183,
        "connected_area_ha": 65.04334055555555,
        "downslope_span_m": 1250.2133708675246,
        "roughness_m": 5.401269912719727,
        "gaps_count": 0,
        "largest_gap_m": 0,
        "slope_score": 100.0,
        "relief_score": 18.74770270453559,
        "ridge_score": 100.0,
        "exposure_proxy_score": 62.12375946044922,
        "continuity_score": 93.75185162768027,
        "launch_proxy_score": 90.66172811720105,
        "aspect_score": 84.88514293323863,
        "whitewool_similarity_pct": 43.48242850455905,
        "latitude": 51.0544215571285,
        "longitude": -0.7760746731554734
      }
    },
    {
      "type": "Feature",
      "geometry": {
        "type": "Point",
        "coordinates": [
          -0.7081261893950103,
          51.078913186801294
        ]
      },
      "properties": {
        "rank": 21,
        "selection_tier": "Ideal",
        "ideal_match": true,
        "paragliding_score": 76.94268093355953,
        "name": "Unnamed face near SU 902 319",
        "grid_ref": "SU 9059 3185",
        "facing": "SSW",
        "aspect_deg": 206.96197509765625,
        "distance_miles": 14.98335975959806,
        "representative_slope_deg": 11.48281955718994,
        "vertical_relief_m": 38.48846435546875,
        "vertical_relief_ft": 126.27449339599607,
        "ridge_length_m": 1921.8158331980808,
        "ridge_8deg_m": 2006.0295651062625,
        "ridge_9_5deg_m": 1977.374248351378,
        "percent_face_8deg": 69.29770043505283,
        "percent_face_9_5deg": 56.42602466389716,
        "connected_area_ha": 30.836547423999995,
        "downslope_span_m": 665.1465512281866,
        "roughness_m": 4.974681854248047,
        "gaps_count": 0,
        "largest_gap_m": 0,
        "slope_score": 100.0,
        "relief_score": 20.542738172743054,
        "ridge_score": 100.0,
        "exposure_proxy_score": 63.09307861328125,
        "continuity_score": 100.0,
        "launch_proxy_score": 92.32068167792427,
        "aspect_score": 50.97822709517046,
        "whitewool_similarity_pct": 52.32657786209849,
        "latitude": 51.078913186801294,
        "longitude": -0.7081261893950103
      }
    },
    {
      "type": "Feature",
      "geometry": {
        "type": "Point",
        "coordinates": [
          -1.0804632074098977,
          50.98591991828823
        ]
      },
      "properties": {
        "rank": 22,
        "selection_tier": "Ideal",
        "ideal_match": true,
        "paragliding_score": 76.94078554953288,
        "name": "Unnamed face near SU 643 202",
        "grid_ref": "SU 6464 2112",
        "facing": "S",
        "aspect_deg": 182.19911193847656,
        "distance_miles": 8.499484982945233,
        "representative_slope_deg": 10.12990379333496,
        "vertical_relief_m": 37.0018310546875,
        "vertical_relief_ft": 121.39708739746094,
        "ridge_length_m": 910.5319574169116,
        "ridge_8deg_m": 618.0355859571137,
        "ridge_9_5deg_m": 595.1200481365086,
        "percent_face_8deg": 65.28640689531335,
        "percent_face_9_5deg": 46.89172203268091,
        "connected_area_ha": 31.500990164444445,
        "downslope_span_m": 1080.056678028428,
        "roughness_m": 5.78611421585083,
        "gaps_count": 0,
        "largest_gap_m": 0,
        "slope_score": 100.0,
        "relief_score": 18.89092339409722,
        "ridge_score": 88.52973813037327,
        "exposure_proxy_score": 62.2010986328125,
        "continuity_score": 100.0,
        "launch_proxy_score": 89.16511138280232,
        "aspect_score": 96.00161465731534,
        "whitewool_similarity_pct": 55.61859309588827,
        "latitude": 50.98591991828823,
        "longitude": -1.0804632074098977
      }
    },
    {
      "type": "Feature",
      "geometry": {
        "type": "Point",
        "coordinates": [
          -0.5207784263884024,
          50.899532510616666
        ]
      },
      "properties": {
        "rank": 23,
        "selection_tier": "Ideal",
        "ideal_match": true,
        "paragliding_score": 76.91948593146817,
        "name": "Unnamed face near TQ 045 117",
        "grid_ref": "TQ 0411 1215",
        "facing": "S",
        "aspect_deg": 189.95411682128903,
        "distance_miles": 27.1595407182199,
        "representative_slope_deg": 10.599199295043944,
        "vertical_relief_m": 38.07437133789063,
        "vertical_relief_ft": 124.91592046020509,
        "ridge_length_m": 1782.782791718957,
        "ridge_8deg_m": 1805.5937413764768,
        "ridge_9_5deg_m": 1453.7687460763264,
        "percent_face_8deg": 61.95889760038014,
        "percent_face_9_5deg": 45.215015443098125,
        "connected_area_ha": 72.10884854008889,
        "downslope_span_m": 1385.9964589575247,
        "roughness_m": 4.957824230194092,
        "gaps_count": 0,
        "largest_gap_m": 0,
        "slope_score": 100.0,
        "relief_score": 20.082634819878482,
        "ridge_score": 100.0,
        "exposure_proxy_score": 62.844622802734385,
        "continuity_score": 95.7942200856321,
        "launch_proxy_score": 86.68667011790805,
        "aspect_score": 81.90160577947448,
        "whitewool_similarity_pct": 42.74455957496987,
        "latitude": 50.899532510616666,
        "longitude": -0.5207784263884024
      }
    },
    {
      "type": "Feature",
      "geometry": {
        "type": "Point",
        "coordinates": [
          -1.4191453940854306,
          51.33166139553517
        ]
      },
      "properties": {
        "rank": 24,
        "selection_tier": "Ideal",
        "ideal_match": true,
        "paragliding_score": 76.86671748973495,
        "name": "Unnamed face near SU 415 597",
        "grid_ref": "SU 4056 5933",
        "facing": "SSW",
        "aspect_deg": 199.8509826660156,
        "distance_miles": 22.30917465602707,
        "representative_slope_deg": 10.776046752929688,
        "vertical_relief_m": 37.75791931152344,
        "vertical_relief_ft": 123.87769199401856,
        "ridge_length_m": 1083.8402852082509,
        "ridge_8deg_m": 1094.9263093066984,
        "ridge_9_5deg_m": 709.1032994776615,
        "percent_face_8deg": 61.654608367411136,
        "percent_face_9_5deg": 47.14620250952431,
        "connected_area_ha": 27.439083580088887,
        "downslope_span_m": 801.9644347256981,
        "roughness_m": 5.879721641540527,
        "gaps_count": 0,
        "largest_gap_m": 0,
        "slope_score": 100.0,
        "relief_score": 19.731021457248264,
        "ridge_score": 100.0,
        "exposure_proxy_score": 62.654751586914074,
        "continuity_score": 95.37339455067497,
        "launch_proxy_score": 84.50586451424493,
        "aspect_score": 63.907304243607996,
        "whitewool_similarity_pct": 66.51120828876401,
        "latitude": 51.33166139553517,
        "longitude": -1.4191453940854306
      }
    },
    {
      "type": "Feature",
      "geometry": {
        "type": "Point",
        "coordinates": [
          -0.748442692864541,
          51.07054706486477
        ]
      },
      "properties": {
        "rank": 25,
        "selection_tier": "Ideal",
        "ideal_match": true,
        "paragliding_score": 76.73986638868168,
        "name": "Unnamed face near SU 874 307",
        "grid_ref": "SU 8778 3088",
        "facing": "S",
        "aspect_deg": 186.1504669189453,
        "distance_miles": 13.345153981533247,
        "representative_slope_deg": 11.244776725769045,
        "vertical_relief_m": 36.48019790649414,
        "vertical_relief_ft": 119.68569249954224,
        "ridge_length_m": 2086.036113627546,
        "ridge_8deg_m": 2167.436935056816,
        "ridge_9_5deg_m": 1784.4226179282996,
        "percent_face_8deg": 59.64667912349244,
        "percent_face_9_5deg": 45.688805843383726,
        "connected_area_ha": 50.673765626666665,
        "downslope_span_m": 674.6329425381264,
        "roughness_m": 4.9668869972229,
        "gaps_count": 0,
        "largest_gap_m": 0,
        "slope_score": 100.0,
        "relief_score": 18.31133100721571,
        "ridge_score": 100.0,
        "exposure_proxy_score": 61.88811874389649,
        "continuity_score": 92.59647112823423,
        "launch_proxy_score": 92.35099501079982,
        "aspect_score": 88.81733287464488,
        "whitewool_similarity_pct": 35.48671336758389,
        "latitude": 51.07054706486477,
        "longitude": -0.748442692864541
      }
    },
    {
      "type": "Feature",
      "geometry": {
        "type": "Point",
        "coordinates": [
          -0.7724641902591914,
          51.12525702777089
        ]
      },
      "properties": {
        "rank": 26,
        "selection_tier": "Ideal",
        "ideal_match": true,
        "paragliding_score": 76.6302345719798,
        "name": "Unnamed face near SU 855 372",
        "grid_ref": "SU 8600 3693",
        "facing": "SSW",
        "aspect_deg": 207.58596801757807,
        "distance_miles": 12.111339686904278,
        "representative_slope_deg": 11.918594360351562,
        "vertical_relief_m": 38.99468612670898,
        "vertical_relief_ft": 127.9353260319519,
        "ridge_length_m": 1390.688858045265,
        "ridge_8deg_m": 1391.7447081204157,
        "ridge_9_5deg_m": 1333.148577861488,
        "percent_face_8deg": 69.86132511556241,
        "percent_face_9_5deg": 56.48005478513953,
        "connected_area_ha": 18.684450074666668,
        "downslope_span_m": 429.0187965347432,
        "roughness_m": 4.549273490905762,
        "gaps_count": 0,
        "largest_gap_m": 0,
        "slope_score": 100.0,
        "relief_score": 21.10520680745442,
        "ridge_score": 100.0,
        "exposure_proxy_score": 59.899944431815925,
        "continuity_score": 100.0,
        "launch_proxy_score": 93.97504753536647,
        "aspect_score": 49.84369451349442,
        "whitewool_similarity_pct": 51.795448137557685,
        "latitude": 51.12525702777089,
        "longitude": -0.7724641902591914
      }
    },
    {
      "type": "Feature",
      "geometry": {
        "type": "Point",
        "coordinates": [
          -0.7387458300585109,
          50.91610591333431
        ]
      },
      "properties": {
        "rank": 27,
        "selection_tier": "Ideal",
        "ideal_match": true,
        "paragliding_score": 76.46967950999188,
        "name": "Unnamed face near SU 898 133",
        "grid_ref": "SU 8875 1371",
        "facing": "SE",
        "aspect_deg": 145.85842895507812,
        "distance_miles": 18.924461698867635,
        "representative_slope_deg": 11.262304306030272,
        "vertical_relief_m": 40.71084976196289,
        "vertical_relief_ft": 133.56578433303832,
        "ridge_length_m": 787.0073789157323,
        "ridge_8deg_m": 1271.1145192908589,
        "ridge_9_5deg_m": 1137.9637199500576,
        "percent_face_8deg": 63.25153620627334,
        "percent_face_9_5deg": 48.817221575163664,
        "connected_area_ha": 20.9515607264,
        "downslope_span_m": 669.6209089573531,
        "roughness_m": 4.670867919921875,
        "gaps_count": 0,
        "largest_gap_m": 0,
        "slope_score": 100.0,
        "relief_score": 23.012055291069878,
        "ridge_score": 100.0,
        "exposure_proxy_score": 64.42650985717773,
        "continuity_score": 97.58191177463334,
        "launch_proxy_score": 93.50218031141493,
        "aspect_score": 37.92441628196023,
        "whitewool_similarity_pct": 46.985294301037435,
        "latitude": 50.91610591333431,
        "longitude": -0.7387458300585109
      }
    },
    {
      "type": "Feature",
      "geometry": {
        "type": "Point",
        "coordinates": [
          -1.465668095309336,
          51.35175464038465
        ]
      },
      "properties": {
        "rank": 28,
        "selection_tier": "Ideal",
        "ideal_match": true,
        "paragliding_score": 76.43462260221001,
        "name": "Unnamed face near SU 374 613",
        "grid_ref": "SU 3730 6154",
        "facing": "SSW",
        "aspect_deg": 203.10743713378903,
        "distance_miles": 24.726382485189543,
        "representative_slope_deg": 11.296228408813477,
        "vertical_relief_m": 38.93018341064453,
        "vertical_relief_ft": 127.723702940979,
        "ridge_length_m": 2156.049513874692,
        "ridge_8deg_m": 2248.5483561526635,
        "ridge_9_5deg_m": 1465.1759285510634,
        "percent_face_8deg": 63.96606869698234,
        "percent_face_9_5deg": 50.79126686135447,
        "connected_area_ha": 78.40104123875555,
        "downslope_span_m": 875.0639624402975,
        "roughness_m": 5.473423480987549,
        "gaps_count": 0,
        "largest_gap_m": 0,
        "slope_score": 100.0,
        "relief_score": 21.033537122938366,
        "ridge_score": 100.0,
        "exposure_proxy_score": 63.35811004638672,
        "continuity_score": 98.57009500646494,
        "launch_proxy_score": 90.38113090727065,
        "aspect_score": 57.98647793856539,
        "whitewool_similarity_pct": 39.62858077018815,
        "latitude": 51.35175464038465,
        "longitude": -1.465668095309336
      }
    },
    {
      "type": "Feature",
      "geometry": {
        "type": "Point",
        "coordinates": [
          -0.7572688600505999,
          51.11999813264518
        ]
      },
      "properties": {
        "rank": 29,
        "selection_tier": "Ideal",
        "ideal_match": true,
        "paragliding_score": 76.11769226588798,
        "name": "Unnamed face near SU 873 357",
        "grid_ref": "SU 8707 3636",
        "facing": "SSW",
        "aspect_deg": 203.90960693359372,
        "distance_miles": 12.739652061935155,
        "representative_slope_deg": 10.958497047424316,
        "vertical_relief_m": 35.42497253417969,
        "vertical_relief_ft": 116.22366688903809,
        "ridge_length_m": 2008.3816569831104,
        "ridge_8deg_m": 2095.794625729264,
        "ridge_9_5deg_m": 897.8083173598861,
        "percent_face_8deg": 67.01561695555174,
        "percent_face_9_5deg": 52.268994091544286,
        "connected_area_ha": 35.04255002435555,
        "downslope_span_m": 930.4017144258833,
        "roughness_m": 4.082208156585693,
        "gaps_count": 0,
        "largest_gap_m": 0,
        "slope_score": 100.0,
        "relief_score": 17.138858371310764,
        "ridge_score": 100.0,
        "exposure_proxy_score": 61.25498352050782,
        "continuity_score": 100.0,
        "launch_proxy_score": 95.79141272438896,
        "aspect_score": 56.52798739346596,
        "whitewool_similarity_pct": 39.0615068000599,
        "latitude": 51.11999813264518,
        "longitude": -0.7572688600505999
      }
    },
    {
      "type": "Feature",
      "geometry": {
        "type": "Point",
        "coordinates": [
          -0.8398986535863481,
          51.04198575138166
        ]
      },
      "properties": {
        "rank": 30,
        "selection_tier": "Ideal",
        "ideal_match": true,
        "paragliding_score": 76.11662403263479,
        "name": "Unnamed face near SU 813 274",
        "grid_ref": "SU 8142 2759",
        "facing": "S",
        "aspect_deg": 170.906494140625,
        "distance_miles": 10.17997473166768,
        "representative_slope_deg": 11.37726593017578,
        "vertical_relief_m": 37.67000198364258,
        "vertical_relief_ft": 123.58924930801392,
        "ridge_length_m": 2182.7392906120517,
        "ridge_8deg_m": 2247.3831534089986,
        "ridge_9_5deg_m": 2227.784608782502,
        "percent_face_8deg": 59.59493853679669,
        "percent_face_9_5deg": 48.28065488546725,
        "connected_area_ha": 45.796916018488886,
        "downslope_span_m": 696.7081022728817,
        "roughness_m": 6.294563293457031,
        "gaps_count": 0,
        "largest_gap_m": 0,
        "slope_score": 100.0,
        "relief_score": 19.633335537380642,
        "ridge_score": 100.0,
        "exposure_proxy_score": 62.602001190185554,
        "continuity_score": 92.52491499769755,
        "launch_proxy_score": 87.18780941433377,
        "aspect_score": 83.46635298295455,
        "whitewool_similarity_pct": 32.7346686629801,
        "latitude": 51.04198575138166,
        "longitude": -0.8398986535863481
      }
    },
    {
      "type": "Feature",
      "geometry": {
        "type": "Point",
        "coordinates": [
          -0.5602397338519653,
          51.13873560184393
        ]
      },
      "properties": {
        "rank": 31,
        "selection_tier": "Ideal",
        "ideal_match": true,
        "paragliding_score": 76.1066787229912,
        "name": "Unnamed face near TQ 008 385",
        "grid_ref": "TQ 0082 3870",
        "facing": "SSE",
        "aspect_deg": 165.7230224609375,
        "distance_miles": 21.386479726722897,
        "representative_slope_deg": 10.870586395263672,
        "vertical_relief_m": 35.66816711425781,
        "vertical_relief_ft": 117.0215493951416,
        "ridge_length_m": 1495.5684641624684,
        "ridge_8deg_m": 1433.022886835155,
        "ridge_9_5deg_m": 1383.737514879962,
        "percent_face_8deg": 61.23316386209133,
        "percent_face_9_5deg": 47.14813485123977,
        "connected_area_ha": 54.92780023235555,
        "downslope_span_m": 806.8456406769837,
        "roughness_m": 5.669987201690674,
        "gaps_count": 0,
        "largest_gap_m": 0,
        "slope_score": 100.0,
        "relief_score": 17.40907457139757,
        "ridge_score": 100.0,
        "exposure_proxy_score": 61.40090026855469,
        "continuity_score": 94.79054576672206,
        "launch_proxy_score": 89.6167164378696,
        "aspect_score": 74.04185901988636,
        "whitewool_similarity_pct": 42.84726651089757,
        "latitude": 51.13873560184393,
        "longitude": -0.5602397338519653
      }
    },
    {
      "type": "Feature",
      "geometry": {
        "type": "Point",
        "coordinates": [
          -0.9673223162230076,
          50.966476042681975
        ]
      },
      "properties": {
        "rank": 32,
        "selection_tier": "Ideal",
        "ideal_match": true,
        "paragliding_score": 76.08847606792182,
        "name": "Unnamed face near SU 724 189",
        "grid_ref": "SU 7261 1906",
        "facing": "SSE",
        "aspect_deg": 155.35888671875,
        "distance_miles": 10.371967911664044,
        "representative_slope_deg": 10.767583847045898,
        "vertical_relief_m": 39.784950256347656,
        "vertical_relief_ft": 130.52805619903563,
        "ridge_length_m": 1852.2298590234716,
        "ridge_8deg_m": 1932.7097474734185,
        "ridge_9_5deg_m": 1769.4854694912792,
        "percent_face_8deg": 67.6569795896771,
        "percent_face_9_5deg": 52.78112144340533,
        "connected_area_ha": 96.688426736,
        "downslope_span_m": 1748.777254126806,
        "roughness_m": 6.2951250076293945,
        "gaps_count": 0,
        "largest_gap_m": 0,
        "slope_score": 100.0,
        "relief_score": 21.98327806260851,
        "ridge_score": 100.0,
        "exposure_proxy_score": 63.87097015380861,
        "continuity_score": 100.0,
        "launch_proxy_score": 82.63852251900568,
        "aspect_score": 55.19797585227273,
        "whitewool_similarity_pct": 43.73175581890072,
        "latitude": 50.966476042681975,
        "longitude": -0.9673223162230076
      }
    },
    {
      "type": "Feature",
      "geometry": {
        "type": "Point",
        "coordinates": [
          -1.17740133745632,
          51.53121473150423
        ]
      },
      "properties": {
        "rank": 33,
        "selection_tier": "Ideal",
        "ideal_match": true,
        "paragliding_score": 76.00824117557585,
        "name": "Unnamed face near SU 572 816",
        "grid_ref": "SU 5715 8168",
        "facing": "SSE",
        "aspect_deg": 153.451416015625,
        "distance_miles": 29.81183249059485,
        "representative_slope_deg": 10.458089828491213,
        "vertical_relief_m": 35.2408561706543,
        "vertical_relief_ft": 115.61961055892944,
        "ridge_length_m": 2567.977324522973,
        "ridge_8deg_m": 2657.4832837242866,
        "ridge_9_5deg_m": 2598.437071270484,
        "percent_face_8deg": 64.30982228957157,
        "percent_face_9_5deg": 48.06619369059099,
        "connected_area_ha": 60.87256142577777,
        "downslope_span_m": 720.4846331758308,
        "roughness_m": 3.037257671356201,
        "gaps_count": 0,
        "largest_gap_m": 0,
        "slope_score": 100.0,
        "relief_score": 16.93428463406033,
        "ridge_score": 100.0,
        "exposure_proxy_score": 61.14451370239258,
        "continuity_score": 99.04549891110962,
        "launch_proxy_score": 99.85510905583699,
        "aspect_score": 51.72984730113637,
        "whitewool_similarity_pct": 36.3973652671291,
        "latitude": 51.53121473150423,
        "longitude": -1.17740133745632
      }
    },
    {
      "type": "Feature",
      "geometry": {
        "type": "Point",
        "coordinates": [
          -0.8113961468475529,
          51.04927332550586
        ]
      },
      "properties": {
        "rank": 34,
        "selection_tier": "Ideal",
        "ideal_match": true,
        "paragliding_score": 76.00573894906678,
        "name": "Unnamed face near SU 835 282",
        "grid_ref": "SU 8341 2844",
        "facing": "SSE",
        "aspect_deg": 166.56591796875,
        "distance_miles": 11.1130499144597,
        "representative_slope_deg": 11.60251235961914,
        "vertical_relief_m": 36.828033447265625,
        "vertical_relief_ft": 120.82688525512695,
        "ridge_length_m": 2592.535195376142,
        "ridge_8deg_m": 2796.943916316668,
        "ridge_9_5deg_m": 2793.634918262833,
        "percent_face_8deg": 62.98618840829637,
        "percent_face_9_5deg": 52.095254518945865,
        "connected_area_ha": 47.87670184942222,
        "downslope_span_m": 665.9711317695765,
        "roughness_m": 6.195072650909424,
        "gaps_count": 0,
        "largest_gap_m": 0,
        "slope_score": 100.0,
        "relief_score": 18.69781494140625,
        "ridge_score": 100.0,
        "exposure_proxy_score": 62.096820068359385,
        "continuity_score": 97.21494141572902,
        "launch_proxy_score": 87.57471746868558,
        "aspect_score": 75.57439630681819,
        "whitewool_similarity_pct": 32.5771598763912,
        "latitude": 51.04927332550586,
        "longitude": -0.8113961468475529
      }
    },
    {
      "type": "Feature",
      "geometry": {
        "type": "Point",
        "coordinates": [
          -1.0525522076968137,
          51.496534721418
        ]
      },
      "properties": {
        "rank": 35,
        "selection_tier": "Ideal",
        "ideal_match": true,
        "paragliding_score": 75.91241684727737,
        "name": "Unnamed face near SU 660 778",
        "grid_ref": "SU 6586 7793",
        "facing": "SSW",
        "aspect_deg": 193.96990966796875,
        "distance_miles": 26.896172892609425,
        "representative_slope_deg": 10.90424919128418,
        "vertical_relief_m": 35.30999755859375,
        "vertical_relief_ft": 115.84645239013672,
        "ridge_length_m": 2421.1377321924083,
        "ridge_8deg_m": 2331.313413627912,
        "ridge_9_5deg_m": 2092.634017645614,
        "percent_face_8deg": 60.89719424847865,
        "percent_face_9_5deg": 46.60096576731829,
        "connected_area_ha": 50.35515332462222,
        "downslope_span_m": 719.6589428434381,
        "roughness_m": 4.775218486785889,
        "gaps_count": 0,
        "largest_gap_m": 0,
        "slope_score": 100.0,
        "relief_score": 17.0111083984375,
        "ridge_score": 100.0,
        "exposure_proxy_score": 61.18599853515625,
        "continuity_score": 94.32590693938536,
        "launch_proxy_score": 93.09637255138821,
        "aspect_score": 74.60016424005683,
        "whitewool_similarity_pct": 34.21229292316192,
        "latitude": 51.496534721418,
        "longitude": -1.0525522076968137
      }
    },
    {
      "type": "Feature",
      "geometry": {
        "type": "Point",
        "coordinates": [
          -0.8648698662116805,
          51.0376021069922
        ]
      },
      "properties": {
        "rank": 36,
        "selection_tier": "Ideal",
        "ideal_match": true,
        "paragliding_score": 75.74688905295163,
        "name": "Unnamed face near SU 801 274",
        "grid_ref": "SU 7968 2708",
        "facing": "SSE",
        "aspect_deg": 147.18829345703125,
        "distance_miles": 9.370827539010044,
        "representative_slope_deg": 12.187610626220703,
        "vertical_relief_m": 38.89180374145508,
        "vertical_relief_ft": 127.59778538711548,
        "ridge_length_m": 1609.885322285758,
        "ridge_8deg_m": 1668.0289135811618,
        "ridge_9_5deg_m": 1617.0535333991866,
        "percent_face_8deg": 73.55265968810083,
        "percent_face_9_5deg": 61.465498825037386,
        "connected_area_ha": 19.597058176,
        "downslope_span_m": 514.3462125069345,
        "roughness_m": 5.820446491241455,
        "gaps_count": 0,
        "largest_gap_m": 0,
        "slope_score": 100.0,
        "relief_score": 20.9908930460612,
        "ridge_score": 100.0,
        "exposure_proxy_score": 63.33508224487305,
        "continuity_score": 100.0,
        "launch_proxy_score": 89.03159697850545,
        "aspect_score": 40.34235174005681,
        "whitewool_similarity_pct": 43.554309489161994,
        "latitude": 51.0376021069922,
        "longitude": -0.8648698662116805
      }
    },
    {
      "type": "Feature",
      "geometry": {
        "type": "Point",
        "coordinates": [
          -1.2369528232781783,
          50.68143176322338
        ]
      },
      "properties": {
        "rank": 37,
        "selection_tier": "Ideal",
        "ideal_match": true,
        "paragliding_score": 75.3273282999591,
        "name": "Unnamed face near SZ 538 881",
        "grid_ref": "SZ 5400 8714",
        "facing": "S",
        "aspect_deg": 186.1011199951172,
        "distance_miles": 30.551538911425045,
        "representative_slope_deg": 10.714622497558594,
        "vertical_relief_m": 36.90068054199219,
        "vertical_relief_ft": 121.06522874938965,
        "ridge_length_m": 1590.7683779085055,
        "ridge_8deg_m": 1714.381210497173,
        "ridge_9_5deg_m": 1667.4877288866555,
        "percent_face_8deg": 58.96309097642266,
        "percent_face_9_5deg": 42.8687816318973,
        "connected_area_ha": 34.209995265244444,
        "downslope_span_m": 419.4047789547476,
        "roughness_m": 5.454268932342529,
        "gaps_count": 0,
        "largest_gap_m": 0,
        "slope_score": 100.0,
        "relief_score": 18.778533935546875,
        "ridge_score": 100.0,
        "exposure_proxy_score": 57.041204817653245,
        "continuity_score": 89.63506589003309,
        "launch_proxy_score": 81.72893815570407,
        "aspect_score": 88.90705455433239,
        "whitewool_similarity_pct": 47.45228709377463,
        "latitude": 50.68143176322338,
        "longitude": -1.2369528232781783
      }
    },
    {
      "type": "Feature",
      "geometry": {
        "type": "Point",
        "coordinates": [
          -1.1434775503904036,
          50.9944062638746
        ]
      },
      "properties": {
        "rank": 38,
        "selection_tier": "Ideal",
        "ideal_match": true,
        "paragliding_score": 75.31864961560298,
        "name": "Unnamed face near SU 604 223",
        "grid_ref": "SU 6020 2201",
        "facing": "SSE",
        "aspect_deg": 165.603759765625,
        "distance_miles": 8.814252286122297,
        "representative_slope_deg": 10.879606246948242,
        "vertical_relief_m": 39.273902893066406,
        "vertical_relief_ft": 128.85139156768798,
        "ridge_length_m": 1797.3897712636972,
        "ridge_8deg_m": 1192.7822528521065,
        "ridge_9_5deg_m": 1135.0197968864231,
        "percent_face_8deg": 55.41845223090497,
        "percent_face_9_5deg": 43.653894630703306,
        "connected_area_ha": 80.56888574613333,
        "downslope_span_m": 1318.3749880495309,
        "roughness_m": 6.462158203125,
        "gaps_count": 0,
        "largest_gap_m": 0,
        "slope_score": 100.0,
        "relief_score": 21.415447658962673,
        "ridge_score": 100.0,
        "exposure_proxy_score": 63.56434173583985,
        "continuity_score": 85.47558038115778,
        "launch_proxy_score": 83.28998486200969,
        "aspect_score": 73.82501775568183,
        "whitewool_similarity_pct": 40.077475885635266,
        "latitude": 50.9944062638746,
        "longitude": -1.1434775503904036
      }
    },
    {
      "type": "Feature",
      "geometry": {
        "type": "Point",
        "coordinates": [
          -0.7199942999129924,
          51.10980095717738
        ]
      },
      "properties": {
        "rank": 39,
        "selection_tier": "Ideal",
        "ideal_match": true,
        "paragliding_score": 74.64372457869719,
        "name": "Unnamed face near SU 893 351",
        "grid_ref": "SU 8970 3527",
        "facing": "SSE",
        "aspect_deg": 158.70794677734375,
        "distance_miles": 14.33365572594388,
        "representative_slope_deg": 11.786649703979492,
        "vertical_relief_m": 39.22639465332031,
        "vertical_relief_ft": 128.69552463439942,
        "ridge_length_m": 1967.4845340589527,
        "ridge_8deg_m": 2085.829437178152,
        "ridge_9_5deg_m": 1899.4190020181704,
        "percent_face_8deg": 56.36715048265597,
        "percent_face_9_5deg": 36.020644719160074,
        "connected_area_ha": 64.51979169742222,
        "downslope_span_m": 2345.945006231268,
        "roughness_m": 5.399389743804932,
        "gaps_count": 0,
        "largest_gap_m": 0,
        "slope_score": 100.0,
        "relief_score": 21.362660725911457,
        "ridge_score": 100.0,
        "exposure_proxy_score": 63.535836791992196,
        "continuity_score": 79.56696807004366,
        "launch_proxy_score": 90.66903988520303,
        "aspect_score": 61.28717595880681,
        "whitewool_similarity_pct": 36.419807150932584,
        "latitude": 51.10980095717738,
        "longitude": -0.7199942999129924
      }
    },
    {
      "type": "Feature",
      "geometry": {
        "type": "Point",
        "coordinates": [
          -0.9882650357985364,
          50.98246976646092
        ]
      },
      "properties": {
        "rank": 40,
        "selection_tier": "Ideal",
        "ideal_match": true,
        "paragliding_score": 74.5819435664933,
        "name": "Unnamed face near SU 701 208",
        "grid_ref": "SU 7111 2082",
        "facing": "SSW",
        "aspect_deg": 209.2595672607422,
        "distance_miles": 9.03213714854397,
        "representative_slope_deg": 14.08892059326172,
        "vertical_relief_m": 55.409210205078125,
        "vertical_relief_ft": 181.7887532092285,
        "ridge_length_m": 935.2483013118036,
        "ridge_8deg_m": 1051.7287304073689,
        "ridge_9_5deg_m": 1035.389110214659,
        "percent_face_8deg": 85.85277968428278,
        "percent_face_9_5deg": 78.04564172958133,
        "connected_area_ha": 14.414404800533337,
        "downslope_span_m": 340.1232369649806,
        "roughness_m": 8.227707862854004,
        "gaps_count": 0,
        "largest_gap_m": 0,
        "slope_score": 100.0,
        "relief_score": 39.34356689453125,
        "ridge_score": 100.0,
        "exposure_proxy_score": 54.93273228387699,
        "continuity_score": 100.0,
        "launch_proxy_score": 49.19836627112495,
        "aspect_score": 46.80078679865057,
        "whitewool_similarity_pct": 63.61245445374046,
        "latitude": 50.98246976646092,
        "longitude": -0.9882650357985364
      }
    },
    {
      "type": "Feature",
      "geometry": {
        "type": "Point",
        "coordinates": [
          -1.0791249063479669,
          50.996236210697255
        ]
      },
      "properties": {
        "rank": 41,
        "selection_tier": "Ideal",
        "ideal_match": true,
        "paragliding_score": 74.52684738445653,
        "name": "Henwood Down",
        "grid_ref": "SU 6472 2227",
        "facing": "SE",
        "aspect_deg": 136.89215087890625,
        "distance_miles": 7.786557025164901,
        "representative_slope_deg": 11.50886344909668,
        "vertical_relief_m": 41.87400436401367,
        "vertical_relief_ft": 137.38190847763062,
        "ridge_length_m": 1121.4654748223256,
        "ridge_8deg_m": 392.9892899429542,
        "ridge_9_5deg_m": 1061.6139994537807,
        "percent_face_8deg": 58.8447807776994,
        "percent_face_9_5deg": 42.19414694627931,
        "connected_area_ha": 22.81520253333333,
        "downslope_span_m": 662.156557197799,
        "roughness_m": 6.166597366333008,
        "gaps_count": 0,
        "largest_gap_m": 0,
        "slope_score": 100.0,
        "relief_score": 24.304449293348522,
        "ridge_score": 100.0,
        "exposure_proxy_score": 65.12440261840821,
        "continuity_score": 88.83327745658225,
        "launch_proxy_score": 82.70119865735373,
        "aspect_score": 21.622092507102273,
        "whitewool_similarity_pct": 57.55934721888604,
        "latitude": 50.996236210697255,
        "longitude": -1.0791249063479669
      }
    },
    {
      "type": "Feature",
      "geometry": {
        "type": "Point",
        "coordinates": [
          -0.6994526857992442,
          51.066391463977936
        ]
      },
      "properties": {
        "rank": 42,
        "selection_tier": "Ideal",
        "ideal_match": true,
        "paragliding_score": 74.50279612231297,
        "name": "Unnamed face near SU 904 300",
        "grid_ref": "SU 9122 3047",
        "facing": "SW",
        "aspect_deg": 221.73133850097656,
        "distance_miles": 15.494187831646228,
        "representative_slope_deg": 10.51095962524414,
        "vertical_relief_m": 36.11851501464844,
        "vertical_relief_ft": 118.49906880065916,
        "ridge_length_m": 1805.598645373364,
        "ridge_8deg_m": 1470.9792205600534,
        "ridge_9_5deg_m": 1431.4324826690718,
        "percent_face_8deg": 63.04550831102534,
        "percent_face_9_5deg": 47.3448297329266,
        "connected_area_ha": 31.27844187306666,
        "downslope_span_m": 535.1304815612384,
        "roughness_m": 4.623993873596191,
        "gaps_count": 0,
        "largest_gap_m": 0,
        "slope_score": 100.0,
        "relief_score": 17.909461127387154,
        "ridge_score": 100.0,
        "exposure_proxy_score": 61.671109008789074,
        "continuity_score": 97.29697957907759,
        "launch_proxy_score": 93.68446826934813,
        "aspect_score": 24.12483908913352,
        "whitewool_similarity_pct": 45.22647725174559,
        "latitude": 51.066391463977936,
        "longitude": -0.6994526857992442
      }
    },
    {
      "type": "Feature",
      "geometry": {
        "type": "Point",
        "coordinates": [
          -0.4353450728880348,
          51.17766919694718
        ]
      },
      "properties": {
        "rank": 43,
        "selection_tier": "Ideal",
        "ideal_match": true,
        "paragliding_score": 74.36219495919693,
        "name": "Unnamed face near TQ 090 438",
        "grid_ref": "TQ 0946 4321",
        "facing": "SSW",
        "aspect_deg": 205.70269775390625,
        "distance_miles": 27.13569483271054,
        "representative_slope_deg": 10.505145072937012,
        "vertical_relief_m": 35.21958923339844,
        "vertical_relief_ft": 115.54983714050292,
        "ridge_length_m": 1890.362874549872,
        "ridge_8deg_m": 1939.2381429633824,
        "ridge_9_5deg_m": 1771.160029901017,
        "percent_face_8deg": 60.44598843835391,
        "percent_face_9_5deg": 45.29776044598844,
        "connected_area_ha": 46.05788991413333,
        "downslope_span_m": 1788.741867793549,
        "roughness_m": 5.911327838897705,
        "gaps_count": 0,
        "largest_gap_m": 0,
        "slope_score": 100.0,
        "relief_score": 16.910654703776043,
        "ridge_score": 100.0,
        "exposure_proxy_score": 61.13175354003907,
        "continuity_score": 93.70189890410646,
        "launch_proxy_score": 88.67816951539783,
        "aspect_score": 53.267822265625,
        "whitewool_similarity_pct": 35.08871534785945,
        "latitude": 51.17766919694718,
        "longitude": -0.4353450728880348
      }
    },
    {
      "type": "Feature",
      "geometry": {
        "type": "Point",
        "coordinates": [
          -0.7778554814299361,
          50.949076972308895
        ]
      },
      "properties": {
        "rank": 44,
        "selection_tier": "Ideal",
        "ideal_match": true,
        "paragliding_score": 74.08459182059993,
        "name": "Unnamed face near SU 862 172",
        "grid_ref": "SU 8594 1733",
        "facing": "SE",
        "aspect_deg": 144.66619873046875,
        "distance_miles": 16.115826341577183,
        "representative_slope_deg": 11.337274551391602,
        "vertical_relief_m": 41.27216720581055,
        "vertical_relief_ft": 135.40737705551146,
        "ridge_length_m": 1203.689327449887,
        "ridge_8deg_m": 981.106335878314,
        "ridge_9_5deg_m": 920.740476020379,
        "percent_face_8deg": 58.85157957480628,
        "percent_face_9_5deg": 48.2548513146566,
        "connected_area_ha": 17.49645847608889,
        "downslope_span_m": 967.8712747595856,
        "roughness_m": 6.3801045417785645,
        "gaps_count": 0,
        "largest_gap_m": 0,
        "slope_score": 100.0,
        "relief_score": 23.635741339789497,
        "ridge_score": 100.0,
        "exposure_proxy_score": 64.76330032348633,
        "continuity_score": 91.49686536941294,
        "launch_proxy_score": 69.07438490125868,
        "aspect_score": 35.75672496448864,
        "whitewool_similarity_pct": 59.595485916339086,
        "latitude": 50.949076972308895,
        "longitude": -0.7778554814299361
      }
    },
    {
      "type": "Feature",
      "geometry": {
        "type": "Point",
        "coordinates": [
          -0.8332090710922022,
          50.89182130042932
        ]
      },
      "properties": {
        "rank": 45,
        "selection_tier": "Ideal",
        "ideal_match": true,
        "paragliding_score": 73.82436169302629,
        "name": "Unnamed face near SU 822 108",
        "grid_ref": "SU 8216 1090",
        "facing": "SSE",
        "aspect_deg": 160.82568359375,
        "distance_miles": 17.628130290871326,
        "representative_slope_deg": 10.630931854248049,
        "vertical_relief_m": 37.03631210327149,
        "vertical_relief_ft": 121.5102142008972,
        "ridge_length_m": 2284.561594076804,
        "ridge_8deg_m": 2456.755158451386,
        "ridge_9_5deg_m": 1146.5739231983898,
        "percent_face_8deg": 53.43650652766795,
        "percent_face_9_5deg": 40.0705214065551,
        "connected_area_ha": 112.65746744248888,
        "downslope_span_m": 2018.908006050449,
        "roughness_m": 6.268271446228027,
        "gaps_count": 0,
        "largest_gap_m": 0,
        "slope_score": 100.0,
        "relief_score": 18.929235670301658,
        "ridge_score": 100.0,
        "exposure_proxy_score": 62.2217872619629,
        "continuity_score": 79.34491426844426,
        "launch_proxy_score": 87.29005548689099,
        "aspect_score": 65.1376065340909,
        "whitewool_similarity_pct": 34.626619018970814,
        "latitude": 50.89182130042932,
        "longitude": -0.8332090710922022
      }
    },
    {
      "type": "Feature",
      "geometry": {
        "type": "Point",
        "coordinates": [
          -0.9880730940183272,
          50.96583466414079
        ]
      },
      "properties": {
        "rank": 46,
        "selection_tier": "Ideal",
        "ideal_match": true,
        "paragliding_score": 73.680983917028,
        "name": "Unnamed face near SU 702 187",
        "grid_ref": "SU 7115 1897",
        "facing": "SSE",
        "aspect_deg": 162.62615966796875,
        "distance_miles": 10.13851042069843,
        "representative_slope_deg": 11.974220275878906,
        "vertical_relief_m": 42.48194122314453,
        "vertical_relief_ft": 139.3764520425415,
        "ridge_length_m": 745.8568267691298,
        "ridge_8deg_m": 772.8226082986803,
        "ridge_9_5deg_m": 731.0503582715755,
        "percent_face_8deg": 68.53804739967808,
        "percent_face_9_5deg": 56.69367819281789,
        "connected_area_ha": 31.249622669866664,
        "downslope_span_m": 1078.2993935259,
        "roughness_m": 6.453134059906006,
        "gaps_count": 0,
        "largest_gap_m": 0,
        "slope_score": 100.0,
        "relief_score": 24.979934692382812,
        "ridge_score": 70.87469337162567,
        "exposure_proxy_score": 65.48916473388672,
        "continuity_score": 100.0,
        "launch_proxy_score": 79.53442480829027,
        "aspect_score": 68.41119939630683,
        "whitewool_similarity_pct": 62.108250933986675,
        "latitude": 50.96583466414079,
        "longitude": -0.9880730940183272
      }
    },
    {
      "type": "Feature",
      "geometry": {
        "type": "Point",
        "coordinates": [
          -0.8207019745415806,
          50.91121585608527
        ]
      },
      "properties": {
        "rank": 47,
        "selection_tier": "Ideal",
        "ideal_match": true,
        "paragliding_score": 73.44962300888561,
        "name": "Unnamed face near SU 821 134",
        "grid_ref": "SU 8300 1307",
        "facing": "SE",
        "aspect_deg": 135.0,
        "distance_miles": 16.827508735367683,
        "representative_slope_deg": 10.172626495361328,
        "vertical_relief_m": 37.30887985229492,
        "vertical_relief_ft": 122.40446537460328,
        "ridge_length_m": 1618.399574428855,
        "ridge_8deg_m": 1686.3044516776572,
        "ridge_9_5deg_m": 1621.2289443142363,
        "percent_face_8deg": 60.52848446181248,
        "percent_face_9_5deg": 45.65754844883962,
        "connected_area_ha": 42.49551618524444,
        "downslope_span_m": 1403.367463141185,
        "roughness_m": 5.1256937980651855,
        "gaps_count": 0,
        "largest_gap_m": 0,
        "slope_score": 100.0,
        "relief_score": 19.232088724772137,
        "ridge_score": 100.0,
        "exposure_proxy_score": 62.38532791137696,
        "continuity_score": 93.81598914931514,
        "launch_proxy_score": 86.60363700654771,
        "aspect_score": 18.181818181818176,
        "whitewool_similarity_pct": 45.11913977572104,
        "latitude": 50.91121585608527,
        "longitude": -0.8207019745415806
      }
    },
    {
      "type": "Feature",
      "geometry": {
        "type": "Point",
        "coordinates": [
          -0.5494252110249768,
          50.86624429910326
        ]
      },
      "properties": {
        "rank": 48,
        "selection_tier": "Ideal",
        "ideal_match": true,
        "paragliding_score": 73.18848500739949,
        "name": "Unnamed face near TQ 023 093",
        "grid_ref": "TQ 0217 0841",
        "facing": "SSE",
        "aspect_deg": 160.58935546875,
        "distance_miles": 27.446618328197708,
        "representative_slope_deg": 11.436301231384276,
        "vertical_relief_m": 43.819427490234375,
        "vertical_relief_ft": 143.76453048706054,
        "ridge_length_m": 949.6867782860644,
        "ridge_8deg_m": 883.0863422826515,
        "ridge_9_5deg_m": 860.836855199188,
        "percent_face_8deg": 57.0940131181095,
        "percent_face_9_5deg": 36.49927896915849,
        "connected_area_ha": 16.327679679644444,
        "downslope_span_m": 541.5396280251589,
        "roughness_m": 12.37224292755127,
        "gaps_count": 0,
        "largest_gap_m": 0,
        "slope_score": 100.0,
        "relief_score": 26.46603054470486,
        "ridge_score": 93.54958695975184,
        "exposure_proxy_score": 66.29165649414062,
        "continuity_score": 81.02496575809032,
        "launch_proxy_score": 63.084057569503784,
        "aspect_score": 64.7079190340909,
        "whitewool_similarity_pct": 51.92191246291872,
        "latitude": 50.86624429910326,
        "longitude": -0.5494252110249768
      }
    },
    {
      "type": "Feature",
      "geometry": {
        "type": "Point",
        "coordinates": [
          -0.9322045942561742,
          50.96299989494992
        ]
      },
      "properties": {
        "rank": 49,
        "selection_tier": "Ideal",
        "ideal_match": true,
        "paragliding_score": 72.92338661466547,
        "name": "Unnamed face near SU 744 183",
        "grid_ref": "SU 7508 1871",
        "facing": "SE",
        "aspect_deg": 137.25958251953125,
        "distance_miles": 11.207438515064084,
        "representative_slope_deg": 10.293014526367188,
        "vertical_relief_m": 38.991661071777344,
        "vertical_relief_ft": 127.92540131072998,
        "ridge_length_m": 1072.661776812165,
        "ridge_8deg_m": 1080.6238656587666,
        "ridge_9_5deg_m": 1024.303569790267,
        "percent_face_8deg": 51.155083021592176,
        "percent_face_9_5deg": 37.37284242304916,
        "connected_area_ha": 29.181044306844445,
        "downslope_span_m": 1031.045613504626,
        "roughness_m": 5.711743354797363,
        "gaps_count": 0,
        "largest_gap_m": 0,
        "slope_score": 100.0,
        "relief_score": 21.10184563530816,
        "ridge_score": 100.0,
        "exposure_proxy_score": 63.39499664306641,
        "continuity_score": 73.63789560255609,
        "launch_proxy_score": 84.5374011993408,
        "aspect_score": 22.29015003551137,
        "whitewool_similarity_pct": 66.3364618188807,
        "latitude": 50.96299989494992,
        "longitude": -0.9322045942561742
      }
    },
    {
      "type": "Feature",
      "geometry": {
        "type": "Point",
        "coordinates": [
          -0.9752111325314518,
          50.96288091262169
        ]
      },
      "properties": {
        "rank": 50,
        "selection_tier": "Ideal",
        "ideal_match": true,
        "paragliding_score": 72.76179844087608,
        "name": "Unnamed face near SU 722 175",
        "grid_ref": "SU 7206 1866",
        "facing": "S",
        "aspect_deg": 184.81304931640625,
        "distance_miles": 10.49455019703741,
        "representative_slope_deg": 11.001115798950195,
        "vertical_relief_m": 41.21613311767578,
        "vertical_relief_ft": 135.2235381777954,
        "ridge_length_m": 664.4819010410574,
        "ridge_8deg_m": 728.1943860750762,
        "ridge_9_5deg_m": 702.6339363101288,
        "percent_face_8deg": 72.87698303782182,
        "percent_face_9_5deg": 57.29812812208377,
        "connected_area_ha": 19.33448321351111,
        "downslope_span_m": 624.6478623150033,
        "roughness_m": 6.774745941162109,
        "gaps_count": 0,
        "largest_gap_m": 0,
        "slope_score": 100.0,
        "relief_score": 23.57348124186198,
        "ridge_score": 65.15312641988156,
        "exposure_proxy_score": 64.72967987060547,
        "continuity_score": 100.0,
        "launch_proxy_score": 76.23456623819138,
        "aspect_score": 91.24900124289773,
        "whitewool_similarity_pct": 51.14897250119389,
        "latitude": 50.96288091262169,
        "longitude": -0.9752111325314518
      }
    },
    {
      "type": "Feature",
      "geometry": {
        "type": "Point",
        "coordinates": [
          -0.6271480116219755,
          50.91316851604721
        ]
      },
      "properties": {
        "rank": 51,
        "selection_tier": "Ideal",
        "ideal_match": true,
        "paragliding_score": 72.15726354981597,
        "name": "Unnamed face near SU 968 124",
        "grid_ref": "SU 9660 1353",
        "facing": "SSE",
        "aspect_deg": 159.332763671875,
        "distance_miles": 22.78235957241512,
        "representative_slope_deg": 11.510493278503418,
        "vertical_relief_m": 42.55856323242188,
        "vertical_relief_ft": 139.62783659545897,
        "ridge_length_m": 811.9565165555687,
        "ridge_8deg_m": 436.0663089117734,
        "ridge_9_5deg_m": 396.23004678764846,
        "percent_face_8deg": 68.20715698615356,
        "percent_face_9_5deg": 55.29581010609603,
        "connected_area_ha": 12.352230704888887,
        "downslope_span_m": 438.3315684177651,
        "roughness_m": 6.425343036651611,
        "gaps_count": 0,
        "largest_gap_m": 0,
        "slope_score": 100.0,
        "relief_score": 25.065070258246536,
        "ridge_score": 75.89186109686777,
        "exposure_proxy_score": 63.59039934241398,
        "continuity_score": 100.0,
        "launch_proxy_score": 66.79698599709405,
        "aspect_score": 62.42320667613637,
        "whitewool_similarity_pct": 53.486100233409886,
        "latitude": 50.91316851604721,
        "longitude": -0.6271480116219755
      }
    },
    {
      "type": "Feature",
      "geometry": {
        "type": "Point",
        "coordinates": [
          -0.8910270599819522,
          50.975831464176046
        ]
      },
      "properties": {
        "rank": 52,
        "selection_tier": "Ideal",
        "ideal_match": true,
        "paragliding_score": 72.01250522093542,
        "name": "Unnamed face near SU 780 202",
        "grid_ref": "SU 7795 2018",
        "facing": "SSE",
        "aspect_deg": 161.946044921875,
        "distance_miles": 11.412304850134417,
        "representative_slope_deg": 10.78089714050293,
        "vertical_relief_m": 35.896514892578125,
        "vertical_relief_ft": 117.770721920166,
        "ridge_length_m": 867.2366410915856,
        "ridge_8deg_m": 827.9532978258212,
        "ridge_9_5deg_m": 793.7984835874522,
        "percent_face_8deg": 58.35854117915644,
        "percent_face_9_5deg": 46.19599337937332,
        "connected_area_ha": 19.81640433368889,
        "downslope_span_m": 625.0657145986916,
        "roughness_m": 7.965553283691406,
        "gaps_count": 0,
        "largest_gap_m": 0,
        "slope_score": 100.0,
        "relief_score": 17.662794325086807,
        "ridge_score": 82.9790565502033,
        "exposure_proxy_score": 61.53790893554688,
        "continuity_score": 90.81500375840784,
        "launch_proxy_score": 80.68951500786675,
        "aspect_score": 67.17462713068181,
        "whitewool_similarity_pct": 43.527160322966374,
        "latitude": 50.975831464176046,
        "longitude": -0.8910270599819522
      }
    },
    {
      "type": "Feature",
      "geometry": {
        "type": "Point",
        "coordinates": [
          -1.1395685504133055,
          51.00520637149161
        ]
      },
      "properties": {
        "rank": 53,
        "selection_tier": "Ideal",
        "ideal_match": true,
        "paragliding_score": 71.92512351221013,
        "name": "Unnamed face near SU 612 236",
        "grid_ref": "SU 6046 2322",
        "facing": "SSE",
        "aspect_deg": 149.67684936523438,
        "distance_miles": 8.076424467579013,
        "representative_slope_deg": 10.92255401611328,
        "vertical_relief_m": 38.315216064453125,
        "vertical_relief_ft": 125.7060934729004,
        "ridge_length_m": 1047.7059504945064,
        "ridge_8deg_m": 1093.4541731645586,
        "ridge_9_5deg_m": 901.0782272524666,
        "percent_face_8deg": 55.42287467134093,
        "percent_face_9_5deg": 41.61919368974584,
        "connected_area_ha": 15.650428404444444,
        "downslope_span_m": 351.18558679278067,
        "roughness_m": 5.06872034072876,
        "gaps_count": 0,
        "largest_gap_m": 0,
        "slope_score": 100.0,
        "relief_score": 20.350240071614582,
        "ridge_score": 100.0,
        "exposure_proxy_score": 46.52006077080199,
        "continuity_score": 83.55697941587512,
        "launch_proxy_score": 86.8917383088006,
        "aspect_score": 44.86699884588068,
        "whitewool_similarity_pct": 52.12713342172063,
        "latitude": 51.00520637149161,
        "longitude": -1.1395685504133055
      }
    },
    {
      "type": "Feature",
      "geometry": {
        "type": "Point",
        "coordinates": [
          -1.1129394794479026,
          50.85657198293863
        ]
      },
      "properties": {
        "rank": 54,
        "selection_tier": "Ideal",
        "ideal_match": true,
        "paragliding_score": 71.53928429321546,
        "name": "Unnamed face near SU 621 066",
        "grid_ref": "SU 6253 0671",
        "facing": "S",
        "aspect_deg": 179.7042236328125,
        "distance_miles": 17.549710016957746,
        "representative_slope_deg": 9.95311450958252,
        "vertical_relief_m": 35.818965911865234,
        "vertical_relief_ft": 117.51629612228392,
        "ridge_length_m": 2196.310199781612,
        "ridge_8deg_m": 2104.507981725445,
        "ridge_9_5deg_m": 1896.4414264174995,
        "percent_face_8deg": 40.20554387517981,
        "percent_face_9_5deg": 29.14269115857032,
        "connected_area_ha": 54.21052228604444,
        "downslope_span_m": 515.1468948112306,
        "roughness_m": 7.281325340270996,
        "gaps_count": 0,
        "largest_gap_m": 0,
        "slope_score": 98.82786273956299,
        "relief_score": 17.576628790961372,
        "ridge_score": 100.0,
        "exposure_proxy_score": 61.49137954711914,
        "continuity_score": 50.709637708830144,
        "launch_proxy_score": 81.44483142428926,
        "aspect_score": 99.46222478693181,
        "whitewool_similarity_pct": 34.49904683864477,
        "latitude": 50.85657198293863,
        "longitude": -1.1129394794479026
      }
    },
    {
      "type": "Feature",
      "geometry": {
        "type": "Point",
        "coordinates": [
          -0.564349802073036,
          50.89089125545475
        ]
      },
      "properties": {
        "rank": 55,
        "selection_tier": "Ideal",
        "ideal_match": true,
        "paragliding_score": 71.23182389267787,
        "name": "Unnamed face near TQ 012 110",
        "grid_ref": "TQ 0107 1113",
        "facing": "SSE",
        "aspect_deg": 154.42694091796875,
        "distance_miles": 25.908456713461728,
        "representative_slope_deg": 9.72065258026123,
        "vertical_relief_m": 37.63163757324219,
        "vertical_relief_ft": 123.4633818157959,
        "ridge_length_m": 1612.5643952302637,
        "ridge_8deg_m": 1536.1252343870583,
        "ridge_9_5deg_m": 1391.4183191240882,
        "percent_face_8deg": 54.608230966756885,
        "percent_face_9_5deg": 38.29203969741134,
        "connected_area_ha": 33.17890821742222,
        "downslope_span_m": 661.339540383633,
        "roughness_m": 7.990421295166016,
        "gaps_count": 0,
        "largest_gap_m": 0,
        "slope_score": 93.01631450653076,
        "relief_score": 19.590708414713543,
        "ridge_score": 100.0,
        "exposure_proxy_score": 62.578982543945315,
        "continuity_score": 79.28303667469348,
        "launch_proxy_score": 74.57097742292615,
        "aspect_score": 53.50352894176136,
        "whitewool_similarity_pct": 44.85058981445718,
        "latitude": 50.89089125545475,
        "longitude": -0.564349802073036
      }
    },
    {
      "type": "Feature",
      "geometry": {
        "type": "Point",
        "coordinates": [
          -1.0546152984055153,
          50.99974502498434
        ]
      },
      "properties": {
        "rank": 56,
        "selection_tier": "Ideal",
        "ideal_match": true,
        "paragliding_score": 70.86636733784987,
        "name": "Henwood Down",
        "grid_ref": "SU 6643 2268",
        "facing": "SE",
        "aspect_deg": 139.831787109375,
        "distance_miles": 7.4394687206675805,
        "representative_slope_deg": 10.947673797607422,
        "vertical_relief_m": 39.86463165283203,
        "vertical_relief_ft": 130.78947811187743,
        "ridge_length_m": 924.6090203162748,
        "ridge_8deg_m": 808.6716094285948,
        "ridge_9_5deg_m": 745.2167585762218,
        "percent_face_8deg": 55.5619896925126,
        "percent_face_9_5deg": 36.0318103731156,
        "connected_area_ha": 17.04815975964444,
        "downslope_span_m": 542.0021353724005,
        "roughness_m": 5.754170894622803,
        "gaps_count": 0,
        "largest_gap_m": 0,
        "slope_score": 100.0,
        "relief_score": 22.071812947591145,
        "ridge_score": 90.3344897841378,
        "exposure_proxy_score": 63.91877899169922,
        "continuity_score": 78.46400993344909,
        "launch_proxy_score": 76.23880664507547,
        "aspect_score": 26.96688565340909,
        "whitewool_similarity_pct": 51.97958277625473,
        "latitude": 50.99974502498434,
        "longitude": -1.0546152984055153
      }
    },
    {
      "type": "Feature",
      "geometry": {
        "type": "Point",
        "coordinates": [
          -0.5701211945029256,
          50.90228210646043
        ]
      },
      "properties": {
        "rank": 57,
        "selection_tier": "Ideal",
        "ideal_match": true,
        "paragliding_score": 70.64448014375199,
        "name": "Unnamed face near TQ 008 123",
        "grid_ref": "TQ 0064 1239",
        "facing": "SE",
        "aspect_deg": 139.27557373046875,
        "distance_miles": 25.25125530437981,
        "representative_slope_deg": 10.715540885925291,
        "vertical_relief_m": 42.76696014404297,
        "vertical_relief_ft": 140.31155351898192,
        "ridge_length_m": 841.6211790083325,
        "ridge_8deg_m": 776.9377164122416,
        "ridge_9_5deg_m": 700.2830706710811,
        "percent_face_8deg": 62.478667208451846,
        "percent_face_9_5deg": 50.0284437220642,
        "connected_area_ha": 15.751295615644445,
        "downslope_span_m": 537.5112218239519,
        "roughness_m": 6.1173996925354,
        "gaps_count": 0,
        "largest_gap_m": 0,
        "slope_score": 100.0,
        "relief_score": 25.296622382269966,
        "ridge_score": 79.69502294978622,
        "exposure_proxy_score": 65.66017608642578,
        "continuity_score": 96.51305039466745,
        "launch_proxy_score": 66.03652609719171,
        "aspect_score": 25.955588600852273,
        "whitewool_similarity_pct": 49.8793970350236,
        "latitude": 50.90228210646043,
        "longitude": -0.5701211945029256
      }
    },
    {
      "type": "Feature",
      "geometry": {
        "type": "Point",
        "coordinates": [
          -1.563302448613359,
          51.31026675205777
        ]
      },
      "properties": {
        "rank": 58,
        "selection_tier": "Ideal",
        "ideal_match": true,
        "paragliding_score": 70.54956138321734,
        "name": "Unnamed face near SU 298 560",
        "grid_ref": "SU 3053 5688",
        "facing": "SE",
        "aspect_deg": 143.18670654296875,
        "distance_miles": 26.346828728292863,
        "representative_slope_deg": 12.991908073425291,
        "vertical_relief_m": 42.84811401367188,
        "vertical_relief_ft": 140.57780638061524,
        "ridge_length_m": 698.3294808963547,
        "ridge_8deg_m": 755.1262496039853,
        "ridge_9_5deg_m": 712.6955343597219,
        "percent_face_8deg": 67.4718196457327,
        "percent_face_9_5deg": 53.1861053600184,
        "connected_area_ha": 8.964373262044443,
        "downslope_span_m": 586.7337123963807,
        "roughness_m": 7.547318935394287,
        "gaps_count": 0,
        "largest_gap_m": 0,
        "slope_score": 100.0,
        "relief_score": 25.38679334852431,
        "ridge_score": 68.60592943640837,
        "exposure_proxy_score": 65.70886840820313,
        "continuity_score": 100.0,
        "launch_proxy_score": 71.85162358813815,
        "aspect_score": 33.066739169034086,
        "whitewool_similarity_pct": 55.116467739629,
        "latitude": 51.31026675205777,
        "longitude": -1.563302448613359
      }
    },
    {
      "type": "Feature",
      "geometry": {
        "type": "Point",
        "coordinates": [
          -0.8453974115358062,
          50.95564730507816
        ]
      },
      "properties": {
        "rank": 59,
        "selection_tier": "Ideal",
        "ideal_match": true,
        "paragliding_score": 70.48732060670817,
        "name": "Unnamed face near SU 806 171",
        "grid_ref": "SU 8119 1799",
        "facing": "S",
        "aspect_deg": 170.66650390625,
        "distance_miles": 13.746583992898987,
        "representative_slope_deg": 10.245550155639648,
        "vertical_relief_m": 35.24660110473633,
        "vertical_relief_ft": 115.63845876846314,
        "ridge_length_m": 926.902737171331,
        "ridge_8deg_m": 889.0453513393295,
        "ridge_9_5deg_m": 835.7698549226625,
        "percent_face_8deg": 42.14571371120892,
        "percent_face_9_5deg": 23.645523805268216,
        "connected_area_ha": 31.76836832746666,
        "downslope_span_m": 1205.743331820966,
        "roughness_m": 5.465050220489502,
        "gaps_count": 0,
        "largest_gap_m": 0,
        "slope_score": 100.0,
        "relief_score": 16.940667894151478,
        "ridge_score": 90.62855604760654,
        "exposure_proxy_score": 61.147960662841804,
        "continuity_score": 48.1928281398066,
        "launch_proxy_score": 85.7636324564616,
        "aspect_score": 83.03000710227273,
        "whitewool_similarity_pct": 52.65193002555469,
        "latitude": 50.95564730507816,
        "longitude": -0.8453974115358062
      }
    },
    {
      "type": "Feature",
      "geometry": {
        "type": "Point",
        "coordinates": [
          -1.0847237007840715,
          50.99099712110963
        ]
      },
      "properties": {
        "rank": 60,
        "selection_tier": "Ideal",
        "ideal_match": true,
        "paragliding_score": 70.43811034365311,
        "name": "Unnamed face near SU 640 219",
        "grid_ref": "SU 6433 2168",
        "facing": "SW",
        "aspect_deg": 218.07354736328125,
        "distance_miles": 8.186059914700412,
        "representative_slope_deg": 9.780384063720703,
        "vertical_relief_m": 35.60528564453125,
        "vertical_relief_ft": 116.8152453540039,
        "ridge_length_m": 2136.416702206072,
        "ridge_8deg_m": 1611.373116540606,
        "ridge_9_5deg_m": 822.5638853192795,
        "percent_face_8deg": 51.52537158004355,
        "percent_face_9_5deg": 36.76275679257787,
        "connected_area_ha": 56.56248948053332,
        "downslope_span_m": 973.9524403719696,
        "roughness_m": 5.047961235046387,
        "gaps_count": 0,
        "largest_gap_m": 0,
        "slope_score": 94.50960159301758,
        "relief_score": 17.33920627170139,
        "ridge_score": 100.0,
        "exposure_proxy_score": 61.363171386718754,
        "continuity_score": 73.57288877159019,
        "launch_proxy_score": 91.54662158754137,
        "aspect_score": 30.77536843039773,
        "whitewool_similarity_pct": 33.60227837707057,
        "latitude": 50.99099712110963,
        "longitude": -1.0847237007840715
      }
    },
    {
      "type": "Feature",
      "geometry": {
        "type": "Point",
        "coordinates": [
          -1.0026192618597818,
          51.15410915756193
        ]
      },
      "properties": {
        "rank": 61,
        "selection_tier": "Ideal",
        "ideal_match": true,
        "paragliding_score": 70.20650402106125,
        "name": "Unnamed face near SU 697 402",
        "grid_ref": "SU 6985 3990",
        "facing": "SSW",
        "aspect_deg": 201.17955017089844,
        "distance_miles": 3.819454938805,
        "representative_slope_deg": 10.240344047546388,
        "vertical_relief_m": 36.30707550048828,
        "vertical_relief_ft": 119.11770558502197,
        "ridge_length_m": 1085.9808293128735,
        "ridge_8deg_m": 985.3272569915862,
        "ridge_9_5deg_m": 915.1388158691698,
        "percent_face_8deg": 40.49229426582304,
        "percent_face_9_5deg": 26.20147965963861,
        "connected_area_ha": 22.95289428195555,
        "downslope_span_m": 1138.312058876094,
        "roughness_m": 7.1634674072265625,
        "gaps_count": 0,
        "largest_gap_m": 0,
        "slope_score": 100.0,
        "relief_score": 18.118972778320312,
        "ridge_score": 100.0,
        "exposure_proxy_score": 61.78424530029297,
        "continuity_score": 48.32398030443355,
        "launch_proxy_score": 77.92555199729073,
        "aspect_score": 61.49172696200284,
        "whitewool_similarity_pct": 50.42963461993365,
        "latitude": 51.15410915756193,
        "longitude": -1.0026192618597818
      }
    },
    {
      "type": "Feature",
      "geometry": {
        "type": "Point",
        "coordinates": [
          -0.3742265939622399,
          51.21817189839782
        ]
      },
      "properties": {
        "rank": 62,
        "selection_tier": "Ideal",
        "ideal_match": true,
        "paragliding_score": 69.93142646732467,
        "name": "Unnamed face near TQ 126 471",
        "grid_ref": "TQ 1364 4780",
        "facing": "SSW",
        "aspect_deg": 200.79112243652344,
        "distance_miles": 30.324378737980247,
        "representative_slope_deg": 10.883424758911133,
        "vertical_relief_m": 37.22650909423828,
        "vertical_relief_ft": 122.13422009674072,
        "ridge_length_m": 683.0642249056255,
        "ridge_8deg_m": 769.6221163646551,
        "ridge_9_5deg_m": 745.6169168087654,
        "percent_face_8deg": 69.61398261519768,
        "percent_face_9_5deg": 56.659500887933454,
        "connected_area_ha": 9.143692748622222,
        "downslope_span_m": 357.91006846458185,
        "roughness_m": 5.193558692932129,
        "gaps_count": 0,
        "largest_gap_m": 0,
        "slope_score": 100.0,
        "relief_score": 19.14056566026476,
        "ridge_score": 70.46437389290449,
        "exposure_proxy_score": 46.98758353397328,
        "continuity_score": 100.0,
        "launch_proxy_score": 91.4694939719306,
        "aspect_score": 62.19795920632103,
        "whitewool_similarity_pct": 43.71401293488371,
        "latitude": 51.21817189839782,
        "longitude": -0.3742265939622399
      }
    },
    {
      "type": "Feature",
      "geometry": {
        "type": "Point",
        "coordinates": [
          -0.5517393431774708,
          51.201265945163705
        ]
      },
      "properties": {
        "rank": 63,
        "selection_tier": "Ideal",
        "ideal_match": true,
        "paragliding_score": 69.84982539863441,
        "name": "Unnamed face near TQ 012 454",
        "grid_ref": "TQ 0128 4566",
        "facing": "S",
        "aspect_deg": 187.5128936767578,
        "distance_miles": 22.58401293889487,
        "representative_slope_deg": 10.09160041809082,
        "vertical_relief_m": 35.07807540893555,
        "vertical_relief_ft": 115.0855529246521,
        "ridge_length_m": 615.0144684973639,
        "ridge_8deg_m": 557.9071817059303,
        "ridge_9_5deg_m": 509.2570341077517,
        "percent_face_8deg": 65.07427330602576,
        "percent_face_9_5deg": 48.06790702265212,
        "connected_area_ha": 24.05282720408889,
        "downslope_span_m": 637.6836376813008,
        "roughness_m": 4.195067405700684,
        "gaps_count": 0,
        "largest_gap_m": 0,
        "slope_score": 100.0,
        "relief_score": 16.753417121039497,
        "ridge_score": 50.642880576585114,
        "exposure_proxy_score": 61.04684524536134,
        "continuity_score": 100.0,
        "launch_proxy_score": 91.64604134029813,
        "aspect_score": 86.3401933149858,
        "whitewool_similarity_pct": 42.03480314814789,
        "latitude": 51.201265945163705,
        "longitude": -0.5517393431774708
      }
    },
    {
      "type": "Feature",
      "geometry": {
        "type": "Point",
        "coordinates": [
          -0.7423101161459985,
          50.88770876920199
        ]
      },
      "properties": {
        "rank": 64,
        "selection_tier": "Ideal",
        "ideal_match": true,
        "paragliding_score": 69.61331229493994,
        "name": "Unnamed face near SU 894 110",
        "grid_ref": "SU 8856 1055",
        "facing": "SSW",
        "aspect_deg": 207.2666015625,
        "distance_miles": 20.24302721752571,
        "representative_slope_deg": 10.583379745483398,
        "vertical_relief_m": 38.12532806396485,
        "vertical_relief_ft": 125.08310132537842,
        "ridge_length_m": 1144.4322686468367,
        "ridge_8deg_m": 881.9723942013807,
        "ridge_9_5deg_m": 810.6188317822525,
        "percent_face_8deg": 34.04054242620289,
        "percent_face_9_5deg": 19.63567632022935,
        "connected_area_ha": 34.65028864746667,
        "downslope_span_m": 827.4822224359959,
        "roughness_m": 5.144942760467529,
        "gaps_count": 0,
        "largest_gap_m": 0,
        "slope_score": 100.0,
        "relief_score": 20.13925340440539,
        "ridge_score": 100.0,
        "exposure_proxy_score": 62.87519683837892,
        "continuity_score": 33.19044973076207,
        "launch_proxy_score": 86.77908725208705,
        "aspect_score": 50.42436079545455,
        "whitewool_similarity_pct": 52.85946040929309,
        "latitude": 50.88770876920199,
        "longitude": -0.7423101161459985
      }
    },
    {
      "type": "Feature",
      "geometry": {
        "type": "Point",
        "coordinates": [
          -0.7320259941271624,
          51.12398390892654
        ]
      },
      "properties": {
        "rank": 65,
        "selection_tier": "Ideal",
        "ideal_match": true,
        "paragliding_score": 68.87275158042306,
        "name": "Unnamed face near SU 892 374",
        "grid_ref": "SU 8883 3684",
        "facing": "SE",
        "aspect_deg": 135.3367919921875,
        "distance_miles": 13.85487268520416,
        "representative_slope_deg": 10.584442138671877,
        "vertical_relief_m": 35.056846618652344,
        "vertical_relief_ft": 115.01590466033936,
        "ridge_length_m": 867.8052156775375,
        "ridge_8deg_m": 747.3585068575339,
        "ridge_9_5deg_m": 693.7510907938704,
        "percent_face_8deg": 52.24124308664735,
        "percent_face_9_5deg": 36.4287595470108,
        "connected_area_ha": 17.128213101866663,
        "downslope_span_m": 742.7603178393329,
        "roughness_m": 4.4892988204956055,
        "gaps_count": 0,
        "largest_gap_m": 0,
        "slope_score": 100.0,
        "relief_score": 16.72982957628038,
        "ridge_score": 83.05195072788942,
        "exposure_proxy_score": 61.03410797119141,
        "continuity_score": 74.2469804935133,
        "launch_proxy_score": 94.2082823647393,
        "aspect_score": 18.79416725852273,
        "whitewool_similarity_pct": 39.302673807349095,
        "latitude": 51.12398390892654,
        "longitude": -0.7320259941271624
      }
    },
    {
      "type": "Feature",
      "geometry": {
        "type": "Point",
        "coordinates": [
          -1.1649227728634808,
          51.54034028495828
        ]
      },
      "properties": {
        "rank": 66,
        "selection_tier": "Ideal",
        "ideal_match": true,
        "paragliding_score": 68.41835294443551,
        "name": "Unnamed face near SU 589 822",
        "grid_ref": "SU 5801 8271",
        "facing": "SSE",
        "aspect_deg": 158.2462158203125,
        "distance_miles": 30.33794310180797,
        "representative_slope_deg": 10.663393020629885,
        "vertical_relief_m": 36.94677734375,
        "vertical_relief_ft": 121.21646498046874,
        "ridge_length_m": 747.5276549229748,
        "ridge_8deg_m": 783.9768297226401,
        "ridge_9_5deg_m": 734.9313753001625,
        "percent_face_8deg": 55.53807210781966,
        "percent_face_9_5deg": 45.00239447218991,
        "connected_area_ha": 13.240822803555554,
        "downslope_span_m": 342.245303910051,
        "roughness_m": 4.403310775756836,
        "gaps_count": 0,
        "largest_gap_m": 0,
        "slope_score": 100.0,
        "relief_score": 18.829752604166668,
        "ridge_score": 72.30472175931283,
        "exposure_proxy_score": 44.208950391258504,
        "continuity_score": 86.91435504272931,
        "launch_proxy_score": 94.54268031650119,
        "aspect_score": 60.447665127840914,
        "whitewool_similarity_pct": 38.975048778194086,
        "latitude": 51.54034028495828,
        "longitude": -1.1649227728634808
      }
    },
    {
      "type": "Feature",
      "geometry": {
        "type": "Point",
        "coordinates": [
          -0.9380518504326046,
          50.96112273068717
        ]
      },
      "properties": {
        "rank": 67,
        "selection_tier": "Ideal",
        "ideal_match": true,
        "paragliding_score": 68.04432012037044,
        "name": "Unnamed face near SU 753 192",
        "grid_ref": "SU 7467 1850",
        "facing": "SSW",
        "aspect_deg": 204.40283203125,
        "distance_miles": 11.2104487905219,
        "representative_slope_deg": 12.341989517211914,
        "vertical_relief_m": 42.7833251953125,
        "vertical_relief_ft": 140.36524463378908,
        "ridge_length_m": 422.6538711870671,
        "ridge_8deg_m": 536.964023937704,
        "ridge_9_5deg_m": 499.8849129385199,
        "percent_face_8deg": 70.85375290172814,
        "percent_face_9_5deg": 57.75083827701831,
        "connected_area_ha": 11.361170328177776,
        "downslope_span_m": 491.5150773283676,
        "roughness_m": 7.709550857543945,
        "gaps_count": 0,
        "largest_gap_m": 0,
        "slope_score": 100.0,
        "relief_score": 25.314805772569443,
        "ridge_score": 40.63641332534667,
        "exposure_proxy_score": 65.66999511718751,
        "continuity_score": 100.0,
        "launch_proxy_score": 81.68507999844022,
        "aspect_score": 55.631214488636374,
        "whitewool_similarity_pct": 47.02138527658093,
        "latitude": 50.96112273068717,
        "longitude": -0.9380518504326046
      }
    },
    {
      "type": "Feature",
      "geometry": {
        "type": "Point",
        "coordinates": [
          -1.039633737783435,
          50.979964919849245
        ]
      },
      "properties": {
        "rank": 68,
        "selection_tier": "Ideal",
        "ideal_match": true,
        "paragliding_score": 67.33790323271339,
        "name": "Henwood Down",
        "grid_ref": "SU 6751 2050",
        "facing": "SSE",
        "aspect_deg": 159.5379638671875,
        "distance_miles": 8.813348646911168,
        "representative_slope_deg": 10.33158016204834,
        "vertical_relief_m": 38.40914916992188,
        "vertical_relief_ft": 126.01427296264649,
        "ridge_length_m": 610.2832320887246,
        "ridge_8deg_m": 443.36995329055935,
        "ridge_9_5deg_m": 406.8325399355381,
        "percent_face_8deg": 57.57906587970387,
        "percent_face_9_5deg": 44.04148613148647,
        "connected_area_ha": 33.43828104622222,
        "downslope_span_m": 1572.3381530164916,
        "roughness_m": 5.937643051147461,
        "gaps_count": 0,
        "largest_gap_m": 0,
        "slope_score": 100.0,
        "relief_score": 20.454610188802093,
        "ridge_score": 50.036311806246744,
        "exposure_proxy_score": 63.045489501953135,
        "continuity_score": 88.83030369579244,
        "launch_proxy_score": 81.53458330366345,
        "aspect_score": 62.79629794034092,
        "whitewool_similarity_pct": 42.62275822400917,
        "latitude": 50.979964919849245,
        "longitude": -1.039633737783435
      }
    },
    {
      "type": "Feature",
      "geometry": {
        "type": "Point",
        "coordinates": [
          -0.6441163095097027,
          50.912800406549614
        ]
      },
      "properties": {
        "rank": 69,
        "selection_tier": "Ideal",
        "ideal_match": true,
        "paragliding_score": 67.00510919620444,
        "name": "Unnamed face near SU 953 123",
        "grid_ref": "SU 9541 1346",
        "facing": "SW",
        "aspect_deg": 222.4400177001953,
        "distance_miles": 22.204248654664884,
        "representative_slope_deg": 11.511333465576172,
        "vertical_relief_m": 41.59986114501953,
        "vertical_relief_ft": 136.48248843902587,
        "ridge_length_m": 680.9786531708669,
        "ridge_8deg_m": 751.9413590200711,
        "ridge_9_5deg_m": 728.8234905124991,
        "percent_face_8deg": 71.42469961152769,
        "percent_face_9_5deg": 57.7197578823742,
        "connected_area_ha": 10.935286547555554,
        "downslope_span_m": 279.0235224170028,
        "roughness_m": 4.115866184234619,
        "gaps_count": 0,
        "largest_gap_m": 0,
        "slope_score": 100.0,
        "relief_score": 23.999845716688366,
        "ridge_score": 68.19761013077836,
        "exposure_proxy_score": 36.463837089845526,
        "continuity_score": 100.0,
        "launch_proxy_score": 90.12626250584918,
        "aspect_score": 22.83633145419034,
        "whitewool_similarity_pct": 51.02944864626302,
        "latitude": 50.912800406549614,
        "longitude": -0.6441163095097027
      }
    },
    {
      "type": "Feature",
      "geometry": {
        "type": "Point",
        "coordinates": [
          -0.5109399907034805,
          51.22337487546668
        ]
      },
      "properties": {
        "rank": 70,
        "selection_tier": "Ideal",
        "ideal_match": true,
        "paragliding_score": 66.3591933289872,
        "name": "Unnamed face near TQ 045 471",
        "grid_ref": "TQ 0408 4818",
        "facing": "SSW",
        "aspect_deg": 204.22622680664065,
        "distance_miles": 24.734691832668272,
        "representative_slope_deg": 11.30080223083496,
        "vertical_relief_m": 38.08973693847656,
        "vertical_relief_ft": 124.96633253723144,
        "ridge_length_m": 758.4294817289338,
        "ridge_8deg_m": 835.422466053511,
        "ridge_9_5deg_m": 773.0252639094833,
        "percent_face_8deg": 71.53180773020914,
        "percent_face_9_5deg": 60.44016204970984,
        "connected_area_ha": 7.371311751822222,
        "downslope_span_m": 253.5865494137397,
        "roughness_m": 10.23972511291504,
        "gaps_count": 0,
        "largest_gap_m": 0,
        "slope_score": 100.0,
        "relief_score": 20.099707709418404,
        "ridge_score": 78.90031616070654,
        "exposure_proxy_score": 30.118267065375893,
        "continuity_score": 100.0,
        "launch_proxy_score": 71.84551344977483,
        "aspect_score": 55.952314897017,
        "whitewool_similarity_pct": 49.16691266492894,
        "latitude": 51.22337487546668,
        "longitude": -0.5109399907034805
      }
    },
    {
      "type": "Feature",
      "geometry": {
        "type": "Point",
        "coordinates": [
          -1.1112602069823938,
          51.510798722522885
        ]
      },
      "properties": {
        "rank": 71,
        "selection_tier": "Ideal",
        "ideal_match": true,
        "paragliding_score": 64.90853775015076,
        "name": "Unnamed face near SU 614 806",
        "grid_ref": "SU 6177 7947",
        "facing": "SSW",
        "aspect_deg": 199.51983642578125,
        "distance_miles": 28.009782116200043,
        "representative_slope_deg": 12.55153751373291,
        "vertical_relief_m": 46.50390625,
        "vertical_relief_ft": 152.57187578125,
        "ridge_length_m": 533.1992333299713,
        "ridge_8deg_m": 686.4880212540156,
        "ridge_9_5deg_m": 599.3680601242231,
        "percent_face_8deg": 64.99518184089368,
        "percent_face_9_5deg": 49.27013812056105,
        "connected_area_ha": 5.954367594488889,
        "downslope_span_m": 296.58505852060625,
        "roughness_m": 6.533323764801025,
        "gaps_count": 0,
        "largest_gap_m": 0,
        "slope_score": 100.0,
        "relief_score": 29.44878472222222,
        "ridge_score": 59.80615657102765,
        "exposure_proxy_score": 42.33318683676771,
        "continuity_score": 99.99333658846999,
        "launch_proxy_score": 60.613105826907685,
        "aspect_score": 64.50938831676136,
        "whitewool_similarity_pct": 46.9074175441758,
        "latitude": 51.510798722522885,
        "longitude": -1.1112602069823938
      }
    },
    {
      "type": "Feature",
      "geometry": {
        "type": "Point",
        "coordinates": [
          -0.9514262180009492,
          51.04546817762966
        ]
      },
      "properties": {
        "rank": 72,
        "selection_tier": "Ideal",
        "ideal_match": true,
        "paragliding_score": 64.5898426323714,
        "name": "Unnamed face near SU 738 290",
        "grid_ref": "SU 7360 2786",
        "facing": "SE",
        "aspect_deg": 135.7713623046875,
        "distance_miles": 6.041330938105485,
        "representative_slope_deg": 13.441389083862305,
        "vertical_relief_m": 49.23323059082031,
        "vertical_relief_ft": 161.5263522515869,
        "ridge_length_m": 473.6427459466504,
        "ridge_8deg_m": 528.9299543517991,
        "ridge_9_5deg_m": 509.0118897113134,
        "percent_face_8deg": 86.1794500723589,
        "percent_face_9_5deg": 76.88856729377713,
        "connected_area_ha": 8.061371561777777,
        "downslope_span_m": 276.5675021521747,
        "roughness_m": 5.93773078918457,
        "gaps_count": 0,
        "largest_gap_m": 0,
        "slope_score": 100.0,
        "relief_score": 32.48136732313368,
        "ridge_score": 39.606404404076805,
        "exposure_proxy_score": 40.63452204652131,
        "continuity_score": 100.0,
        "launch_proxy_score": 88.57549137539334,
        "aspect_score": 19.584295099431813,
        "whitewool_similarity_pct": 56.894693476014034,
        "latitude": 51.04546817762966,
        "longitude": -0.9514262180009492
      }
    },
    {
      "type": "Feature",
      "geometry": {
        "type": "Point",
        "coordinates": [
          -0.5676508437034048,
          50.87066839306157
        ]
      },
      "properties": {
        "rank": 73,
        "selection_tier": "Ideal",
        "ideal_match": true,
        "paragliding_score": 62.796653222999964,
        "name": "Unnamed face near SU 998 088",
        "grid_ref": "TQ 0088 0888",
        "facing": "SE",
        "aspect_deg": 137.63250732421875,
        "distance_miles": 26.6295497976906,
        "representative_slope_deg": 10.429365158081056,
        "vertical_relief_m": 37.20885848999024,
        "vertical_relief_ft": 122.07631128829956,
        "ridge_length_m": 482.3363040255499,
        "ridge_8deg_m": 459.7252309995238,
        "ridge_9_5deg_m": 429.024861897924,
        "percent_face_8deg": 58.40034965034965,
        "percent_face_9_5deg": 46.1013986013986,
        "connected_area_ha": 14.065372228444444,
        "downslope_span_m": 791.6803187090263,
        "roughness_m": 6.744718551635742,
        "gaps_count": 0,
        "largest_gap_m": 0,
        "slope_score": 100.0,
        "relief_score": 19.120953877766937,
        "ridge_score": 33.63285949045511,
        "exposure_proxy_score": 62.32531509399415,
        "continuity_score": 90.87282398452611,
        "launch_proxy_score": 84.12021001180013,
        "aspect_score": 22.96819513494318,
        "whitewool_similarity_pct": 37.741415945755,
        "latitude": 50.87066839306157,
        "longitude": -0.5676508437034048
      }
    },
    {
      "type": "Feature",
      "geometry": {
        "type": "Point",
        "coordinates": [
          -0.4363773721855776,
          51.23069026212437
        ]
      },
      "properties": {
        "rank": 74,
        "selection_tier": "Ideal",
        "ideal_match": true,
        "paragliding_score": 61.72998789363915,
        "name": "Unnamed face near TQ 097 502",
        "grid_ref": "TQ 0927 4910",
        "facing": "SW",
        "aspect_deg": 218.48963928222656,
        "distance_miles": 27.967452764194164,
        "representative_slope_deg": 17.02004051208496,
        "vertical_relief_m": 56.72431945800781,
        "vertical_relief_ft": 186.10341625061037,
        "ridge_length_m": 306.47222911193967,
        "ridge_8deg_m": 839.9875057506142,
        "ridge_9_5deg_m": 800.6317654470913,
        "percent_face_8deg": 78.96707553260168,
        "percent_face_9_5deg": 65.06132989025177,
        "connected_area_ha": 1.2376246707555554,
        "downslope_span_m": 103.158122408262,
        "roughness_m": 4.00468111038208,
        "gaps_count": 0,
        "largest_gap_m": 0,
        "slope_score": 100.0,
        "relief_score": 40.804799397786454,
        "ridge_score": 79.48557766033517,
        "exposure_proxy_score": 19.034591674804688,
        "continuity_score": 100.0,
        "launch_proxy_score": 68.79489501317342,
        "aspect_score": 30.018837668678977,
        "whitewool_similarity_pct": 45.621585825327685,
        "latitude": 51.23069026212437,
        "longitude": -0.4363773721855776
      }
    },
    {
      "type": "Feature",
      "geometry": {
        "type": "Point",
        "coordinates": [
          -0.6945678412301164,
          51.01074590024759
        ]
      },
      "properties": {
        "rank": 75,
        "selection_tier": "Ideal",
        "ideal_match": true,
        "paragliding_score": 61.31049212992317,
        "name": "Unnamed face near SU 907 248",
        "grid_ref": "SU 9167 2429",
        "facing": "SSE",
        "aspect_deg": 155.49224853515625,
        "distance_miles": 16.835560009185524,
        "representative_slope_deg": 10.65099811553955,
        "vertical_relief_m": 35.29539489746094,
        "vertical_relief_ft": 115.79854339538574,
        "ridge_length_m": 497.8844679557951,
        "ridge_8deg_m": 542.7515908161295,
        "ridge_9_5deg_m": 419.2306054969085,
        "percent_face_8deg": 39.82270545597022,
        "percent_face_9_5deg": 28.97443432265648,
        "connected_area_ha": 8.496861743466667,
        "downslope_span_m": 512.8784798735142,
        "roughness_m": 5.837360858917236,
        "gaps_count": 0,
        "largest_gap_m": 0,
        "slope_score": 100.0,
        "relief_score": 16.994883219401043,
        "ridge_score": 41.378409078990956,
        "exposure_proxy_score": 61.17723693847657,
        "continuity_score": 50.02101844875118,
        "launch_proxy_score": 88.96581888198851,
        "aspect_score": 55.44045188210227,
        "whitewool_similarity_pct": 34.144128344275735,
        "latitude": 51.01074590024759,
        "longitude": -0.6945678412301164
      }
    },
    {
      "type": "Feature",
      "geometry": {
        "type": "Point",
        "coordinates": [
          -0.4832449703500913,
          50.87649312495603
        ]
      },
      "properties": {
        "rank": 76,
        "selection_tier": "Ideal",
        "ideal_match": true,
        "paragliding_score": 60.351862883930515,
        "name": "Unnamed face near TQ 077 094",
        "grid_ref": "TQ 0680 0965",
        "facing": "SE",
        "aspect_deg": 135.0,
        "distance_miles": 29.39972538777537,
        "representative_slope_deg": 9.864304542541504,
        "vertical_relief_m": 35.470726013183594,
        "vertical_relief_ft": 116.37377673309328,
        "ridge_length_m": 551.7271276462707,
        "ridge_8deg_m": 526.2627986779553,
        "ridge_9_5deg_m": 480.9928805120872,
        "percent_face_8deg": 49.50489178772606,
        "percent_face_9_5deg": 31.58019567150904,
        "connected_area_ha": 11.774245574044444,
        "downslope_span_m": 483.8222503974685,
        "roughness_m": 5.321897506713867,
        "gaps_count": 0,
        "largest_gap_m": 0,
        "slope_score": 96.6076135635376,
        "relief_score": 17.189695570203995,
        "ridge_score": 42.529118929009066,
        "exposure_proxy_score": 61.28243560791016,
        "continuity_score": 65.8761855256547,
        "launch_proxy_score": 86.16749564806621,
        "aspect_score": 18.181818181818176,
        "whitewool_similarity_pct": 35.333872573830256,
        "latitude": 50.87649312495603,
        "longitude": -0.4832449703500913
      }
    },
    {
      "type": "Feature",
      "geometry": {
        "type": "Point",
        "coordinates": [
          -0.9313959288042266,
          51.08030024776481
        ]
      },
      "properties": {
        "rank": 77,
        "selection_tier": "Ideal",
        "ideal_match": true,
        "paragliding_score": 58.91410569703366,
        "name": "Unnamed face near SU 761 315",
        "grid_ref": "SU 7495 3176",
        "facing": "SE",
        "aspect_deg": 143.68121337890625,
        "distance_miles": 5.4669127397383805,
        "representative_slope_deg": 13.976234436035156,
        "vertical_relief_m": 46.66776657104492,
        "vertical_relief_ft": 153.10947527694702,
        "ridge_length_m": 331.25600293499883,
        "ridge_8deg_m": 486.83894571563,
        "ridge_9_5deg_m": 473.2812255909084,
        "percent_face_8deg": 87.20591094691814,
        "percent_face_9_5deg": 77.83394905697064,
        "connected_area_ha": 3.829751891911111,
        "downslope_span_m": 274.148967818619,
        "roughness_m": 9.082260131835938,
        "gaps_count": 0,
        "largest_gap_m": 0,
        "slope_score": 100.0,
        "relief_score": 29.63085174560547,
        "ridge_score": 34.2101212455936,
        "exposure_proxy_score": 38.69215457906345,
        "continuity_score": 100.0,
        "launch_proxy_score": 76.34676615397136,
        "aspect_score": 33.96584250710227,
        "whitewool_similarity_pct": 43.59832938753878,
        "latitude": 51.08030024776481,
        "longitude": -0.9313959288042266
      }
    },
    {
      "type": "Feature",
      "geometry": {
        "type": "Point",
        "coordinates": [
          -0.5978593029362766,
          50.91507995917429
        ]
      },
      "properties": {
        "rank": 78,
        "selection_tier": "Ideal",
        "ideal_match": true,
        "paragliding_score": 58.66800411391664,
        "name": "Unnamed face near SU 983 128",
        "grid_ref": "SU 9866 1378",
        "facing": "SE",
        "aspect_deg": 137.0028076171875,
        "distance_miles": 23.75167721514663,
        "representative_slope_deg": 11.639368057250977,
        "vertical_relief_m": 42.949851989746094,
        "vertical_relief_ft": 140.91159240203856,
        "ridge_length_m": 621.6076266426826,
        "ridge_8deg_m": 586.6871110695647,
        "ridge_9_5deg_m": 532.4675139131141,
        "percent_face_8deg": 74.26564495530013,
        "percent_face_9_5deg": 61.004682843763305,
        "connected_area_ha": 6.634821003377777,
        "downslope_span_m": 249.383926348004,
        "roughness_m": 6.07114839553833,
        "gaps_count": 0,
        "largest_gap_m": 0,
        "slope_score": 100.0,
        "relief_score": 25.499835544162323,
        "ridge_score": 51.488157261882385,
        "exposure_proxy_score": 32.33389891851499,
        "continuity_score": 100.0,
        "launch_proxy_score": 53.056645128462044,
        "aspect_score": 21.823286576704547,
        "whitewool_similarity_pct": 36.96038736562813,
        "latitude": 50.91507995917429,
        "longitude": -0.5978593029362766
      }
    },
    {
      "type": "Feature",
      "geometry": {
        "type": "Point",
        "coordinates": [
          -0.4570929902400027,
          50.903046277369285
        ]
      },
      "properties": {
        "rank": 79,
        "selection_tier": "Ideal",
        "ideal_match": true,
        "paragliding_score": 58.23688594621787,
        "name": "Unnamed face near TQ 080 121",
        "grid_ref": "TQ 0858 1264",
        "facing": "SE",
        "aspect_deg": 135.24832153320312,
        "distance_miles": 29.434979377298344,
        "representative_slope_deg": 11.742582321166992,
        "vertical_relief_m": 43.02133560180664,
        "vertical_relief_ft": 141.1461186958313,
        "ridge_length_m": 557.8588848964428,
        "ridge_8deg_m": 532.382531810319,
        "ridge_9_5deg_m": 487.1866114810691,
        "percent_face_8deg": 76.7014694508894,
        "percent_face_9_5deg": 63.59242072699149,
        "connected_area_ha": 7.384120286577777,
        "downslope_span_m": 244.8408024754608,
        "roughness_m": 5.604497909545898,
        "gaps_count": 0,
        "largest_gap_m": 0,
        "slope_score": 100.0,
        "relief_score": 25.579261779785156,
        "ridge_score": 43.315241653390096,
        "exposure_proxy_score": 31.61960177366079,
        "continuity_score": 100.0,
        "launch_proxy_score": 54.87139701843261,
        "aspect_score": 18.63331187855114,
        "whitewool_similarity_pct": 43.617579008750276,
        "latitude": 50.903046277369285,
        "longitude": -0.4570929902400027
      }
    },
    {
      "type": "Feature",
      "geometry": {
        "type": "Point",
        "coordinates": [
          -1.003503454214462,
          51.00907754244545
        ]
      },
      "properties": {
        "rank": 80,
        "selection_tier": "Ideal",
        "ideal_match": true,
        "paragliding_score": 57.730715246206344,
        "name": "Unnamed face near SU 698 249",
        "grid_ref": "SU 7000 2377",
        "facing": "SSE",
        "aspect_deg": 153.83648681640625,
        "distance_miles": 7.079824819457867,
        "representative_slope_deg": 13.119088172912598,
        "vertical_relief_m": 47.49732208251953,
        "vertical_relief_ft": 155.83111418121337,
        "ridge_length_m": 524.7852686637198,
        "ridge_8deg_m": 540.4133827458136,
        "ridge_9_5deg_m": 518.9279609004152,
        "percent_face_8deg": 76.82235684971663,
        "percent_face_9_5deg": 67.55911666992378,
        "connected_area_ha": 5.899931321777777,
        "downslope_span_m": 192.240133196392,
        "roughness_m": 8.755138397216797,
        "gaps_count": 0,
        "largest_gap_m": 0,
        "slope_score": 100.0,
        "relief_score": 30.55258009168837,
        "ridge_score": 41.078638813565846,
        "exposure_proxy_score": 25.53841544891039,
        "continuity_score": 100.0,
        "launch_proxy_score": 45.09829733106825,
        "aspect_score": 52.42997602982955,
        "whitewool_similarity_pct": 50.47981228712758,
        "latitude": 51.00907754244545,
        "longitude": -1.003503454214462
      }
    },
    {
      "type": "Feature",
      "geometry": {
        "type": "Point",
        "coordinates": [
          -0.9505481899774344,
          51.06430310811456
        ]
      },
      "properties": {
        "rank": 81,
        "selection_tier": "Ideal",
        "ideal_match": true,
        "paragliding_score": 53.55532718646738,
        "name": "Unnamed face near SU 725 305",
        "grid_ref": "SU 7363 2996",
        "facing": "SE",
        "aspect_deg": 136.76437377929688,
        "distance_miles": 5.232559942041374,
        "representative_slope_deg": 14.586050033569336,
        "vertical_relief_m": 54.53585052490234,
        "vertical_relief_ft": 178.9233998361206,
        "ridge_length_m": 413.7165717956959,
        "ridge_8deg_m": 385.43628607242135,
        "ridge_9_5deg_m": 362.812057493953,
        "percent_face_8deg": 79.99470759460175,
        "percent_face_9_5deg": 68.61603598835671,
        "connected_area_ha": 4.076316185955555,
        "downslope_span_m": 183.52651337670977,
        "roughness_m": 8.345075607299805,
        "gaps_count": 0,
        "largest_gap_m": 0,
        "slope_score": 100.0,
        "relief_score": 38.37316724989149,
        "ridge_score": 24.83545792252512,
        "exposure_proxy_score": 28.309262544393032,
        "continuity_score": 100.0,
        "launch_proxy_score": 44.213594860500756,
        "aspect_score": 21.3897705078125,
        "whitewool_similarity_pct": 42.788546265025154,
        "latitude": 51.06430310811456,
        "longitude": -0.9505481899774344
      }
    },
    {
      "type": "Feature",
      "geometry": {
        "type": "Point",
        "coordinates": [
          -0.5811353385434299,
          51.13749210224229
        ]
      },
      "properties": {
        "rank": 82,
        "selection_tier": "Strong near-match",
        "ideal_match": false,
        "paragliding_score": 76.27768431356341,
        "name": "Unnamed face near SU 996 383",
        "grid_ref": "SU 9936 3853",
        "facing": "S",
        "aspect_deg": 179.0447998046875,
        "distance_miles": 20.473924512025597,
        "representative_slope_deg": 10.569032669067385,
        "vertical_relief_m": 34.43464660644531,
        "vertical_relief_ft": 112.97456597229004,
        "ridge_length_m": 1720.8027011282977,
        "ridge_8deg_m": 1795.0164511523908,
        "ridge_9_5deg_m": 1766.2772603117628,
        "percent_face_8deg": 59.66445619289185,
        "percent_face_9_5deg": 46.23659199951105,
        "connected_area_ha": 62.94914512302221,
        "downslope_span_m": 929.9769050198228,
        "roughness_m": 5.974827289581299,
        "gaps_count": 0,
        "largest_gap_m": 0,
        "slope_score": 100.0,
        "relief_score": 16.038496229383682,
        "ridge_score": 100.0,
        "exposure_proxy_score": 60.66078796386719,
        "continuity_score": 92.6210564369781,
        "launch_proxy_score": 88.43122720718384,
        "aspect_score": 98.2632723721591,
        "whitewool_similarity_pct": 35.08799403103244,
        "latitude": 51.13749210224229,
        "longitude": -0.5811353385434299
      }
    },
    {
      "type": "Feature",
      "geometry": {
        "type": "Point",
        "coordinates": [
          -1.1522235465730024,
          51.51428569890637
        ]
      },
      "properties": {
        "rank": 83,
        "selection_tier": "Strong near-match",
        "ideal_match": false,
        "paragliding_score": 76.22530322427214,
        "name": "Unnamed face near SU 587 798",
        "grid_ref": "SU 5892 7982",
        "facing": "S",
        "aspect_deg": 169.771240234375,
        "distance_miles": 28.472575649683744,
        "representative_slope_deg": 10.32944679260254,
        "vertical_relief_m": 34.71746063232422,
        "vertical_relief_ft": 113.9024335409546,
        "ridge_length_m": 1821.9323759758263,
        "ridge_8deg_m": 1889.3183158073225,
        "ridge_9_5deg_m": 1537.645243169973,
        "percent_face_8deg": 60.78853601859024,
        "percent_face_9_5deg": 45.69016266460108,
        "connected_area_ha": 70.55901583466667,
        "downslope_span_m": 1340.3046631377947,
        "roughness_m": 4.774447917938232,
        "gaps_count": 0,
        "largest_gap_m": 0,
        "slope_score": 100.0,
        "relief_score": 16.352734035915798,
        "ridge_score": 100.0,
        "exposure_proxy_score": 60.83047637939454,
        "continuity_score": 94.17563491932694,
        "launch_proxy_score": 92.60496894518535,
        "aspect_score": 81.4022549715909,
        "whitewool_similarity_pct": 37.99297053889616,
        "latitude": 51.51428569890637,
        "longitude": -1.1522235465730024
      }
    },
    {
      "type": "Feature",
      "geometry": {
        "type": "Point",
        "coordinates": [
          -1.5476074557744883,
          51.30657112917816
        ]
      },
      "properties": {
        "rank": 84,
        "selection_tier": "Strong near-match",
        "ideal_match": false,
        "paragliding_score": 75.05640970422584,
        "name": "Unnamed face near SU 316 563",
        "grid_ref": "SU 3163 5648",
        "facing": "S",
        "aspect_deg": 169.43658447265625,
        "distance_miles": 25.63529385295497,
        "representative_slope_deg": 10.14384651184082,
        "vertical_relief_m": 34.243743896484375,
        "vertical_relief_ft": 112.3482447253418,
        "ridge_length_m": 2247.029882343253,
        "ridge_8deg_m": 2227.893927226658,
        "ridge_9_5deg_m": 2132.0223405394354,
        "percent_face_8deg": 58.65620678951378,
        "percent_face_9_5deg": 44.67787905296724,
        "connected_area_ha": 78.3273921639111,
        "downslope_span_m": 1278.347128217225,
        "roughness_m": 6.144477844238281,
        "gaps_count": 0,
        "largest_gap_m": 0,
        "slope_score": 100.0,
        "relief_score": 15.82638210720486,
        "ridge_score": 100.0,
        "exposure_proxy_score": 60.54624633789063,
        "continuity_score": 90.92195996027127,
        "launch_proxy_score": 87.77147505018445,
        "aspect_score": 80.7937899502841,
        "whitewool_similarity_pct": 33.829648778034844,
        "latitude": 51.30657112917816,
        "longitude": -1.5476074557744883
      }
    },
    {
      "type": "Feature",
      "geometry": {
        "type": "Point",
        "coordinates": [
          -1.0337070922162863,
          51.49612470307296
        ]
      },
      "properties": {
        "rank": 85,
        "selection_tier": "Strong near-match",
        "ideal_match": false,
        "paragliding_score": 74.97816945980269,
        "name": "Unnamed face near SU 675 772",
        "grid_ref": "SU 6717 7790",
        "facing": "SSW",
        "aspect_deg": 203.65850830078125,
        "distance_miles": 26.876183767020507,
        "representative_slope_deg": 10.415987968444824,
        "vertical_relief_m": 34.05335998535156,
        "vertical_relief_ft": 111.72362557434082,
        "ridge_length_m": 1304.5515534887672,
        "ridge_8deg_m": 1338.2706962999073,
        "ridge_9_5deg_m": 1254.6731920809252,
        "percent_face_8deg": 60.39813833463896,
        "percent_face_9_5deg": 43.35284088290862,
        "connected_area_ha": 19.340887480888888,
        "downslope_span_m": 664.5191852030111,
        "roughness_m": 4.888437271118164,
        "gaps_count": 0,
        "largest_gap_m": 0,
        "slope_score": 100.0,
        "relief_score": 15.614844428168404,
        "ridge_score": 100.0,
        "exposure_proxy_score": 60.43201599121094,
        "continuity_score": 92.07759973961551,
        "launch_proxy_score": 89.08134831322563,
        "aspect_score": 56.984530362215914,
        "whitewool_similarity_pct": 52.12038147001722,
        "latitude": 51.49612470307296,
        "longitude": -1.0337070922162863
      }
    },
    {
      "type": "Feature",
      "geometry": {
        "type": "Point",
        "coordinates": [
          -0.5939559799515869,
          51.1379570779085
        ]
      },
      "properties": {
        "rank": 86,
        "selection_tier": "Strong near-match",
        "ideal_match": false,
        "paragliding_score": 74.87292762112956,
        "name": "Unnamed face near SU 983 385",
        "grid_ref": "SU 9846 3857",
        "facing": "S",
        "aspect_deg": 186.74513244628903,
        "distance_miles": 19.922580089882548,
        "representative_slope_deg": 10.295552253723145,
        "vertical_relief_m": 33.28275680541992,
        "vertical_relief_ft": 109.1953998374939,
        "ridge_length_m": 2599.6540545646567,
        "ridge_8deg_m": 2795.003982463444,
        "ridge_9_5deg_m": 2793.594076544745,
        "percent_face_8deg": 57.94334975369458,
        "percent_face_9_5deg": 43.81796635375035,
        "connected_area_ha": 70.70631398435555,
        "downslope_span_m": 851.9676518909109,
        "roughness_m": 5.881463527679443,
        "gaps_count": 0,
        "largest_gap_m": 0,
        "slope_score": 100.0,
        "relief_score": 14.758618672688803,
        "ridge_score": 100.0,
        "exposure_proxy_score": 59.96965408325195,
        "continuity_score": 89.12266291521264,
        "launch_proxy_score": 88.79430850346883,
        "aspect_score": 87.73612282492903,
        "whitewool_similarity_pct": 29.703668492476915,
        "latitude": 51.1379570779085,
        "longitude": -0.5939559799515869
      }
    },
    {
      "type": "Feature",
      "geometry": {
        "type": "Point",
        "coordinates": [
          -0.6330699714713391,
          51.19501506396215
        ]
      },
      "properties": {
        "rank": 87,
        "selection_tier": "Strong near-match",
        "ideal_match": false,
        "paragliding_score": 73.86584933295276,
        "name": "Unnamed face near SU 956 447",
        "grid_ref": "SU 9561 4486",
        "facing": "S",
        "aspect_deg": 175.7891845703125,
        "distance_miles": 19.08477898548857,
        "representative_slope_deg": 10.022433280944824,
        "vertical_relief_m": 31.68666076660156,
        "vertical_relief_ft": 103.95886410949709,
        "ridge_length_m": 1036.4375339076505,
        "ridge_8deg_m": 971.4138019671082,
        "ridge_9_5deg_m": 908.9115820056176,
        "percent_face_8deg": 55.9521399815577,
        "percent_face_9_5deg": 43.09650720824056,
        "connected_area_ha": 10.571844373866666,
        "downslope_span_m": 775.8070266322175,
        "roughness_m": 8.408769607543945,
        "gaps_count": 0,
        "largest_gap_m": 0,
        "slope_score": 100.0,
        "relief_score": 12.985178629557288,
        "ridge_score": 100.0,
        "exposure_proxy_score": 59.01199645996093,
        "continuity_score": 85.68640081265208,
        "launch_proxy_score": 78.96589597066243,
        "aspect_score": 92.34397194602273,
        "whitewool_similarity_pct": 39.6768958778486,
        "latitude": 51.19501506396215,
        "longitude": -0.6330699714713391
      }
    },
    {
      "type": "Feature",
      "geometry": {
        "type": "Point",
        "coordinates": [
          -0.6109937431155269,
          51.13795895574682
        ]
      },
      "properties": {
        "rank": 88,
        "selection_tier": "Strong near-match",
        "ideal_match": false,
        "paragliding_score": 73.459699521464,
        "name": "Unnamed face near SU 969 384",
        "grid_ref": "SU 9727 3854",
        "facing": "S",
        "aspect_deg": 177.182373046875,
        "distance_miles": 19.18592860147188,
        "representative_slope_deg": 9.940295219421388,
        "vertical_relief_m": 31.8260498046875,
        "vertical_relief_ft": 104.41617724121092,
        "ridge_length_m": 2303.626622511016,
        "ridge_8deg_m": 1603.703560773865,
        "ridge_9_5deg_m": 1591.320685839164,
        "percent_face_8deg": 53.395213363279055,
        "percent_face_9_5deg": 39.42483155530601,
        "connected_area_ha": 42.43307457831111,
        "downslope_span_m": 616.7119749687117,
        "roughness_m": 5.587289333343506,
        "gaps_count": 0,
        "largest_gap_m": 0,
        "slope_score": 98.50738048553471,
        "relief_score": 13.140055338541668,
        "ridge_score": 100.0,
        "exposure_proxy_score": 59.0956298828125,
        "continuity_score": 78.67701900354486,
        "launch_proxy_score": 89.9383192592197,
        "aspect_score": 94.8770419034091,
        "whitewool_similarity_pct": 26.34969439414035,
        "latitude": 51.13795895574682,
        "longitude": -0.6109937431155269
      }
    },
    {
      "type": "Feature",
      "geometry": {
        "type": "Point",
        "coordinates": [
          -0.8688540006822026,
          51.51571127487514
        ]
      },
      "properties": {
        "rank": 89,
        "selection_tier": "Strong near-match",
        "ideal_match": false,
        "paragliding_score": 73.3755990240947,
        "name": "Unnamed face near SU 784 809",
        "grid_ref": "SU 7858 8024",
        "facing": "SW",
        "aspect_deg": 219.84112548828125,
        "distance_miles": 29.28539350058452,
        "representative_slope_deg": 10.524309158325195,
        "vertical_relief_m": 34.51361846923828,
        "vertical_relief_ft": 113.23366001861572,
        "ridge_length_m": 950.141765551234,
        "ridge_8deg_m": 1023.9356068868364,
        "ridge_9_5deg_m": 484.7578756318253,
        "percent_face_8deg": 59.93527020924281,
        "percent_face_9_5deg": 45.02483817552311,
        "connected_area_ha": 11.3691756624,
        "downslope_span_m": 619.4163125037448,
        "roughness_m": 5.781807899475098,
        "gaps_count": 0,
        "largest_gap_m": 0,
        "slope_score": 100.0,
        "relief_score": 16.12624274359809,
        "ridge_score": 100.0,
        "exposure_proxy_score": 60.70817108154297,
        "continuity_score": 92.99558645959112,
        "launch_proxy_score": 89.18185816870793,
        "aspect_score": 27.561590021306813,
        "whitewool_similarity_pct": 45.092259728565494,
        "latitude": 51.51571127487514,
        "longitude": -0.8688540006822026
      }
    },
    {
      "type": "Feature",
      "geometry": {
        "type": "Point",
        "coordinates": [
          -1.162702629458558,
          50.67773249464284
        ]
      },
      "properties": {
        "rank": 90,
        "selection_tier": "Strong near-match",
        "ideal_match": false,
        "paragliding_score": 73.2327277276295,
        "name": "Unnamed face near SZ 594 869",
        "grid_ref": "SZ 5925 8678",
        "facing": "S",
        "aspect_deg": 177.09564208984375,
        "distance_miles": 30.09761374892466,
        "representative_slope_deg": 9.835994720458984,
        "vertical_relief_m": 32.81110000610352,
        "vertical_relief_ft": 107.64796934402466,
        "ridge_length_m": 2573.6341537752887,
        "ridge_8deg_m": 2631.288220276474,
        "ridge_9_5deg_m": 2571.083905672829,
        "percent_face_8deg": 53.64584602636902,
        "percent_face_9_5deg": 37.05919625667146,
        "connected_area_ha": 81.25094022186666,
        "downslope_span_m": 928.5568465222096,
        "roughness_m": 5.598724365234375,
        "gaps_count": 0,
        "largest_gap_m": 0,
        "slope_score": 95.89986801147461,
        "relief_score": 14.234555562337247,
        "ridge_score": 100.0,
        "exposure_proxy_score": 59.68666000366212,
        "continuity_score": 76.78587552365845,
        "launch_proxy_score": 89.8938496907552,
        "aspect_score": 94.71934925426136,
        "whitewool_similarity_pct": 31.21263612560467,
        "latitude": 50.67773249464284,
        "longitude": -1.162702629458558
      }
    },
    {
      "type": "Feature",
      "geometry": {
        "type": "Point",
        "coordinates": [
          -1.1002967800786567,
          51.52890178037022
        ]
      },
      "properties": {
        "rank": 91,
        "selection_tier": "Strong near-match",
        "ideal_match": false,
        "paragliding_score": 72.93106932135522,
        "name": "Unnamed face near SU 625 814",
        "grid_ref": "SU 6250 8149",
        "facing": "SW",
        "aspect_deg": 213.84371948242188,
        "distance_miles": 29.215764338067096,
        "representative_slope_deg": 10.002487182617188,
        "vertical_relief_m": 33.70050048828125,
        "vertical_relief_ft": 110.56595002197264,
        "ridge_length_m": 1903.0550194186508,
        "ridge_8deg_m": 1803.0451166109412,
        "ridge_9_5deg_m": 1705.6118680522775,
        "percent_face_8deg": 56.66041808679846,
        "percent_face_9_5deg": 39.40297659622813,
        "connected_area_ha": 26.78264617386667,
        "downslope_span_m": 1201.062805643247,
        "roughness_m": 4.080326080322266,
        "gaps_count": 0,
        "largest_gap_m": 0,
        "slope_score": 100.0,
        "relief_score": 15.2227783203125,
        "ridge_score": 100.0,
        "exposure_proxy_score": 60.22030029296875,
        "continuity_score": 83.17205405379273,
        "launch_proxy_score": 90.69128976927863,
        "aspect_score": 38.465964577414766,
        "whitewool_similarity_pct": 46.09949836370319,
        "latitude": 51.52890178037022,
        "longitude": -1.1002967800786567
      }
    },
    {
      "type": "Feature",
      "geometry": {
        "type": "Point",
        "coordinates": [
          -0.4840163402641927,
          51.17228970975051
        ]
      },
      "properties": {
        "rank": 92,
        "selection_tier": "Strong near-match",
        "ideal_match": false,
        "paragliding_score": 72.84419928548101,
        "name": "Unnamed face near TQ 058 425",
        "grid_ref": "TQ 0607 4254",
        "facing": "SSW",
        "aspect_deg": 203.17274475097656,
        "distance_miles": 24.98875840221788,
        "representative_slope_deg": 10.444343566894531,
        "vertical_relief_m": 34.085750579833984,
        "vertical_relief_ft": 111.82989393234251,
        "ridge_length_m": 2598.1259119250462,
        "ridge_8deg_m": 2791.416513130185,
        "ridge_9_5deg_m": 1495.918552352523,
        "percent_face_8deg": 52.85486152301866,
        "percent_face_9_5deg": 40.57215859834832,
        "connected_area_ha": 96.62758619591108,
        "downslope_span_m": 928.40943287377,
        "roughness_m": 5.359203338623047,
        "gaps_count": 0,
        "largest_gap_m": 0,
        "slope_score": 100.0,
        "relief_score": 15.650833977593315,
        "ridge_score": 100.0,
        "exposure_proxy_score": 60.45145034790039,
        "continuity_score": 79.01503327035242,
        "launch_proxy_score": 90.82532034979927,
        "aspect_score": 57.86773681640624,
        "whitewool_similarity_pct": 31.028688676429518,
        "latitude": 51.17228970975051,
        "longitude": -0.4840163402641927
      }
    },
    {
      "type": "Feature",
      "geometry": {
        "type": "Point",
        "coordinates": [
          -0.4963584842389112,
          51.17547244786996
        ]
      },
      "properties": {
        "rank": 93,
        "selection_tier": "Strong near-match",
        "ideal_match": false,
        "paragliding_score": 72.78798641064873,
        "name": "Unnamed face near TQ 051 437",
        "grid_ref": "TQ 0520 4287",
        "facing": "SSW",
        "aspect_deg": 208.4755706787109,
        "distance_miles": 24.501569600940456,
        "representative_slope_deg": 10.160947799682615,
        "vertical_relief_m": 33.50872802734375,
        "vertical_relief_ft": 109.93677526123048,
        "ridge_length_m": 1627.3146752563189,
        "ridge_8deg_m": 1720.0744743514806,
        "ridge_9_5deg_m": 1189.1429637353867,
        "percent_face_8deg": 53.94998259017267,
        "percent_face_9_5deg": 40.43790836286177,
        "connected_area_ha": 40.87683760551111,
        "downslope_span_m": 582.2802878796938,
        "roughness_m": 4.932766914367676,
        "gaps_count": 0,
        "largest_gap_m": 0,
        "slope_score": 100.0,
        "relief_score": 15.009697808159721,
        "ridge_score": 100.0,
        "exposure_proxy_score": 60.10523681640625,
        "continuity_score": 80.40256893977738,
        "launch_proxy_score": 92.48368422190347,
        "aspect_score": 48.226235129616526,
        "whitewool_similarity_pct": 36.4161828862984,
        "latitude": 51.17547244786996,
        "longitude": -0.4963584842389112
      }
    },
    {
      "type": "Feature",
      "geometry": {
        "type": "Point",
        "coordinates": [
          -1.2790355138551537,
          51.059448923455605
        ]
      },
      "properties": {
        "rank": 94,
        "selection_tier": "Strong near-match",
        "ideal_match": false,
        "paragliding_score": 72.54917556840498,
        "name": "Unnamed face near SU 505 291",
        "grid_ref": "SU 5062 2914",
        "facing": "SSW",
        "aspect_deg": 203.7075653076172,
        "distance_miles": 10.526982007095038,
        "representative_slope_deg": 10.643417358398438,
        "vertical_relief_m": 33.740272521972656,
        "vertical_relief_ft": 110.69643570098876,
        "ridge_length_m": 1794.9529571277671,
        "ridge_8deg_m": 1698.0890131975175,
        "ridge_9_5deg_m": 1543.0525631835335,
        "percent_face_8deg": 53.04334805719847,
        "percent_face_9_5deg": 39.4699408549824,
        "connected_area_ha": 19.65949978293333,
        "downslope_span_m": 531.304381094058,
        "roughness_m": 5.9761481285095215,
        "gaps_count": 0,
        "largest_gap_m": 0,
        "slope_score": 100.0,
        "relief_score": 15.266969468858507,
        "ridge_score": 100.0,
        "exposure_proxy_score": 60.2441635131836,
        "continuity_score": 78.23306773088461,
        "launch_proxy_score": 88.42609061135185,
        "aspect_score": 56.89533580433239,
        "whitewool_similarity_pct": 34.236459933167815,
        "latitude": 51.059448923455605,
        "longitude": -1.2790355138551537
      }
    },
    {
      "type": "Feature",
      "geometry": {
        "type": "Point",
        "coordinates": [
          -0.9658299754610256,
          51.17554022842391
        ]
      },
      "properties": {
        "rank": 95,
        "selection_tier": "Strong near-match",
        "ideal_match": false,
        "paragliding_score": 72.53699554676881,
        "name": "Holybourne slopes",
        "grid_ref": "SU 7239 4231",
        "facing": "S",
        "aspect_deg": 191.0141143798828,
        "distance_miles": 5.951566851130858,
        "representative_slope_deg": 9.974899291992188,
        "vertical_relief_m": 33.898590087890625,
        "vertical_relief_ft": 111.21585030395508,
        "ridge_length_m": 1179.5858759980763,
        "ridge_8deg_m": 1000.5221074034343,
        "ridge_9_5deg_m": 949.014490675705,
        "percent_face_8deg": 42.119454203774815,
        "percent_face_9_5deg": 30.95841163493749,
        "connected_area_ha": 31.963698482488887,
        "downslope_span_m": 1118.1315503830847,
        "roughness_m": 4.815812587738037,
        "gaps_count": 0,
        "largest_gap_m": 0,
        "slope_score": 99.37248229980469,
        "relief_score": 15.442877875434027,
        "ridge_score": 100.0,
        "exposure_proxy_score": 60.33915405273438,
        "continuity_score": 55.074108395371255,
        "launch_proxy_score": 89.3065857887268,
        "aspect_score": 79.97433749112216,
        "whitewool_similarity_pct": 57.168160092333686,
        "latitude": 51.17554022842391,
        "longitude": -0.9658299754610256
      }
    },
    {
      "type": "Feature",
      "geometry": {
        "type": "Point",
        "coordinates": [
          -0.768948452391966,
          51.08596676753248
        ]
      },
      "properties": {
        "rank": 96,
        "selection_tier": "Strong near-match",
        "ideal_match": false,
        "paragliding_score": 71.51989449334414,
        "name": "Unnamed face near SU 860 323",
        "grid_ref": "SU 8632 3257",
        "facing": "S",
        "aspect_deg": 170.2669677734375,
        "distance_miles": 12.295176203201688,
        "representative_slope_deg": 9.708548545837402,
        "vertical_relief_m": 31.062828063964844,
        "vertical_relief_ft": 101.91216882537842,
        "ridge_length_m": 2306.0724618754466,
        "ridge_8deg_m": 1602.1725629398134,
        "ridge_9_5deg_m": 1122.247302143311,
        "percent_face_8deg": 52.54492753623188,
        "percent_face_9_5deg": 33.354202898550724,
        "connected_area_ha": 36.04802000266666,
        "downslope_span_m": 1074.4762103073151,
        "roughness_m": 4.352283954620361,
        "gaps_count": 0,
        "largest_gap_m": 0,
        "slope_score": 92.71371364593506,
        "relief_score": 12.292031182183159,
        "ridge_score": 100.0,
        "exposure_proxy_score": 58.63769683837891,
        "continuity_score": 71.75860522872549,
        "launch_proxy_score": 94.74111795425415,
        "aspect_score": 82.30357776988636,
        "whitewool_similarity_pct": 31.450827085610594,
        "latitude": 51.08596676753248,
        "longitude": -0.768948452391966
      }
    },
    {
      "type": "Feature",
      "geometry": {
        "type": "Point",
        "coordinates": [
          -0.9458406297211586,
          51.09190332403288
        ]
      },
      "properties": {
        "rank": 97,
        "selection_tier": "Strong near-match",
        "ideal_match": false,
        "paragliding_score": 71.1661525659254,
        "name": "Unnamed face near SU 741 339",
        "grid_ref": "SU 7392 3303",
        "facing": "SE",
        "aspect_deg": 144.14480590820312,
        "distance_miles": 4.632886390191261,
        "representative_slope_deg": 9.80067253112793,
        "vertical_relief_m": 32.73777770996094,
        "vertical_relief_ft": 107.40741062194824,
        "ridge_length_m": 912.6952326814062,
        "ridge_8deg_m": 1017.563897462096,
        "ridge_9_5deg_m": 999.7405588270047,
        "percent_face_8deg": 59.16947832857514,
        "percent_face_9_5deg": 38.157280041526086,
        "connected_area_ha": 19.10553065475555,
        "downslope_span_m": 415.0592464253132,
        "roughness_m": 4.223299503326416,
        "gaps_count": 0,
        "largest_gap_m": 0,
        "slope_score": 95.01681327819824,
        "relief_score": 14.153086344401041,
        "ridge_score": 100.0,
        "exposure_proxy_score": 53.819207696862094,
        "continuity_score": 85.46366937811018,
        "launch_proxy_score": 95.2427241537306,
        "aspect_score": 34.80873801491477,
        "whitewool_similarity_pct": 43.11739100332932,
        "latitude": 51.09190332403288,
        "longitude": -0.9458406297211586
      }
    },
    {
      "type": "Feature",
      "geometry": {
        "type": "Point",
        "coordinates": [
          -0.6829022260361893,
          51.063710461633406
        ]
      },
      "properties": {
        "rank": 98,
        "selection_tier": "Strong near-match",
        "ideal_match": false,
        "paragliding_score": 70.74822524590876,
        "name": "Unnamed face near SU 923 304",
        "grid_ref": "SU 9239 3019",
        "facing": "SE",
        "aspect_deg": 137.4779052734375,
        "distance_miles": 16.23681203149764,
        "representative_slope_deg": 10.22634506225586,
        "vertical_relief_m": 34.13188171386719,
        "vertical_relief_ft": 111.98124280212404,
        "ridge_length_m": 2205.4534258609056,
        "ridge_8deg_m": 1182.0468415200594,
        "ridge_9_5deg_m": 1145.514410389413,
        "percent_face_8deg": 53.22849002849003,
        "percent_face_9_5deg": 40.55384615384615,
        "connected_area_ha": 81.34220103199999,
        "downslope_span_m": 1290.2027027704753,
        "roughness_m": 6.499566078186035,
        "gaps_count": 0,
        "largest_gap_m": 0,
        "slope_score": 100.0,
        "relief_score": 15.702090793185764,
        "ridge_score": 100.0,
        "exposure_proxy_score": 60.47912902832032,
        "continuity_score": 79.51443096123947,
        "launch_proxy_score": 86.39057636260985,
        "aspect_score": 22.687100497159097,
        "whitewool_similarity_pct": 31.923730308799136,
        "latitude": 51.063710461633406,
        "longitude": -0.6829022260361893
      }
    },
    {
      "type": "Feature",
      "geometry": {
        "type": "Point",
        "coordinates": [
          -0.7821340124511063,
          50.90865335316483
        ]
      },
      "properties": {
        "rank": 99,
        "selection_tier": "Strong near-match",
        "ideal_match": false,
        "paragliding_score": 70.52458161665189,
        "name": "Unnamed face near SU 851 118",
        "grid_ref": "SU 8572 1283",
        "facing": "S",
        "aspect_deg": 185.63092041015625,
        "distance_miles": 18.01027487653118,
        "representative_slope_deg": 10.096721649169922,
        "vertical_relief_m": 34.515647888183594,
        "vertical_relief_ft": 113.24031821746826,
        "ridge_length_m": 590.4628452796023,
        "ridge_8deg_m": 649.0153914503753,
        "ridge_9_5deg_m": 599.2680342797539,
        "percent_face_8deg": 62.60369053665143,
        "percent_face_9_5deg": 46.11477907567293,
        "connected_area_ha": 15.752896682488888,
        "downslope_span_m": 453.1644633342803,
        "roughness_m": 3.821538209915161,
        "gaps_count": 0,
        "largest_gap_m": 0,
        "slope_score": 100.0,
        "relief_score": 16.128497653537327,
        "ridge_score": 55.00197326286863,
        "exposure_proxy_score": 60.70938873291016,
        "continuity_score": 96.68595499749667,
        "launch_proxy_score": 96.64014352692499,
        "aspect_score": 89.761962890625,
        "whitewool_similarity_pct": 38.55789344562078,
        "latitude": 50.90865335316483,
        "longitude": -0.7821340124511063
      }
    },
    {
      "type": "Feature",
      "geometry": {
        "type": "Point",
        "coordinates": [
          -0.5500872945776902,
          51.222574809149926
        ]
      },
      "properties": {
        "rank": 100,
        "selection_tier": "Strong near-match",
        "ideal_match": false,
        "paragliding_score": 70.38298752031749,
        "name": "Unnamed face near TQ 011 478",
        "grid_ref": "TQ 0134 4804",
        "facing": "SSW",
        "aspect_deg": 192.23358154296875,
        "distance_miles": 23.113128455820704,
        "representative_slope_deg": 9.80291748046875,
        "vertical_relief_m": 32.143775939941406,
        "vertical_relief_ft": 105.45858585479736,
        "ridge_length_m": 2062.930183974735,
        "ridge_8deg_m": 1653.2811838148627,
        "ridge_9_5deg_m": 1492.9006208987555,
        "percent_face_8deg": 43.931971228679565,
        "percent_face_9_5deg": 31.604214113676207,
        "connected_area_ha": 44.83627591182222,
        "downslope_span_m": 986.8779887358542,
        "roughness_m": 4.773320198059082,
        "gaps_count": 0,
        "largest_gap_m": 0,
        "slope_score": 95.07293701171875,
        "relief_score": 13.493084377712675,
        "ridge_score": 100.0,
        "exposure_proxy_score": 59.28626556396485,
        "continuity_score": 58.19167511326724,
        "launch_proxy_score": 93.1037547853258,
        "aspect_score": 77.75712446732955,
        "whitewool_similarity_pct": 28.681968269926127,
        "latitude": 51.222574809149926,
        "longitude": -0.5500872945776902
      }
    }
  ]
}