source,name,status,easting,northing,latitude,longitude,grid_ref,distance_miles,aspect_deg,aspect_text,representative_slope_deg,median_local_slope_deg,max_robust_slope_deg,mean_upper_slope_deg,vertical_relief_m,vertical_relief_ft,horizontal_run_m,face_width_m,ridge_length_m,downslope_span_m,connected_area_ha,lip_sharpness_deg,roughness_m,gaps_count,largest_gap_m,percent_face_at_benchmark,whitewool_slope_percent,whitewool_relief_percent,pass_terrain,terrain_score,overall_score,landcover_observation,launch_observation,landing_observation,obstacle_observation,airspace_observation,protected_observation,existing_site_conflict,confidence,reason,polygon_wkt,profile_file
Coarse-screen discovery,Unnamed face near SU 726 254,Passed terrain threshold,472514.1913198419,125416.334412058,51.02355431759982,-0.9674568261616863,SU 7251 2541,6.802935256572139,157.90264892578125,SSE,15.960925102233887,14.444501876831055,30.74613380432129,17.161033630371094,74.14630126953125,243.2621510571289,240.0,2367.8297144794487,2367.8297144794487,685.1627544779767,47.253886846933334,-4.356678009033203,7.784450531005859,0,0,59.729604552171324,133.6046713058278,133.22787701530473,True,100.0,100.0,Not yet checked,"Upper face appears large enough geometrically; surface, fences, rotor and ownership require field inspection.",DTM shows downslope continuation; actual emergency landing suitability requires aerial imagery and a site visit.,OSM query failed: 406 Client Error: Not Acceptable for url: https://overpass-api.de/api/interpreter,"Nearest aerodromes: Lasham Gliding Centre 11.6 mi, Popham Airfield 16.5 mi. This is proximity screening only; current chart/NOTAM and local operating procedures remain mandatory.",Not yet checked,No listed recognised site within 2 miles,Low,Representative sustained slope 16.0° versus Whitewool 11.9°; relief 74 m versus 56 m; continuous ridge 2368 m versus 1196 m; 60% of the broader face reaches the benchmark threshold.,"POLYGON ((473510.7866666667 126010.684, 473478.776 125994.67866666667, 473486.77866666665 125950.664, 473478.776 125906.64933333333, 473414.7546666667 125874.63866666667, 473374.7413333333 125826.62266666666, 473330.7266666667 125806.616, 473302.71733333333 125746.596, 473278.70933333336 125742.59466666667, 473282.7106666667 125734.592, 473242.6973333333 125742.59466666667, 473178.676 125730.59066666667, 473146.6653333333 125678.57333333333, 473134.66133333335 125686.576, 473130.66 125666.56933333333, 473114.65466666664 125670.57066666667, 473106.652 125654.56533333333, 473098.6493333333 125666.56933333333, 473094.648 125654.56533333333, 473002.61733333336 125658.56666666667, 472974.608 125614.552, 472914.588 125582.54133333333, 472846.56533333333 125498.51333333334, 472838.5626666667 125430.49066666666, 472830.56 125474.50533333333, 472802.55066666665 125430.49066666666, 472758.536 125394.47866666666, 472662.504 125362.468, 472606.4853333333 125310.45066666667, 472522.4573333333 125258.43333333333, 472406.41866666666 125078.37333333334, 472370.4066666667 125082.37466666667, 472302.384 125022.35466666667, 472186.34533333336 124962.33466666666, 472134.328 124918.32, 472022.29066666664 124878.30666666667, 471894.248 124790.27733333333, 471810.22 124782.27466666666, 471762.204 124794.27866666667, 471706.1853333333 124758.26666666666, 471666.172 124754.26533333333, 471622.15733333334 124730.25733333333, 471590.14666666667 124690.244, 471514.1213333333 124642.228, 471466.1053333333 124706.24933333334, 471390.08 124850.29733333334, 471486.112 124946.32933333333, 471590.14666666667 125022.35466666667, 471890.24666666664 125126.38933333334, 472254.368 125346.46266666667, 472370.4066666667 125470.504, 472594.48133333336 125634.55866666666, 472702.5173333333 125754.59866666667, 472714.52133333334 125790.61066666666, 472830.56 125894.64533333333, 472946.59866666666 125938.66, 473038.62933333335 125990.67733333334, 473162.67066666664 126018.68666666666, 473238.696 126090.71066666667, 473298.716 126174.73866666667, 473374.7413333333 126202.748, 473474.7746666667 126186.74266666667, 473514.788 126194.74533333334, 473578.80933333334 126126.72266666667, 473586.812 126086.70933333333, 473562.804 126026.68933333333, 473538.796 126002.68133333333, 473518.7893333333 125998.68, 473510.7866666667 126010.684), (473074.64133333333 125662.568, 473078.64266666665 125666.56933333333, 473074.64133333333 125666.56933333333, 473074.64133333333 125662.568))",profiles/unnamed_face_near_su_726_254_profile.png
Coarse-screen discovery,Unnamed face near TQ 107 488,Passed terrain threshold,510857.6394023429,148841.84462322746,51.2280103607176,-0.41373834574256363,TQ 1085 4884,28.852572795176844,168.84283447265625,S,13.298563957214355,13.000885963439941,17.969270706176758,13.25545883178711,58.14457702636719,190.76305409118652,240.0,2599.7817714640405,2599.7817714640405,515.234367267898,64.57262690328888,-1.7737808227539062,3.778419017791748,0,0,45.08764777823074,111.31875220030192,104.47558980745814,True,100.0,100.0,Not yet checked,"Upper face appears large enough geometrically; surface, fences, rotor and ownership require field inspection.",DTM shows downslope continuation; actual emergency landing suitability requires aerial imagery and a site visit.,OSM query failed: 406 Client Error: Not Acceptable for url: https://overpass-api.de/api/interpreter,"Nearest aerodromes: Lasham Gliding Centre 27.1 mi, Popham Airfield 35.7 mi. This is proximity screening only; current chart/NOTAM and local operating procedures remain mandatory.",Not yet checked,No listed recognised site within 2 miles,Low,Representative sustained slope 13.3° versus Whitewool 11.9°; relief 58 m versus 56 m; continuous ridge 2600 m versus 1196 m; 45% of the broader face reaches the benchmark threshold.,"POLYGON ((511407.70266666665 148586.42666666667, 511395.6986666667 148618.43733333334, 511371.69066666666 148618.43733333334, 511323.67466666666 148598.43066666665, 511315.672 148570.42133333333, 511267.656 148586.42666666667, 511243.648 148610.43466666667, 511219.64 148610.43466666667, 511203.6346666667 148594.42933333333, 511035.57866666664 148598.43066666665, 510963.55466666666 148578.424, 510811.504 148606.43333333332, 510599.43333333335 148538.41066666666, 510539.41333333333 148538.41066666666, 510483.3946666667 148502.39866666668, 510371.35733333335 148498.39733333333, 510271.324 148510.40133333334, 510163.288 148494.396, 510139.28 148506.4, 510103.268 148486.39333333334, 510059.25333333336 148518.404, 510031.244 148522.40533333333, 509971.224 148510.40133333334, 509911.204 148466.38666666666, 509851.184 148458.384, 509807.1693333333 148466.38666666666, 509675.12533333333 148426.37333333332, 509635.112 148426.37333333332, 509603.10133333335 148442.37866666666, 509511.07066666667 148434.376, 509455.052 148414.36933333334, 509415.03866666666 148582.42533333335, 509399.0333333333 148774.48933333333, 509519.0733333333 148794.496, 509611.104 148830.508, 509703.1346666667 148826.50666666665, 509779.16 148842.512, 509863.188 148898.53066666666, 509927.20933333336 148914.536, 510079.26 148918.53733333334, 510183.29466666665 148902.532, 510251.3173333333 148918.53733333334, 510647.44933333335 148930.54133333333, 510799.5 148970.55466666666, 510959.55333333334 148958.55066666668, 511187.62933333335 148986.56, 511207.636 149006.56666666668, 511259.6533333333 149022.572, 511267.656 149050.58133333334, 511355.6853333333 149098.59733333334, 511447.716 149110.60133333332, 511555.752 149146.61333333334, 511751.8173333333 149270.65466666667, 511871.85733333335 149298.664, 511955.88533333334 149386.69333333333, 511983.8946666667 149438.71066666668, 512003.90133333334 149522.73866666667, 512119.94 149278.65733333334, 512175.95866666664 149054.58266666665, 512087.92933333333 148958.55066666668, 511995.89866666665 148890.528, 511935.8786666667 148870.52133333334, 511915.872 148890.528, 511859.85333333333 148898.53066666666, 511719.80666666664 148794.496, 511627.776 148794.496, 511603.768 148766.48666666666, 511591.764 148702.46533333333, 511519.74 148622.43866666665, 511459.72 148586.42666666667, 511407.70266666665 148586.42666666667))",profiles/unnamed_face_near_tq_107_488_profile.png
Coarse-screen discovery,Unnamed face near SU 734 266,Passed terrain threshold,473859.36522912,126894.79060569822,51.036675652644035,-0.947979734628519,SU 7385 2689,6.585620747779093,163.66351318359375,SSE,16.46501922607422,21.535808563232422,32.455894470214844,19.608928680419922,74.27395629882812,243.68096678344727,240.0,1839.5252272314974,1839.5252272314974,599.8637393308163,40.85602373653333,-1.9758615493774414,8.415836334228516,0,0,56.6614710903288,137.8243095342824,133.4572506759237,True,100.0,100.0,Not yet checked,"Upper face appears large enough geometrically; surface, fences, rotor and ownership require field inspection.",DTM shows downslope continuation; actual emergency landing suitability requires aerial imagery and a site visit.,OSM query failed: 406 Client Error: Not Acceptable for url: https://overpass-api.de/api/interpreter,"Nearest aerodromes: Lasham Gliding Centre 11.0 mi, Popham Airfield 16.5 mi. This is proximity screening only; current chart/NOTAM and local operating procedures remain mandatory.",Not yet checked,No listed recognised site within 2 miles,Low,Representative sustained slope 16.5° versus Whitewool 11.9°; relief 74 m versus 56 m; continuous ridge 1840 m versus 1196 m; 57% of the broader face reaches the benchmark threshold.,"POLYGON ((474159.73733333335 127298.71466666667, 474063.70533333335 127270.70533333333, 473995.6826666667 127178.67466666667, 473843.632 127138.66133333334, 473791.61466666666 127086.644, 473679.5773333333 127058.63466666666, 473679.5773333333 127030.62533333333, 473591.548 126942.596, 473587.5466666667 126834.56, 473495.516 126854.56666666667, 473343.46533333336 126862.56933333333, 473199.41733333335 126850.56533333333, 473059.37066666665 126806.55066666666, 472995.3493333333 126754.53333333334, 472963.33866666665 126710.51866666667, 472907.32 126698.51466666667, 472911.3213333333 126690.512, 472887.31333333335 126694.51333333334, 472891.3146666667 126682.50933333334, 472871.308 126682.50933333334, 472875.30933333334 126670.50533333333, 472863.3053333333 126674.50666666667, 472843.29866666667 126642.496, 472875.30933333334 126618.488, 472875.30933333334 126582.476, 472911.3213333333 126538.46133333334, 472891.3146666667 126470.43866666667, 472903.3186666667 126374.40666666666, 472943.332 126418.42133333333, 472947.3333333333 126450.432, 472955.336 126438.428, 472967.34 126450.432, 472971.34133333334 126478.44133333334, 472951.3346666667 126506.45066666667, 472959.33733333333 126550.46533333333, 472979.344 126542.46266666667, 473039.364 126550.46533333333, 473151.40133333334 126630.492, 473427.49333333335 126570.472, 473571.54133333336 126510.452, 473667.5733333333 126506.45066666667, 473739.59733333334 126526.45733333334, 473779.61066666665 126562.46933333333, 473787.61333333334 126590.47866666666, 473843.632 126662.50266666667, 473831.628 126754.53333333334, 473839.63066666666 126774.54, 473871.64133333333 126758.53466666667, 473911.65466666664 126710.51866666667, 473939.664 126694.51333333334, 473971.67466666666 126694.51333333334, 474031.6946666667 126726.524, 474079.7106666667 126770.53866666666, 474083.712 126814.55333333333, 474067.70666666667 126866.57066666667, 474183.7453333333 126794.54666666666, 474227.76 126806.55066666666, 474251.768 126830.55866666666, 474267.7733333333 126858.568, 474267.7733333333 126898.58133333334, 474215.756 127002.616, 474215.756 127042.62933333333, 474227.76 127058.63466666666, 474259.7706666667 127050.632, 474367.80666666664 126934.59333333334, 474411.8213333333 126914.58666666667, 474471.84133333334 126926.59066666667, 474499.8506666667 126946.59733333334, 474519.85733333335 126970.60533333334, 474523.85866666667 127014.62, 474547.86666666664 127010.61866666666, 474607.88666666666 126934.59333333334, 474651.90133333334 126914.58666666667, 474755.936 126910.58533333334, 474819.9573333333 126926.59066666667, 474779.944 127090.64533333333, 474707.92 127106.65066666667, 474611.888 127202.68266666666, 474527.86 127246.69733333333, 474439.8306666667 127270.70533333333, 474159.73733333335 127298.71466666667), (472891.3146666667 126678.508, 472895.316 126682.50933333334, 472895.316 126678.508, 472891.3146666667 126678.508), (472875.30933333334 126666.504, 472879.31066666666 126670.50533333333, 472879.31066666666 126666.504, 472875.30933333334 126666.504), (472879.31066666666 126662.50266666667, 472883.312 126666.504, 472883.312 126662.50266666667, 472879.31066666666 126662.50266666667))",profiles/unnamed_face_near_su_734_266_profile.png
Coarse-screen discovery,Unnamed face near SU 717 248,Passed terrain threshold,472170.97489708965,125170.20402315346,51.021384541466674,-0.9723985264598426,SU 7217 2517,6.822701932691361,158.4346923828125,SSE,15.888131141662598,13.864069938659668,30.881933212280273,17.26666831970215,75.43295288085938,247.48344912963867,240.0,1850.384630600165,1850.384630600165,539.7343792688043,34.302857142222216,-4.341858863830566,7.699843406677246,0,0,57.034861745122555,132.9953323663314,135.53976391593974,True,100.0,100.0,Not yet checked,"Upper face appears large enough geometrically; surface, fences, rotor and ownership require field inspection.",DTM shows downslope continuation; actual emergency landing suitability requires aerial imagery and a site visit.,OSM query failed: 406 Client Error: Not Acceptable for url: https://overpass-api.de/api/interpreter,"Nearest aerodromes: Lasham Gliding Centre 11.7 mi, Popham Airfield 16.5 mi. This is proximity screening only; current chart/NOTAM and local operating procedures remain mandatory.",Not yet checked,No listed recognised site within 2 miles,Low,Representative sustained slope 15.9° versus Whitewool 11.9°; relief 75 m versus 56 m; continuous ridge 1850 m versus 1196 m; 57% of the broader face reaches the benchmark threshold.,"POLYGON ((472783.83866666665 125855.81866666667, 472711.8146666667 125787.796, 472699.81066666666 125751.784, 472595.776 125635.74533333334, 472371.70133333333 125471.69066666666, 472255.66266666667 125347.64933333333, 471883.53866666666 125123.57466666667, 471595.44266666664 125023.54133333333, 471539.424 124991.53066666667, 471527.42 124967.52266666667, 471487.4066666667 124947.516, 471307.3466666667 124767.456, 471215.316 124647.416, 471207.31333333335 124611.404, 471259.3306666667 124587.396, 471299.344 124547.38266666667, 471399.3773333333 124555.38533333334, 471463.39866666665 124623.408, 471523.41866666666 124647.416, 471651.46133333334 124747.44933333334, 471707.48 124759.45333333334, 471759.49733333336 124795.46533333333, 471815.516 124783.46133333334, 471891.54133333336 124791.464, 471991.5746666667 124863.488, 472127.62 124915.50533333333, 472179.6373333333 124959.52, 472291.67466666666 125015.53866666666, 472363.6986666667 125079.56, 472399.7106666667 125075.55866666666, 472455.7293333333 125143.58133333334, 472491.7413333333 125223.608, 472531.7546666667 125267.62266666666, 472655.796 125347.64933333333, 472663.79866666667 125367.656, 472675.8026666667 125363.65466666667, 472683.8053333333 125375.65866666667, 472691.808 125367.656, 472715.816 125375.65866666667, 472727.82 125391.664, 472759.8306666667 125395.66533333334, 472803.84533333336 125435.67866666667, 472827.85333333333 125471.69066666666, 472839.85733333335 125467.68933333333, 472851.8613333333 125507.70266666666, 472875.86933333334 125523.708, 472895.876 125563.72133333333, 472971.90133333334 125611.73733333334, 472871.868 125763.788, 472783.83866666665 125855.81866666667), (472783.83866666665 125423.67466666667, 472787.84 125427.676, 472787.84 125423.67466666667, 472783.83866666665 125423.67466666667), (472707.81333333335 125379.66, 472711.8146666667 125383.66133333334, 472711.8146666667 125379.66, 472707.81333333335 125379.66))",profiles/unnamed_face_near_su_717_248_profile.png
Coarse-screen discovery,Unnamed face near SU 855 290,Failed terrain threshold,485819.8580180165,129072.86293113114,51.054597373673296,-0.7769201742783891,SU 8581 2907,12.410672996408948,178.8685302734375,S,13.327943801879883,16.785064697265625,24.456165313720703,14.473969459533691,56.03969955444336,183.85728788619994,240.0,1373.8281970017706,1373.8281970017706,1004.683667782534,26.664167227377778,0.550511360168457,5.9268879890441895,0,0,26.74390955664599,111.56468308866907,100.69349478504616,False,96.94086512594887,96.94086512594887,Not yet checked,Terrain-derived only,Terrain-derived only,Not yet checked,Not yet checked,Not yet checked,None identified,Medium,Representative sustained slope 13.3° versus Whitewool 11.9°; relief 56 m versus 56 m; continuous ridge 1374 m versus 1196 m; 27% of the broader face reaches the benchmark threshold.,"POLYGON ((486457.804 130064.85333333333, 486449.8013333333 130032.84266666666, 486457.804 129968.82133333333, 486413.7893333333 129840.77866666667, 486373.776 129764.75333333333, 486381.77866666665 129696.73066666667, 486341.76533333334 129644.71333333333, 486333.76266666665 129600.69866666666, 486285.74666666664 129500.66533333334, 486205.72 129480.65866666667, 486125.69333333336 129400.632, 486109.688 129412.636, 486005.6533333333 129396.63066666666, 485949.6346666667 129376.624, 485893.616 129336.61066666666, 485853.6026666667 129288.59466666667, 485841.59866666666 129188.56133333333, 485813.5893333333 129104.53333333334, 485785.58 129120.53866666666, 485765.5733333333 129112.536, 485721.5586666667 129128.54133333333, 485533.496 129152.54933333333, 485441.46533333336 129208.568, 485257.404 129244.58, 485209.388 129236.57733333333, 485181.3786666667 129184.56, 485157.37066666665 129168.55466666666, 485157.37066666665 129092.52933333334, 485181.3786666667 129024.50666666667, 485225.3933333333 129012.50266666667, 485245.4 128964.48666666666, 485293.416 128924.47333333333, 485305.42 128888.46133333334, 485337.43066666665 128880.45866666667, 485381.44533333334 128816.43733333334, 485441.46533333336 128804.43333333333, 485485.48 128820.43866666667, 485593.516 128796.43066666667, 485677.544 128840.44533333334, 485705.55333333334 128828.44133333334, 485701.552 128792.42933333333, 485613.52266666666 128712.40266666666, 485589.5146666667 128656.384, 485609.52133333334 128632.376, 485617.524 128588.36133333333, 485645.5333333333 128580.35866666667, 485653.536 128564.35333333333, 485669.54133333336 128568.35466666667, 485673.5426666667 128552.34933333333, 485689.548 128552.34933333333, 485713.556 128524.34, 485757.57066666667 128516.33733333333, 485761.572 128500.332, 485813.5893333333 128492.32933333333, 485833.596 128504.33333333333, 485869.608 128500.332, 485893.616 128532.34266666666, 485969.64133333333 128564.35333333333, 485993.6493333333 128612.36933333334, 486037.664 128656.384, 486121.692 128700.39866666666, 486141.6986666667 128732.40933333333, 486145.7 128788.428, 486177.7106666667 128820.43866666667, 486237.73066666664 128924.47333333333, 486221.7253333333 128952.48266666666, 486181.712 128964.48666666666, 486141.6986666667 128964.48666666666, 486081.6786666667 128940.47866666666, 486017.65733333334 128964.48666666666, 485981.64533333335 128952.48266666666, 485949.6346666667 128972.48933333333, 485937.63066666666 129016.504, 486037.664 129076.524, 486029.66133333335 129120.53866666666, 486041.6653333333 129132.54266666666, 486101.6853333333 129140.54533333333, 486237.73066666664 129108.53466666667, 486301.752 129132.54266666666, 486305.75333333336 129152.54933333333, 486317.7573333333 129152.54933333333, 486321.7586666667 129172.556, 486333.76266666665 129172.556, 486357.7706666667 129208.568, 486421.792 129240.57866666667, 486433.796 129276.59066666667, 486573.84266666666 129352.616, 486529.828 129428.64133333333, 486557.83733333333 129492.66266666667, 486621.85866666667 129516.67066666667, 486653.86933333334 129560.68533333333, 486657.87066666665 129604.7, 486609.85466666665 129640.712, 486609.85466666665 129652.716, 486629.8613333333 129668.72133333333, 486665.87333333335 129672.72266666667, 486681.8786666667 129708.73466666667, 486677.8773333333 129728.74133333334, 486633.8626666667 129760.752, 486633.8626666667 129776.75733333333, 486697.884 129804.76666666666, 486637.864 129884.79333333333, 486617.85733333335 129904.8, 486597.8506666667 129904.8, 486573.84266666666 129932.80933333334, 486577.844 129952.816, 486457.804 130064.85333333333))",profiles/unnamed_face_near_su_855_290_profile.png
Coarse-screen discovery,Unnamed face near SU 316 564,Failed terrain threshold,431548.3076173719,156503.12604271146,51.30677734009598,-1.5488054114175123,SU 3154 5650,25.686776767919582,186.30126953125,S,14.175522804260254,11.629700660705566,26.840368270874023,16.05342674255371,62.345794677734375,204.54657701049805,240.0,1802.9667832375271,1802.9667832375271,747.9807042722823,25.388116952355556,-3.3463363647460938,7.298591613769531,0,0,25.316212289547902,118.65954214561069,112.02443983756584,False,96.24774169921875,96.24774169921875,Not yet checked,Terrain-derived only,Terrain-derived only,Not yet checked,Not yet checked,Not yet checked,None identified,Medium,Representative sustained slope 14.2° versus Whitewool 11.9°; relief 62 m versus 56 m; continuous ridge 1803 m versus 1196 m; 25% of the broader face reaches the benchmark threshold.,"POLYGON ((432688.848 156630.57066666667, 432684.8466666667 156618.56666666668, 432696.8506666667 156618.56666666668, 432688.848 156570.55066666668, 432640.832 156490.524, 432644.8333333333 156450.51066666667, 432612.82266666665 156422.50133333332, 432616.824 156398.49333333335, 432588.8146666667 156346.476, 432544.8 156318.46666666667, 432524.79333333333 156318.46666666667, 432512.7893333333 156298.46, 432496.784 156298.46, 432472.776 156330.47066666666, 432448.768 156334.472, 432364.74 156322.468, 432316.724 156294.45866666667, 432372.7426666667 156226.436, 432452.76933333336 156182.42133333333, 432544.8 156210.43066666665, 432560.8053333333 156242.44133333332, 432552.8026666667 156154.412, 432500.7853333333 156090.39066666667, 432480.77866666665 156078.38666666666, 432408.7546666667 156074.38533333334, 432352.736 156090.39066666667, 432200.6853333333 156094.392, 432164.67333333334 156038.37333333332, 432084.64666666667 155998.36, 432040.632 155998.36, 431864.5733333333 156158.41333333333, 431776.544 156222.43466666667, 431760.53866666666 156250.444, 431720.52533333335 156258.44666666666, 431648.5013333333 156306.46266666666, 431504.4533333333 156346.476, 431408.42133333336 156358.48, 431224.36 156358.48, 431180.34533333336 156382.488, 431152.336 156442.508, 431096.3173333333 156674.58533333332, 431052.3026666667 156758.61333333334, 431024.29333333333 156770.61733333333, 431016.29066666664 156790.624, 430892.24933333334 156826.636, 430764.20666666667 156818.63333333333, 430540.132 156846.64266666665, 430312.056 156854.64533333332, 430376.0773333333 157010.69733333334, 431036.29733333335 156978.68666666668, 431180.34533333336 156922.668, 431244.36666666664 156874.652, 431320.392 156778.62, 431364.4066666667 156662.58133333334, 431528.46133333334 156662.58133333334, 431728.528 156602.56133333335, 431880.57866666664 156514.532, 431960.6053333333 156438.50666666665, 432128.66133333335 156474.51866666667, 432184.68 156514.532, 432480.77866666665 156662.58133333334, 432552.8026666667 156658.58, 432580.812 156678.58666666667, 432624.82666666666 156682.588, 432640.832 156666.58266666665, 432680.84533333336 156670.584, 432688.848 156630.57066666667), (432680.84533333336 156634.572, 432684.8466666667 156646.576, 432680.84533333336 156646.576, 432680.84533333336 156634.572))",profiles/unnamed_face_near_su_316_564_profile.png
Coarse-screen discovery,Unnamed face near TQ 009 387,Failed terrain threshold,500790.4138560611,138733.7313128847,51.13901208333406,-0.5606970212193395,TQ 0079 3873,21.368578786404058,164.79364013671875,SSE,13.87497615814209,20.680561065673828,26.3072566986084,15.567367553710938,57.4976806640625,188.6406906298828,240.0,1297.168729783909,1297.168729783909,633.5658644712239,22.29965900942222,3.2727279663085938,5.373307704925537,0,0,31.048673194267064,116.14374587381025,103.31323069414937,False,96.06438027837162,96.06438027837162,Not yet checked,Terrain-derived only,Terrain-derived only,Not yet checked,Not yet checked,Not yet checked,None identified,Medium,Representative sustained slope 13.9° versus Whitewool 11.9°; relief 57 m versus 56 m; continuous ridge 1297 m versus 1196 m; 31% of the broader face reaches the benchmark threshold.,"POLYGON ((500718.4253333333 138820.51333333334, 500762.44 138824.51466666666, 500790.44933333335 138856.52533333332, 500850.4693333333 138876.532, 500910.48933333333 138940.55333333334, 500990.516 138952.55733333333, 501034.5306666667 138980.56666666668, 501090.5493333333 139060.59333333332, 501170.576 139092.604, 501198.58533333335 139120.61333333334, 501302.62 139252.65733333334, 501398.652 139264.66133333332, 501458.672 139248.656, 501486.6813333333 139140.62, 501534.6973333333 139108.60933333333, 501530.696 139092.604, 501510.68933333334 139092.604, 501470.676 139116.612, 501466.67466666666 139084.60133333332, 501454.67066666664 139080.6, 501458.672 139032.584, 501474.67733333335 139024.58133333334, 501494.684 138984.568, 501482.68 138948.556, 501482.68 138844.52133333334, 501470.676 138824.51466666666, 501434.664 138808.50933333332, 501434.664 138764.49466666667, 501418.65866666666 138736.48533333334, 501314.624 138696.472, 501202.58666666667 138700.47333333333, 501158.572 138692.47066666666, 501138.56533333333 138672.464, 501058.53866666666 138672.464, 501038.532 138636.452, 500974.51066666667 138600.44, 500946.5013333333 138556.42533333335, 500842.4666666667 138504.408, 500838.46533333336 138488.40266666666, 500814.4573333333 138476.39866666668, 500746.43466666667 138464.39466666666, 500722.4266666667 138480.4, 500650.40266666666 138480.4, 500650.40266666666 138444.388, 500722.4266666667 138392.37066666665, 500726.428 138364.36133333333, 500662.4066666667 138304.34133333334, 500590.38266666664 138264.328, 500454.33733333333 138248.32266666667, 500362.30666666664 138264.328, 500318.292 138284.33466666666, 500230.26266666665 138384.368, 500170.2426666667 138496.40533333333, 500162.24 138568.42933333333, 500174.244 138568.42933333333, 500170.2426666667 138588.436, 500194.25066666666 138632.45066666667, 500186.248 138656.45866666667, 500198.252 138656.45866666667, 500198.252 138668.46266666666, 500186.248 138660.46, 500178.2453333333 138676.46533333333, 500158.2386666667 138672.464, 500154.23733333335 138696.472, 500166.2413333333 138696.472, 500166.2413333333 138712.47733333334, 500182.24666666664 138704.47466666668, 500186.248 138720.48, 500202.25333333336 138716.47866666666, 500214.2573333333 138744.488, 500322.29333333333 138756.492, 500430.32933333336 138704.47466666668, 500454.33733333333 138672.464, 500526.3613333333 138728.48266666668, 500534.364 138756.492, 500518.35866666667 138764.49466666667, 500554.37066666665 138796.50533333333, 500598.38533333334 138816.512, 500666.408 138796.50533333333, 500718.4253333333 138808.50933333332, 500718.4253333333 138820.51333333334), (500726.428 138816.512, 500722.4266666667 138812.51066666667, 500726.428 138812.51066666667, 500726.428 138816.512), (500546.368 138760.49333333335, 500542.36666666664 138764.49466666667, 500542.36666666664 138760.49333333335, 500546.368 138760.49333333335), (500542.36666666664 138760.49333333335, 500538.3653333333 138756.492, 500542.36666666664 138756.492, 500542.36666666664 138760.49333333335))",profiles/unnamed_face_near_tq_009_387_profile.png
Coarse-screen discovery,Unnamed face near TQ 077 486,Failed terrain threshold,507722.17341271887,148664.05218472835,51.22701201914121,-0.4586785257809621,TQ 0772 4866,26.96811653273687,187.8721160888672,S,12.352925300598145,12.078201293945312,16.085250854492188,12.410280227661133,51.88013458251953,170.21042074371337,240.0,1643.1211233946378,1643.1211233946378,359.77182146388805,37.21359666542222,-0.9452276229858398,3.028125762939453,0,0,27.882508500188894,103.40306178248204,93.2194873021623,False,95.7935791015625,95.7935791015625,Not yet checked,Terrain-derived only,Terrain-derived only,Not yet checked,Not yet checked,Not yet checked,None identified,Medium,Representative sustained slope 12.4° versus Whitewool 11.9°; relief 52 m versus 56 m; continuous ridge 1643 m versus 1196 m; 28% of the broader face reaches the benchmark threshold.,"POLYGON ((506897.21733333333 148962.604, 506857.204 148934.59466666667, 506853.20266666665 148914.588, 506837.1973333333 148914.588, 506837.1973333333 148898.58266666665, 506825.19333333336 148902.584, 506805.18666666665 148826.55866666668, 506777.17733333335 148782.544, 506781.1786666667 148754.53466666667, 506801.1853333333 148746.532, 506805.18666666665 148698.516, 506793.1826666667 148682.51066666667, 506789.1813333333 148626.492, 506809.188 148562.47066666666, 506853.20266666665 148534.46133333334, 506985.24666666664 148502.45066666667, 507061.272 148466.43866666665, 507137.29733333335 148462.43733333334, 507177.31066666666 148418.42266666668, 507233.32933333336 148414.42133333333, 507257.33733333333 148426.42533333335, 507269.34133333334 148414.42133333333, 507341.3653333333 148414.42133333333, 507585.44666666666 148470.44, 507785.5133333333 148466.43866666665, 507853.536 148426.42533333335, 507873.5426666667 148398.416, 507933.5626666667 148374.408, 507993.58266666665 148370.40666666668, 508017.5906666667 148338.396, 508049.60133333335 148326.392, 508145.63333333336 148358.40266666666, 508229.66133333335 148270.37333333332, 508289.6813333333 148266.372, 508365.70666666667 148234.36133333333, 508437.73066666664 148262.37066666665, 508541.76533333334 148274.37466666667, 508545.76666666666 148286.37866666666, 508557.7706666667 148274.37466666667, 508557.7706666667 148290.38, 508573.776 148286.37866666666, 508577.77733333333 148302.384, 508569.7746666667 148342.39733333333, 508597.784 148370.40666666668, 508621.792 148370.40666666668, 508637.79733333335 148354.40133333334, 508637.79733333335 148310.38666666666, 508721.82533333334 148314.388, 508821.85866666667 148350.4, 508897.884 148422.424, 508897.884 148458.436, 508881.8786666667 148482.444, 508849.868 148494.448, 508713.82266666665 148502.45066666667, 508641.79866666667 148538.46266666666, 508633.796 148574.47466666668, 508573.776 148602.484, 508561.772 148622.49066666668, 508521.7586666667 148622.49066666668, 508505.75333333336 148646.49866666668, 508465.74 148642.49733333333, 508465.74 148674.508, 508369.708 148686.512, 508325.69333333336 148718.52266666666, 508289.6813333333 148714.52133333334, 508225.66 148798.54933333333, 508173.64266666665 148826.55866666668, 508089.61466666666 148818.556, 507933.5626666667 148862.57066666667, 507825.5266666667 148878.576, 507589.448 148886.57866666667, 507505.42 148874.57466666665, 507461.40533333336 148902.584, 507409.388 148914.588, 507329.3613333333 148914.588, 507301.352 148890.58, 507261.33866666665 148882.57733333332, 507157.304 148882.57733333332, 507109.288 148902.584, 507073.276 148902.584, 507037.264 148942.59733333334, 506897.21733333333 148962.604), (508045.6 148386.412, 508061.6053333333 148410.42, 508057.604 148390.41333333333, 508045.6 148386.412))",profiles/unnamed_face_near_tq_077_486_profile.png
Coarse-screen discovery,Unnamed face near SU 631 067,Failed terrain threshold,463305.2219701886,106718.8769258747,50.856527398721546,-1.1019844363107112,SU 6330 0671,17.48373206980084,182.57955932617188,S,12.36047649383545,11.146047592163086,24.680042266845703,13.289533615112305,53.213077545166016,174.58359333328247,240.0,2564.2011801708722,2564.2011801708722,275.7639679011627,29.189049641066667,-2.7637109756469727,6.32635498046875,0,0,25.400810835713628,103.46627081854824,95.61455162843716,False,92.25848388671875,92.25848388671875,Not yet checked,Terrain-derived only,Terrain-derived only,Not yet checked,Not yet checked,Not yet checked,None identified,Medium,Representative sustained slope 12.4° versus Whitewool 11.9°; relief 53 m versus 56 m; continuous ridge 2564 m versus 1196 m; 25% of the broader face reaches the benchmark threshold.,"POLYGON ((462584.3026666667 106937.57333333333, 462488.2706666667 106921.568, 462436.25333333336 106897.56, 462376.23333333334 106917.56666666667, 462260.1946666667 106921.568, 462032.1186666667 106873.552, 461968.09733333334 106841.54133333333, 461792.03866666666 106845.54266666666, 461780.03466666664 106837.54, 461776.0333333333 106677.48666666666, 461864.0626666667 106673.48533333333, 461944.0893333333 106637.47333333333, 462068.13066666666 106609.464, 462200.17466666666 106593.45866666667, 462280.20133333333 106597.46, 462320.21466666664 106573.452, 462416.24666666664 106553.44533333334, 462456.26 106553.44533333334, 462520.28133333335 106593.45866666667, 462548.29066666664 106641.47466666666, 462584.3026666667 106641.47466666666, 462664.32933333336 106605.46266666667, 462756.36 106613.46533333333, 462816.38 106605.46266666667, 462916.41333333333 106621.468, 463096.4733333333 106569.45066666667, 463136.4866666667 106621.468, 463180.5013333333 106617.46666666666, 463212.512 106661.48133333333, 463236.52 106665.48266666666, 463432.58533333335 106641.47466666666, 463576.63333333336 106645.476, 463692.672 106613.46533333333, 463796.70666666667 106609.464, 463836.72 106593.45866666667, 463912.7453333333 106597.46, 463924.74933333334 106557.44666666667, 464008.77733333333 106481.42133333333, 464224.8493333333 106505.42933333333, 464408.9106666667 106457.41333333333, 464552.95866666664 106449.41066666666, 464576.9666666667 106641.47466666666, 464568.964 106661.48133333333, 464292.872 106717.5, 464152.82533333334 106733.50533333333, 463956.76 106793.52533333334, 463716.68 106793.52533333334, 463584.636 106825.536, 463436.58666666667 106845.54266666666, 463380.568 106837.54, 463272.532 106845.54266666666, 463016.44666666666 106893.55866666666, 462992.4386666667 106889.55733333333, 462988.4373333333 106865.54933333333, 462972.432 106861.548, 462944.4226666667 106901.56133333333, 462880.40133333334 106893.55866666666, 462824.38266666664 106869.55066666666, 462728.3506666667 106933.572, 462696.34 106925.56933333333, 462664.32933333336 106881.55466666666, 462648.324 106933.572, 462584.3026666667 106937.57333333333))",profiles/unnamed_face_near_su_631_067_profile.png
Coarse-screen discovery,Unnamed face near SU 822 109,Failed terrain threshold,482125.5874538519,110944.08538252678,50.89215176221401,-0.8337060386355781,SU 8212 1094,17.597226512425124,167.48114013671875,SSE,15.093606948852539,13.305980682373047,28.266145706176758,16.158550262451172,68.79948425292969,225.72009991638183,240.0,1038.9724549626117,1038.9724549626117,608.1079257005185,25.40572868764444,-2.8633856773376465,7.021207332611084,0,0,18.131828166596353,126.34458105054088,123.62058619007978,False,91.70668655384746,91.70668655384746,Not yet checked,Terrain-derived only,Terrain-derived only,Not yet checked,Not yet checked,Not yet checked,None identified,Medium,Representative sustained slope 15.1° versus Whitewool 11.9°; relief 69 m versus 56 m; continuous ridge 1039 m versus 1196 m; 18% of the broader face reaches the benchmark threshold.,"POLYGON ((481109.1213333333 110215.23866666667, 481097.11733333336 110195.232, 481001.08533333335 110351.284, 481005.08666666667 110375.292, 481065.1066666667 110431.31066666667, 481137.13066666666 110467.32266666666, 481145.13333333336 110455.31866666667, 481157.1373333333 110475.32533333333, 481165.14 110459.32, 481177.144 110479.32666666666, 481189.148 110479.32666666666, 481185.14666666667 110459.32, 481205.1533333333 110483.328, 481209.15466666664 110471.324, 481245.1666666667 110475.32533333333, 481293.1826666667 110443.31466666667, 481289.1813333333 110431.31066666667, 481293.1826666667 110423.308, 481341.1986666667 110467.32266666666, 481469.2413333333 110539.34666666666, 481573.276 110579.36, 481653.3026666667 110583.36133333333, 481681.312 110791.43066666667, 481773.34266666666 110947.48266666666, 481905.38666666666 111099.53333333334, 482101.452 111207.56933333333, 482217.49066666665 111239.58, 482305.52 111239.58, 482365.54 111223.57466666667, 482453.56933333335 111159.55333333333, 482473.576 111207.56933333333, 482461.572 111355.61866666666, 482517.5906666667 111439.64666666667, 482565.6066666667 111547.68266666666, 482525.5933333333 111659.72, 482525.5933333333 111699.73333333334, 482537.59733333334 111727.74266666667, 482621.62533333333 111795.76533333333, 482669.64133333333 111863.788, 482693.6493333333 111995.832, 482697.6506666667 112163.888, 482733.66266666667 112303.93466666667, 482797.684 112287.92933333333, 482969.7413333333 112199.9, 482973.7426666667 112139.88, 482961.7386666667 112083.86133333333, 482877.7106666667 111963.82133333333, 482881.712 111759.75333333333, 482909.72133333335 111667.72266666667, 482865.70666666667 111647.716, 482829.6946666667 111611.704, 482721.65866666666 111603.70133333333, 482669.64133333333 111571.69066666666, 482689.648 111539.68, 482809.688 111447.64933333333, 482829.6946666667 111395.632, 482833.696 111319.60666666667, 482781.6786666667 111275.592, 482637.63066666666 111259.58666666667, 482605.62 111223.57466666667, 482605.62 111199.56666666667, 482629.628 111175.55866666666, 482837.6973333333 111083.528, 482873.70933333336 111059.52, 482881.712 111035.512, 482861.70533333335 111019.50666666667, 482761.672 111019.50666666667, 482725.66 110991.49733333333, 482705.6533333333 110931.47733333333, 482681.64533333335 110907.46933333333, 482665.64 110907.46933333333, 482645.63333333336 110843.448, 482617.624 110811.43733333334, 482621.62533333333 110799.43333333333, 482561.6053333333 110739.41333333333, 482533.596 110687.396, 482525.5933333333 110643.38133333334, 482533.596 110619.37333333334, 482521.592 110599.36666666667, 482529.59466666664 110587.36266666667, 482469.5746666667 110559.35333333333, 482421.5586666667 110563.35466666667, 482385.5466666667 110583.36133333333, 482377.544 110671.39066666667, 482329.528 110743.41466666666, 482325.5266666667 110791.43066666667, 482301.51866666664 110847.44933333334, 482249.5013333333 110923.47466666666, 482229.49466666667 110911.47066666666, 482201.4853333333 110843.448, 482181.47866666666 110843.448, 482137.464 110907.46933333333, 482069.4413333333 110891.464, 482057.4373333333 110811.43733333334, 482021.4253333333 110775.42533333333, 481961.40533333336 110747.416, 481949.40133333334 110667.38933333334, 481901.38533333334 110615.372, 481917.3906666667 110507.336, 481913.38933333335 110415.30533333334, 481857.37066666665 110407.30266666667, 481789.348 110419.30666666667, 481837.364 110363.288, 481913.38933333335 110183.228, 481925.3933333333 110127.20933333333, 481905.38666666666 109927.14266666667, 481829.3613333333 109727.076, 481797.3506666667 109715.072, 481789.348 109731.07733333333, 481813.356 109919.14, 481809.35466666665 110059.18666666666, 481773.34266666666 110119.20666666667, 481649.3013333333 110199.23333333334, 481621.292 110243.248, 481601.2853333333 110235.24533333334, 481581.27866666665 110203.23466666667, 481501.252 110175.22533333334, 481469.2413333333 110151.21733333333, 481421.2253333333 110035.17866666667, 481345.2 109931.144, 481257.17066666664 110003.168, 481169.14133333333 110099.2, 481133.12933333335 110147.216, 481133.12933333335 110227.24266666667, 481117.124 110203.23466666667, 481109.1213333333 110215.23866666667), (481113.1226666667 110215.23866666667, 481117.124 110223.24133333334, 481113.1226666667 110223.24133333334, 481113.1226666667 110215.23866666667))",profiles/unnamed_face_near_su_822_109_profile.png
Coarse-screen discovery,Unnamed face near SU 740 312,Passed terrain threshold,474513.131529381,131490.27765797602,51.0779075781472,-0.9377124877511499,SU 7451 3149,5.271154783880923,167.647705078125,SSE,14.600713729858398,13.968563079833984,30.19800567626953,15.497709274291992,66.83927917480469,219.2889806878662,240.0,1284.0320658064447,1284.0320658064447,520.0174779568479,18.1272788128,-6.773037910461426,8.180492401123047,0,0,39.84796468857283,122.21870262615263,120.09844204260727,True,91.434925108825,91.434925108825,Not yet checked,"Upper face appears large enough geometrically; surface, fences, rotor and ownership require field inspection.",DTM shows downslope continuation; actual emergency landing suitability requires aerial imagery and a site visit.,OSM query failed: 406 Client Error: Not Acceptable for url: https://overpass-api.de/api/interpreter,"Nearest aerodromes: Lasham Gliding Centre 8.6 mi, Popham Airfield 15.2 mi. This is proximity screening only; current chart/NOTAM and local operating procedures remain mandatory.",Not yet checked,No listed recognised site within 2 miles,Low,Representative sustained slope 14.6° versus Whitewool 11.9°; relief 67 m versus 56 m; continuous ridge 1284 m versus 1196 m; 40% of the broader face reaches the benchmark threshold.,"POLYGON ((474941.81066666666 131945.73466666666, 474801.764 131809.68933333334, 474757.74933333334 131781.68, 474701.73066666664 131653.63733333335, 474641.7106666667 131573.61066666667, 474557.6826666667 131521.59333333332, 474493.66133333335 131513.59066666666, 474333.608 131573.61066666667, 474221.57066666667 131561.60666666666, 474085.52533333335 131489.58266666665, 474057.516 131457.572, 474021.504 131377.54533333334, 473957.4826666667 131385.548, 473913.468 131437.56533333333, 473845.44533333334 131477.57866666667, 473789.4266666667 131529.596, 473737.4093333333 131525.59466666667, 473709.4 131537.59866666666, 473697.396 131529.596, 473701.3973333333 131517.592, 473673.388 131513.59066666666, 473697.396 131485.58133333334, 473669.38666666666 131497.58533333332, 473697.396 131457.572, 473681.3906666667 131449.56933333335, 473709.4 131397.552, 473701.3973333333 131313.524, 473717.40266666666 131309.52266666666, 473717.40266666666 131289.516, 473737.4093333333 131301.52, 473733.408 131273.51066666667, 473757.416 131289.516, 473753.41466666665 131261.50666666665, 473777.4226666667 131273.51066666667, 473777.4226666667 131237.49866666668, 473797.42933333333 131257.50533333333, 473785.4253333333 131221.49333333335, 473789.4266666667 131213.49066666668, 473805.432 131221.49333333335, 473797.42933333333 131201.48666666666, 473813.43466666667 131197.48533333334, 473801.43066666665 131125.46133333334, 473737.4093333333 131065.44133333334, 473741.4106666667 131025.428, 473789.4266666667 130993.41733333333, 473817.436 130993.41733333333, 473901.464 131065.44133333334, 473921.4706666667 131137.46533333333, 474069.52 131165.47466666668, 474173.55466666666 131209.48933333333, 474201.564 131233.49733333333, 474225.572 131309.52266666666, 474281.5906666667 131373.544, 474401.63066666666 131293.51733333332, 474465.652 131281.51333333334, 474589.69333333336 131289.516, 474673.72133333335 131317.52533333332, 474749.74666666664 131361.54, 474817.76933333336 131445.568, 474905.79866666667 131613.624, 474977.82266666665 131685.648, 475041.844 131797.68533333333, 475037.84266666666 131849.70266666668, 474941.81066666666 131945.73466666666), (473689.3933333333 131505.588, 473697.396 131509.58933333334, 473697.396 131505.588, 473689.3933333333 131505.588), (473697.396 131501.58666666667, 473701.3973333333 131505.588, 473701.3973333333 131501.58666666667, 473697.396 131501.58666666667), (473697.396 131477.57866666667, 473701.3973333333 131481.58, 473701.3973333333 131477.57866666667, 473697.396 131477.57866666667), (473701.3973333333 131473.57733333332, 473705.39866666665 131477.57866666667, 473705.39866666665 131473.57733333332, 473701.3973333333 131473.57733333332), (473713.40133333334 131409.556, 473725.40533333336 131397.552, 473725.40533333336 131357.53866666666, 473721.404 131393.55066666668, 473713.40133333334 131409.556), (473717.40266666666 131345.53466666667, 473721.404 131349.536, 473721.404 131345.53466666667, 473717.40266666666 131345.53466666667), (473713.40133333334 131333.53066666666, 473717.40266666666 131341.53333333333, 473717.40266666666 131333.53066666666, 473713.40133333334 131333.53066666666), (473813.43466666667 131241.5, 473817.436 131245.50133333332, 473817.436 131241.5, 473813.43466666667 131241.5), (473809.43333333335 131233.49733333333, 473813.43466666667 131237.49866666668, 473813.43466666667 131233.49733333333, 473809.43333333335 131233.49733333333))",profiles/unnamed_face_near_su_740_312_profile.png
Coarse-screen discovery,Unnamed face near SU 996 384,Failed terrain threshold,499557.52699621825,138557.23654857866,51.13764098864378,-0.5783625877711663,SU 9955 3855,20.594907785153158,187.09767150878906,S,13.444297790527344,20.08543586730957,26.263755798339844,14.887834548950195,55.57937240600586,182.34702816452025,240.0,1088.3196793008246,1088.3196793008246,681.3489950924995,18.341821769955555,3.5920987129211426,5.75933837890625,0,0,18.77055346587856,112.53865147137832,99.86636777171206,False,90.98125289656689,90.98125289656689,Not yet checked,Terrain-derived only,Terrain-derived only,Not yet checked,Not yet checked,Not yet checked,None identified,Medium,Representative sustained slope 13.4° versus Whitewool 11.9°; relief 56 m versus 56 m; continuous ridge 1088 m versus 1196 m; 19% of the broader face reaches the benchmark threshold.,"POLYGON ((499977.61066666665 138987.68, 499921.592 138967.67333333334, 499885.58 138939.664, 499865.5733333333 138947.66666666666, 499853.56933333335 138939.664, 499853.56933333335 138955.66933333332, 499829.5613333333 138943.66533333334, 499801.552 138879.644, 499809.55466666666 138867.64, 499781.5453333333 138779.61066666667, 499765.54 138759.604, 499749.53466666664 138567.54, 499677.51066666667 138615.556, 499517.4573333333 138663.572, 499545.4666666667 138695.58266666665, 499533.46266666666 138727.59333333332, 499481.44533333334 138775.60933333333, 499393.416 138823.62533333333, 499173.34266666666 138867.64, 499113.32266666665 138891.648, 498905.25333333336 138907.65333333332, 498877.244 138895.64933333333, 498869.2413333333 138835.62933333335, 498833.2293333333 138775.60933333333, 498809.22133333335 138759.604, 498801.21866666665 138727.59333333332, 498737.1973333333 138711.588, 498721.192 138711.588, 498717.19066666666 138727.59333333332, 498693.1826666667 138727.59333333332, 498629.16133333335 138695.58266666665, 498605.1533333333 138667.57333333333, 498521.12533333333 138683.57866666667, 498505.12 138663.572, 498457.104 138695.58266666665, 498397.084 138695.58266666665, 498349.068 138735.596, 498281.0453333333 138767.60666666666, 498249.03466666664 138523.52533333332, 498273.0426666667 138463.50533333333, 498309.05466666666 138439.49733333333, 498365.0733333333 138431.49466666667, 498449.10133333335 138439.49733333333, 498517.124 138407.48666666666, 498589.148 138343.46533333333, 498633.16266666667 138351.468, 498685.18 138391.48133333333, 498701.1853333333 138391.48133333333, 498741.1986666667 138355.46933333334, 498797.21733333333 138347.46666666667, 498809.22133333335 138355.46933333334, 498809.22133333335 138395.48266666668, 498773.20933333336 138475.50933333332, 498793.216 138495.516, 498837.23066666664 138503.51866666667, 498885.24666666664 138475.50933333332, 498913.256 138475.50933333332, 498929.2613333333 138491.51466666666, 498925.26 138531.528, 498949.268 138667.57333333333, 498965.2733333333 138663.572, 498973.276 138675.576, 499021.292 138639.564, 499029.29466666665 138619.55733333333, 499045.3 138619.55733333333, 499053.3026666667 138599.55066666668, 499061.3053333333 138603.552, 499097.3173333333 138543.532, 499109.3213333333 138547.53333333333, 499117.324 138531.528, 499129.328 138543.532, 499137.3306666667 138531.528, 499157.33733333333 138535.52933333334, 499221.35866666667 138483.512, 499233.3626666667 138487.51333333334, 499233.3626666667 138475.50933333332, 499261.372 138479.51066666667, 499269.37466666667 138391.48133333333, 499425.4266666667 138355.46933333334, 499493.44933333335 138367.47333333333, 499541.46533333336 138359.47066666666, 499509.4546666667 138283.44533333334, 499461.4386666667 138227.42666666667, 499369.408 138191.41466666668, 499345.4 138167.40666666668, 499337.3973333333 138115.38933333333, 499349.40133333334 138091.38133333332, 499373.4093333333 138079.37733333334, 499409.42133333336 138087.38, 499481.44533333334 138143.39866666668, 499593.4826666667 138127.39333333334, 499717.524 138135.396, 499761.53866666666 138163.40533333333, 499821.5586666667 138171.408, 499873.576 138227.42666666667, 499985.61333333334 138255.436, 500041.632 138311.45466666666, 500041.632 138367.47333333333, 500021.62533333333 138395.48266666668, 500021.62533333333 138467.50666666665, 499993.616 138531.528, 499985.61333333334 138599.55066666668, 500041.632 138639.564, 500057.6373333333 138707.58666666667, 500045.63333333336 138747.6, 499997.61733333336 138763.60533333334, 499993.616 138779.61066666667, 499977.61066666665 138775.60933333333, 499977.61066666665 138791.61466666666, 499965.6066666667 138783.612, 499961.6053333333 138799.61733333333, 499949.60133333335 138791.61466666666, 499961.6053333333 138875.64266666665, 499977.61066666665 138879.644, 500001.6186666667 138943.66533333334, 499997.61733333336 138975.676, 499977.61066666665 138987.68), (499849.568 138931.66133333332, 499853.56933333335 138935.66266666667, 499853.56933333335 138931.66133333332, 499849.568 138931.66133333332), (499809.55466666666 138875.64266666665, 499813.556 138879.644, 499813.556 138875.64266666665, 499809.55466666666 138875.64266666665), (498873.2426666667 138839.63066666666, 498877.244 138843.632, 498877.244 138839.63066666666, 498873.2426666667 138839.63066666666))",profiles/unnamed_face_near_su_996_384_profile.png
Coarse-screen discovery,Unnamed face near SU 877 309,Failed terrain threshold,487956.0974373068,130945.20943030408,51.07110694547168,-0.7459939274705373,SU 8795 3094,13.44245303636325,193.4873809814453,SSW,12.562263488769531,15.434876441955566,22.562807083129883,13.505558013916016,52.93928527832031,173.68532471252442,240.0,1759.8151191484067,1759.8151191484067,547.1690326547541,19.864436339022223,-0.07417869567871094,5.250046253204346,0,0,20.678049379683085,105.15537624065097,95.12259502601052,False,88.95215606689453,88.95215606689453,Not yet checked,Terrain-derived only,Terrain-derived only,Not yet checked,Not yet checked,Not yet checked,None identified,Medium,Representative sustained slope 12.6° versus Whitewool 11.9°; relief 53 m versus 56 m; continuous ridge 1760 m versus 1196 m; 21% of the broader face reaches the benchmark threshold.,"POLYGON ((487995.5933333333 131146.576, 487771.51866666664 131086.556, 487735.50666666665 131062.548, 487603.46266666666 131082.55466666666, 487487.424 131034.53866666666, 487243.34266666666 131042.54133333333, 487127.304 131022.53466666667, 487047.27733333333 130990.524, 487027.2706666667 130970.51733333334, 486951.2453333333 130958.51333333334, 486903.2293333333 130934.50533333333, 486851.212 130894.492, 486831.20533333335 130854.47866666666, 486711.1653333333 130910.49733333333, 486691.15866666666 130898.49333333333, 486675.1533333333 130854.47866666666, 486687.15733333334 130822.468, 486679.15466666664 130742.44133333334, 486739.17466666666 130678.42, 486767.184 130674.41866666666, 486787.19066666666 130686.42266666667, 486803.196 130678.42, 486811.1986666667 130690.424, 486835.20666666667 130646.40933333333, 486867.21733333333 130646.40933333333, 486931.2386666667 130698.42666666667, 486979.2546666667 130786.456, 486999.2613333333 130798.46, 487007.264 130714.432, 486983.256 130630.404, 486995.26 130614.39866666666, 486995.26 130574.38533333334, 487015.26666666666 130574.38533333334, 487035.2733333333 130594.392, 487043.276 130642.408, 487135.30666666664 130810.464, 487155.31333333335 130826.46933333333, 487223.336 130838.47333333333, 487367.384 130830.47066666666, 487347.3773333333 130774.452, 487283.356 130718.43333333333, 487259.348 130662.41466666666, 487259.348 130634.40533333333, 487311.3653333333 130606.396, 487339.37466666667 130614.39866666666, 487395.3933333333 130666.416, 487435.4066666667 130686.42266666667, 487619.468 130698.42666666667, 487651.47866666666 130750.444, 487679.488 130750.444, 487731.50533333333 130726.436, 487771.51866666664 130730.43733333334, 487807.5306666667 130746.44266666667, 487859.548 130806.46266666667, 487919.568 130810.464, 487951.57866666664 130830.47066666666, 487987.5906666667 130822.468, 488027.604 130862.48133333333, 488059.61466666666 130854.47866666666, 488111.632 130866.48266666666, 488155.64666666667 130842.47466666666, 488231.672 130854.47866666666, 488291.692 130838.47333333333, 488371.71866666665 130878.48666666666, 488383.72266666667 130810.464, 488399.728 130794.45866666667, 488503.76266666665 130774.452, 488699.828 130866.48266666666, 488931.90533333336 130862.48133333333, 488995.9266666667 130886.48933333333, 489007.93066666665 130906.496, 489087.9573333333 130890.49066666666, 489075.9533333333 130922.50133333333, 489023.936 130970.51733333334, 488927.904 131038.54, 488811.8653333333 131094.55866666668, 488703.82933333336 131098.56, 488579.788 131058.54666666666, 488543.776 131098.56, 488475.75333333336 131122.568, 488415.73333333334 131126.56933333335, 488303.696 131110.564, 488263.6826666667 131126.56933333335, 488191.65866666666 131122.568, 488135.64 131138.57333333333, 487995.5933333333 131146.576))",profiles/unnamed_face_near_su_877_309_profile.png
Coarse-screen discovery,Unnamed face near TQ 055 490,Failed terrain threshold,505470.5825283504,149099.02641737106,51.23134195432208,-0.4907838508059753,TQ 0547 4909,25.740849606549116,187.95358276367188,S,11.69614028930664,10.187681198120117,15.346185684204102,11.825750350952148,47.38825988769531,155.47329856994628,240.0,2294.4598821356194,2294.4598821356194,394.58114805279183,32.63134335662222,-1.8068304061889648,2.923222541809082,0,0,10.286514886164623,97.90528862772209,85.14837762893957,False,88.10736846923828,88.10736846923828,Not yet checked,Terrain-derived only,Terrain-derived only,Not yet checked,Not yet checked,Not yet checked,None identified,Medium,Representative sustained slope 11.7° versus Whitewool 11.9°; relief 47 m versus 56 m; continuous ridge 2294 m versus 1196 m; 10% of the broader face reaches the benchmark threshold.,"POLYGON ((504953.3053333333 149315.58266666665, 504713.2253333333 149259.564, 504465.14266666665 149255.56266666666, 504265.076 149267.56666666668, 504149.03733333334 149247.56, 504137.0333333333 149139.524, 504149.03733333334 148887.44, 504193.052 148891.44133333332, 504253.072 148923.452, 504345.1026666667 148911.448, 504409.124 148923.452, 504497.1533333333 148907.44666666666, 504581.1813333333 148919.45066666667, 504629.1973333333 148883.43866666665, 504661.208 148879.43733333334, 504677.2133333333 148855.42933333333, 504713.2253333333 148855.42933333333, 504721.228 148835.42266666668, 504777.24666666664 148843.42533333335, 504829.264 148827.42, 504857.2733333333 148879.43733333334, 504889.284 148907.44666666666, 504981.3146666667 148919.45066666667, 505037.3333333333 148911.448, 505069.344 148923.452, 505101.35466666665 148903.44533333334, 505137.36666666664 148799.41066666666, 505193.38533333334 148783.40533333333, 505229.3973333333 148811.41466666668, 505213.392 148867.43333333332, 505221.3946666667 148927.45333333334, 505273.412 149015.48266666668, 505293.41866666666 148959.464, 505373.44533333334 148935.456, 505397.4533333333 148895.44266666667, 505457.4733333333 148891.44133333332, 505481.48133333336 148867.43333333332, 505489.484 148867.43333333332, 505481.48133333336 148879.43733333334, 505497.4866666667 148867.43333333332, 505537.5 148871.43466666667, 505549.504 148831.42133333333, 505565.50933333335 148819.41733333335, 505605.52266666666 148831.42133333333, 505637.5333333333 148859.43066666665, 505725.5626666667 148855.42933333333, 505777.58 148887.44, 505897.62 148839.424, 505949.6373333333 148855.42933333333, 505973.64533333335 148879.43733333334, 505997.6533333333 148879.43733333334, 506025.66266666667 148807.41333333333, 506085.6826666667 148767.4, 506113.692 148723.38533333334, 506169.7106666667 148719.384, 506185.716 148731.388, 506221.728 148731.388, 506261.7413333333 148711.38133333332, 506317.76 148711.38133333332, 506365.776 148683.372, 506417.79333333333 148623.352, 506461.808 148627.35333333333, 506525.82933333336 148583.33866666668, 506617.86 148567.33333333334, 506649.87066666665 148591.34133333334, 506657.87333333335 148615.34933333335, 506637.86666666664 148687.37333333332, 506661.87466666667 148743.392, 506661.87466666667 148851.428, 506705.88933333335 149003.47866666666, 506809.924 149059.49733333333, 506937.9666666667 149079.504, 506917.96 149307.58, 506837.93333333335 149307.58, 506641.868 149259.564, 506553.83866666665 149207.54666666666, 506481.8146666667 149135.52266666666, 506421.79466666665 149159.53066666666, 506205.72266666667 149187.54, 506169.7106666667 149219.55066666668, 506081.6813333333 149251.56133333335, 505925.62933333335 149247.56, 505821.59466666664 149279.57066666667, 505729.564 149271.568, 505329.43066666665 149279.57066666667, 505141.368 149311.58133333334, 504953.3053333333 149315.58266666665), (505473.47866666666 148883.43866666665, 505477.48 148887.44, 505477.48 148883.43866666665, 505473.47866666666 148883.43866666665), (505477.48 148879.43733333334, 505481.48133333336 148883.43866666665, 505481.48133333336 148879.43733333334, 505477.48 148879.43733333334))",profiles/unnamed_face_near_tq_055_490_profile.png
Coarse-screen discovery,Unnamed face near SU 899 135,Failed terrain threshold,489919.7573560003,113578.69400534964,50.91467801152842,-0.7222683217110552,SU 8991 1357,19.512458109938525,179.12677001953125,S,12.967961311340332,11.591361999511719,25.011783599853516,14.995439529418945,55.825035095214844,183.15300814178465,240.0,1073.9402967775823,1073.9402967775823,500.85356243168644,21.760099482844442,-2.422635078430176,4.803797721862793,0,0,27.52171747911249,108.5513651251847,100.30778046506016,False,86.92527020106887,86.92527020106887,Not yet checked,Terrain-derived only,Terrain-derived only,Not yet checked,Not yet checked,Not yet checked,None identified,Medium,Representative sustained slope 13.0° versus Whitewool 11.9°; relief 56 m versus 56 m; continuous ridge 1074 m versus 1196 m; 28% of the broader face reaches the benchmark threshold.,"POLYGON ((490509.70266666665 113898.61866666666, 490481.69333333336 113658.53866666666, 490449.6826666667 113626.528, 490385.66133333335 113594.51733333334, 490349.6493333333 113590.516, 490281.62666666665 113606.52133333334, 490213.604 113642.53333333334, 490157.58533333335 113742.56666666667, 490077.5586666667 113814.59066666667, 490017.53866666666 113838.59866666667, 489961.52 113842.6, 489901.5 113830.596, 489789.46266666666 113778.57866666667, 489665.42133333336 113682.54666666666, 489525.37466666667 113534.49733333333, 489481.36 113530.496, 489441.3466666667 113562.50666666667, 489397.332 113570.50933333334, 489373.324 113730.56266666666, 489321.30666666664 113790.58266666667, 489289.296 113722.56, 489269.2893333333 113614.524, 489201.26666666666 113490.48266666666, 489181.26 113366.44133333334, 489193.264 113262.40666666666, 489253.284 113210.38933333334, 489393.3306666667 113178.37866666667, 489573.3906666667 113186.38133333334, 489677.4253333333 113218.392, 489753.4506666667 113254.404, 489813.4706666667 113302.42, 489865.488 113398.452, 489889.496 113506.488, 489949.516 113534.49733333333, 489973.524 113534.49733333333, 489993.5306666667 113506.488, 490017.53866666666 113362.44, 490049.5493333333 113326.428, 490349.6493333333 113262.40666666666, 490465.688 113270.40933333333, 490497.6986666667 113302.42, 490513.704 113346.43466666667, 490541.7133333333 113350.436, 490581.7266666667 113390.44933333334, 490617.7386666667 113478.47866666666, 490617.7386666667 113554.504, 490593.73066666664 113686.548, 490561.72 113794.584, 490509.70266666665 113898.61866666666))",profiles/unnamed_face_near_su_899_135_profile.png
Coarse-screen discovery,Unnamed face near TQ 102 429,Failed terrain threshold,510243.3321599301,142960.7260426627,51.175266683048726,-0.4243371459323602,TQ 1024 4296,27.57861290274454,182.44332885742188,S,12.84199047088623,17.5578670501709,25.834087371826172,14.449477195739746,53.12055969238281,174.28005706115724,240.0,1221.4099441689323,1221.4099441689323,659.947469080973,18.199326820799996,0.12821292877197266,6.366067886352539,0,0,10.065412504436894,107.49689662632348,95.44831330095114,False,86.8774411140183,86.8774411140183,Not yet checked,Terrain-derived only,Terrain-derived only,Not yet checked,Not yet checked,Not yet checked,None identified,Medium,Representative sustained slope 12.8° versus Whitewool 11.9°; relief 53 m versus 56 m; continuous ridge 1221 m versus 1196 m; 10% of the broader face reaches the benchmark threshold.,"POLYGON ((509643.29466666665 143462.68133333334, 509707.316 143378.65333333332, 509771.33733333333 143350.644, 509819.35333333333 143302.628, 509863.368 143230.604, 509871.37066666665 143182.588, 509923.388 143182.588, 509939.3933333333 143170.584, 510095.44533333334 143182.588, 510171.4706666667 143150.57733333332, 510211.484 143150.57733333332, 510247.496 143122.568, 510295.512 143122.568, 510411.55066666665 143030.53733333334, 510475.572 143034.53866666666, 510487.576 143066.54933333333, 510483.5746666667 143178.58666666667, 510447.5626666667 143218.6, 510443.5613333333 143242.608, 510487.576 143382.65466666667, 510527.5893333333 143422.668, 510607.616 143422.668, 510631.624 143454.67866666667, 510639.62666666665 143498.69333333333, 510671.6373333333 143522.70133333333, 510703.648 143526.70266666668, 510695.64533333335 143626.736, 510667.636 143666.74933333334, 510675.6386666667 143718.76666666666, 510771.67066666664 143810.79733333332, 510795.6786666667 143898.82666666666, 510875.70533333335 144002.86133333333, 510879.70666666667 144062.88133333332, 510903.7146666667 144070.884, 510931.724 144046.876, 510935.7253333333 144010.864, 510979.74 143998.86, 510979.74 143946.84266666666, 511015.752 143878.82, 511003.748 143874.81866666666, 511015.752 143854.812, 510999.74666666664 143854.812, 510987.7426666667 143822.80133333334, 510903.7146666667 143778.78666666665, 510903.7146666667 143718.76666666666, 510967.736 143670.75066666666, 511091.77733333333 143538.70666666667, 511059.76666666666 143518.7, 510967.736 143594.72533333334, 510951.73066666664 143634.73866666667, 510939.7266666667 143626.736, 510919.72 143638.74, 510883.708 143590.724, 510891.7106666667 143526.70266666668, 510879.70666666667 143506.696, 510879.70666666667 143462.68133333334, 510907.716 143390.65733333334, 510899.7133333333 143358.64666666667, 510855.6986666667 143326.636, 510811.684 143318.63333333333, 510811.684 143250.61066666667, 510783.67466666666 143222.60133333332, 510755.6653333333 143206.596, 510679.64 143218.6, 510659.63333333336 143178.58666666667, 510587.6093333333 143190.59066666666, 510535.592 143154.57866666667, 510535.592 143126.56933333335, 510631.624 143110.564, 510715.652 143118.56666666668, 510751.664 143106.56266666666, 510727.656 143022.53466666667, 510699.64666666667 143006.52933333334, 510667.636 142946.50933333332, 510639.62666666665 142934.50533333333, 510703.648 142878.48666666666, 510739.66 142874.48533333334, 510795.6786666667 142826.46933333334, 510863.70133333333 142794.45866666667, 510911.71733333333 142790.45733333332, 511003.748 142830.47066666666, 511079.7733333333 142894.492, 511123.788 142898.49333333335, 511143.79466666665 142882.488, 511127.7893333333 142758.44666666666, 511047.76266666665 142658.41333333333, 511003.748 142626.40266666666, 510963.73466666666 142622.40133333334, 510887.70933333336 142638.40666666668, 510859.7 142614.39866666668, 510815.6853333333 142610.39733333333, 510791.67733333335 142586.38933333333, 510735.65866666666 142562.38133333332, 510703.648 142566.38266666667, 510655.632 142594.392, 510643.628 142542.37466666667, 510611.61733333336 142518.36666666667, 510599.61333333334 142410.33066666668, 510587.6093333333 142422.33466666666, 510571.604 142414.332, 510455.56533333333 142446.34266666666, 510443.5613333333 142410.33066666668, 510443.5613333333 142326.30266666666, 510455.56533333333 142294.292, 510419.55333333334 142262.28133333335, 510379.54 142314.29866666667, 510359.5333333333 142378.32, 510339.5266666667 142554.37866666666, 510343.528 142622.40133333334, 510315.51866666664 142638.40666666668, 510307.516 142686.42266666668, 510259.5 142734.43866666665, 510279.50666666665 142766.44933333332, 510239.49333333335 142782.45466666666, 510191.47733333334 142826.46933333334, 510199.48 142862.48133333333, 510159.4666666667 142902.49466666667, 510087.44266666664 142930.504, 510075.4386666667 142898.49333333335, 510047.42933333333 142886.48933333333, 510035.4253333333 142866.48266666668, 510095.44533333334 142846.476, 510139.46 142810.464, 510123.4546666667 142742.44133333332, 510143.46133333334 142722.43466666667, 510135.45866666664 142598.39333333334, 510143.46133333334 142586.38933333333, 510163.468 142590.39066666667, 510163.468 142574.38533333334, 510199.48 142534.372, 510203.48133333336 142478.35333333333, 510171.4706666667 142446.34266666666, 510099.44666666666 142426.336, 509919.38666666666 142454.34533333333, 509887.376 142502.36133333333, 509887.376 142538.37333333332, 509871.37066666665 142558.38, 509883.37466666667 142594.392, 509855.3653333333 142630.404, 509851.364 142666.416, 509835.35866666667 142658.41333333333, 509811.3506666667 142686.42266666668, 509831.35733333335 142722.43466666667, 509955.39866666665 142806.46266666666, 509967.40266666666 142846.476, 509935.392 142850.47733333334, 509903.3813333333 142874.48533333334, 509859.36666666664 142866.48266666668, 509823.35466666665 142838.47333333333, 509795.34533333336 142838.47333333333, 509791.344 142826.46933333334, 509759.3333333333 142818.46666666667, 509739.32666666666 142778.45333333334, 509707.316 142754.44533333334, 509655.29866666667 142762.448, 509619.2866666667 142790.45733333332, 509619.2866666667 142818.46666666667, 509647.296 142854.47866666666, 509659.3 142898.49333333335, 509615.2853333333 142950.51066666667, 509631.29066666664 142950.51066666667, 509631.29066666664 142966.516, 509647.296 142962.51466666666, 509639.29333333333 142994.52533333332, 509667.3026666667 143022.53466666667, 509687.30933333334 143070.55066666668, 509667.3026666667 143158.58, 509527.256 143362.648, 509447.2293333333 143398.66, 509307.1826666667 143506.696, 509199.14666666667 143702.76133333333, 509143.128 143766.78266666667, 509247.16266666667 143882.82133333333, 509299.18 143834.80533333332, 509359.2 143738.77333333335, 509391.2106666667 143710.764, 509411.21733333333 143658.74666666667, 509567.26933333336 143530.704, 509635.292 143458.68, 509643.29466666665 143462.68133333334), (509639.29333333333 143458.68, 509643.29466666665 143454.67866666667, 509643.29466666665 143458.68, 509639.29333333333 143458.68), (510863.70133333333 143574.71866666665, 510867.70266666665 143566.716, 510875.70533333335 143566.716, 510863.70133333333 143574.71866666665), (509647.296 143450.67733333333, 509643.29466666665 143446.676, 509647.296 143446.676, 509647.296 143450.67733333333), (509647.296 143446.676, 509651.29733333335 143442.67466666666, 509651.29733333335 143446.676, 509647.296 143446.676))",profiles/unnamed_face_near_tq_102_429_profile.png
Coarse-screen discovery,Unnamed face near SU 724 190,Passed terrain threshold,471750.04606555175,119927.72066934004,50.97430296410329,-0.9794331826802986,SU 7175 1992,9.687081866304178,167.7491455078125,SSE,13.499900817871094,13.966970443725586,24.553447723388672,15.086151123046875,60.775962829589844,199.39620988983154,240.0,922.8752243838971,922.8752243838971,621.3016474749456,22.376510217955556,-2.564054012298584,5.264776229858398,0,0,37.36660870751083,113.00408966774144,109.20372780178892,True,86.0086599486242,86.0086599486242,Not yet checked,"Upper face appears large enough geometrically; surface, fences, rotor and ownership require field inspection.",DTM shows downslope continuation; actual emergency landing suitability requires aerial imagery and a site visit.,OSM query failed: 406 Client Error: Not Acceptable for url: https://overpass-api.de/api/interpreter,"Nearest aerodromes: Lasham Gliding Centre 14.9 mi, Solent Airport 14.9 mi. This is proximity screening only; current chart/NOTAM and local operating procedures remain mandatory.",Not yet checked,"Butser West (0.3 mi), Butser East (0.7 mi)",Low,Representative sustained slope 13.5° versus Whitewool 11.9°; relief 61 m versus 56 m; continuous ridge 923 m versus 1196 m; 37% of the broader face reaches the benchmark threshold.,"POLYGON ((472143.40133333334 119742.744, 472119.3933333333 119738.74266666667, 472123.3946666667 119750.74666666667, 472111.3906666667 119750.74666666667, 472111.3906666667 119786.75866666666, 472063.37466666667 119902.79733333334, 472007.356 119946.812, 471971.344 119870.78666666667, 471983.348 119838.776, 471983.348 119738.74266666667, 471971.344 119710.73333333334, 471979.3466666667 119686.72533333334, 471955.33866666665 119622.704, 471903.3213333333 119546.67866666667, 471907.32266666665 119506.66533333334, 471887.316 119474.65466666667, 471859.30666666664 119494.66133333334, 471855.3053333333 119554.68133333333, 471867.30933333334 119550.68, 471867.30933333334 119574.688, 471835.29866666667 119694.728, 471699.25333333336 119822.77066666666, 471687.24933333334 119818.76933333333, 471647.236 119842.77733333333, 471643.23466666666 119790.76, 471735.26533333334 119662.71733333333, 471735.26533333334 119566.68533333333, 471719.26 119470.65333333334, 471683.248 119386.62533333333, 471651.23733333335 119350.61333333333, 471631.23066666664 119350.61333333333, 471643.23466666666 119298.596, 471607.22266666667 119290.59333333334, 471575.212 119314.60133333334, 471539.2 119422.63733333333, 471375.14533333335 119630.70666666667, 471275.112 119790.76, 471391.1506666667 119942.81066666667, 471535.1986666667 120082.85733333333, 471647.236 120166.88533333334, 471703.2546666667 120158.88266666667, 471763.2746666667 120218.90266666666, 471879.31333333335 120294.928, 471899.32 120246.912, 472043.368 120170.88666666667, 472099.38666666666 120166.88533333334, 472219.4266666667 120198.896, 472227.42933333333 120210.9, 472235.432 120202.89733333333, 472247.436 120218.90266666666, 472255.4386666667 120206.89866666666, 472271.444 120226.90533333333, 472275.44533333334 120214.90133333333, 472291.4506666667 120230.90666666666, 472311.4573333333 120226.90533333333, 472303.4546666667 120178.88933333334, 472203.42133333336 119962.81733333334, 472163.408 119778.756, 472143.40133333334 119742.744), (472163.408 119798.76266666666, 472159.4066666667 119794.76133333333, 472163.408 119794.76133333333, 472163.408 119798.76266666666), (472135.39866666665 119746.74533333334, 472139.4 119750.74666666667, 472135.39866666665 119750.74666666667, 472135.39866666665 119746.74533333334), (472139.4 119754.748, 472143.40133333334 119758.74933333334, 472139.4 119758.74933333334, 472139.4 119754.748))",profiles/unnamed_face_near_su_724_190_profile.png
Coarse-screen discovery,Unnamed face near SU 373 614,Failed terrain threshold,437335.59052612254,161492.5469007548,51.351289831827785,-1.4652656190564755,SU 3733 6149,24.691756892406932,195.05902099609375,SSW,13.561739921569824,15.088613510131836,24.580074310302734,15.245218276977539,57.29364013671875,187.97126630615233,240.0,1019.2769670790876,1019.2769670790876,563.0930748810642,23.47804420693333,-1.0885658264160156,5.79177713394165,0,0,21.118534071387668,113.52172840550855,102.9466057132987,False,85.80531741086897,85.80531741086897,Not yet checked,Terrain-derived only,Terrain-derived only,Not yet checked,Not yet checked,Not yet checked,None identified,Medium,Representative sustained slope 13.6° versus Whitewool 11.9°; relief 57 m versus 56 m; continuous ridge 1019 m versus 1196 m; 21% of the broader face reaches the benchmark threshold.,"POLYGON ((436370.1666666667 162291.788, 436254.128 162275.78266666667, 436138.0893333333 162091.72133333332, 436350.16 162075.716, 436514.21466666664 162047.70666666667, 436582.23733333335 162011.69466666668, 436670.26666666666 161907.66, 436726.2853333333 161923.66533333334, 436790.30666666664 161971.68133333334, 436850.32666666666 161995.68933333334, 436882.33733333333 161995.68933333334, 436938.356 161971.68133333334, 437018.38266666664 161879.65066666665, 437014.3813333333 161863.64533333332, 436946.35866666667 161847.64, 436834.3213333333 161779.61733333333, 436878.336 161671.58133333334, 436938.356 161663.57866666667, 436978.36933333334 161631.568, 436986.372 161523.532, 436954.3613333333 161495.52266666666, 436942.35733333335 161435.50266666667, 436954.3613333333 161383.48533333334, 436982.37066666665 161347.47333333333, 436986.372 161299.45733333332, 437002.3773333333 161283.452, 437110.41333333333 161207.42666666667, 437210.44666666666 161191.42133333333, 437246.45866666664 161171.41466666668, 437286.472 161171.41466666668, 437358.496 161191.42133333333, 437390.50666666665 161235.436, 437546.5586666667 161255.44266666667, 437626.58533333335 161287.45333333334, 437666.59866666666 161319.464, 437706.612 161391.488, 437734.6213333333 161407.49333333335, 437810.64666666667 161311.46133333334, 437826.652 161159.41066666666, 437910.68 161119.39733333333, 437934.688 161079.384, 437918.6826666667 161051.37466666667, 437834.65466666664 160979.35066666667, 437758.62933333335 160951.34133333334, 437742.624 160919.33066666668, 437906.6786666667 160891.32133333333, 437938.68933333334 160855.30933333334, 437966.6986666667 160791.288, 438042.724 160743.272, 438070.73333333334 160747.27333333335, 438126.752 160795.28933333332, 438150.76 160843.30533333332, 438130.75333333336 161039.37066666665, 438106.7453333333 161107.39333333334, 438106.7453333333 161199.424, 438050.7266666667 161311.46133333334, 438030.72 161515.52933333334, 437986.70533333335 161555.54266666668, 437906.6786666667 161663.57866666667, 437858.66266666667 161695.58933333334, 437786.6386666667 161719.59733333334, 437622.584 161719.59733333334, 437518.5493333333 161683.58533333332, 437426.51866666664 161615.56266666666, 437246.45866666664 161575.54933333333, 437238.456 161667.58, 437202.444 161707.59333333332, 437194.4413333333 161743.60533333334, 437254.46133333334 161815.62933333335, 437254.46133333334 161835.636, 437182.4373333333 161907.66, 437178.436 161979.684, 437090.4066666667 162075.716, 437038.38933333335 162111.728, 436958.3626666667 162143.73866666667, 436834.3213333333 162171.748, 436710.28 162179.75066666666, 436658.26266666665 162219.764, 436514.21466666664 162279.784, 436370.1666666667 162291.788))",profiles/unnamed_face_near_su_373_614_profile.png
Coarse-screen discovery,Unnamed face near SU 889 297,Failed terrain threshold,488902.19385724125,129848.5957125824,51.06110287708883,-0.7327631640525268,SU 8890 2984,14.150040039976512,189.18624877929688,S,13.04927921295166,16.67718505859375,25.18789291381836,13.947366714477539,54.37152099609375,178.3842609448242,240.0,1014.5424281283049,1014.5424281283049,727.3766220464895,21.329412501688886,0.4160447120666504,5.983268737792969,0,0,19.376866414493332,109.23205571463811,97.69607098903683,False,85.79521270647493,85.79521270647493,Not yet checked,Terrain-derived only,Terrain-derived only,Not yet checked,Not yet checked,Not yet checked,None identified,Medium,Representative sustained slope 13.0° versus Whitewool 11.9°; relief 54 m versus 56 m; continuous ridge 1015 m versus 1196 m; 19% of the broader face reaches the benchmark threshold.,"POLYGON ((488319.28133333335 130342.71333333333, 488283.26933333336 130310.70266666666, 488235.25333333336 130334.71066666667, 488131.21866666665 130310.70266666666, 488087.204 130314.704, 488023.1826666667 130270.68933333333, 488007.17733333335 130242.68, 488011.1786666667 130202.66666666667, 488107.2106666667 130154.65066666667, 488191.2386666667 130090.62933333333, 488267.264 130078.62533333333, 488299.2746666667 130098.632, 488315.28 130094.63066666666, 488327.284 130014.604, 488359.29466666665 129986.59466666667, 488431.3186666667 129962.58666666667, 488479.3346666667 129918.572, 488527.3506666667 129850.54933333333, 488579.368 129806.53466666667, 488639.388 129710.50266666667, 488663.396 129694.49733333333, 488703.4093333333 129594.464, 488699.408 129518.43866666667, 488663.396 129446.41466666666, 488527.3506666667 129410.40266666666, 488295.2733333333 129474.424, 488203.2426666667 129538.44533333334, 488139.22133333335 129562.45333333334, 488107.2106666667 129558.452, 488059.1946666667 129526.44133333334, 488011.1786666667 129450.416, 488007.17733333335 129418.40533333333, 488019.1813333333 129390.396, 488115.2133333333 129294.364, 488187.23733333335 129282.36, 488207.244 129254.35066666667, 488247.2573333333 129238.34533333333, 488287.2706666667 129238.34533333333, 488335.2866666667 129266.35466666667, 488379.3013333333 129262.35333333333, 488383.3026666667 129234.344, 488439.3213333333 129166.32133333333, 488463.32933333336 129154.31733333334, 488467.3306666667 129134.31066666667, 488579.368 129122.30666666667, 488655.3933333333 129158.31866666667, 488671.39866666665 129278.35866666667, 488727.41733333335 129310.36933333334, 488751.4253333333 129338.37866666667, 488747.424 129406.40133333333, 488731.41866666666 129446.41466666666, 488731.41866666666 129462.42, 488747.424 129462.42, 488751.4253333333 129478.42533333333, 488767.43066666665 129474.424, 488771.432 129486.428, 488783.436 129478.42533333333, 488791.4386666667 129494.43066666667, 488831.452 129482.42666666667, 488851.45866666664 129426.408, 488883.4693333333 129406.40133333333, 488891.472 129374.39066666667, 488927.484 129370.38933333334, 488967.49733333336 129330.376, 489011.512 129326.37466666667, 489051.52533333335 129342.38, 489075.5333333333 129306.368, 489115.5466666667 129302.36666666667, 489163.5626666667 129310.36933333334, 489211.57866666664 129338.37866666667, 489227.584 129354.384, 489231.58533333335 129402.4, 489259.59466666664 129402.4, 489307.61066666665 129434.41066666666, 489319.61466666666 129430.40933333333, 489339.6213333333 129470.42266666667, 489375.63333333336 129466.42133333333, 489427.6506666667 129494.43066666667, 489439.65466666664 129514.43733333334, 489443.656 129626.47466666666, 489427.6506666667 129618.472, 489419.648 129694.49733333333, 489407.644 129662.48666666666, 489399.64133333333 129710.50266666667, 489383.636 129710.50266666667, 489339.6213333333 129798.532, 489271.59866666666 129846.548, 489267.59733333334 129878.55866666666, 489287.604 129914.57066666667, 489279.60133333335 129958.58533333334, 489287.604 129994.59733333334, 489339.6213333333 130058.61866666666, 489359.628 130122.64, 489431.652 130134.644, 489451.65866666666 130150.64933333333, 489455.66 130182.66, 489299.608 130258.68533333333, 489255.5933333333 130294.69733333333, 489211.57866666664 130306.70133333333, 489191.572 130282.69333333333, 489171.56533333333 130190.66266666667, 489107.544 130158.652, 489099.54133333336 130142.64666666667, 489091.53866666666 129986.59466666667, 489107.544 129858.552, 489103.5426666667 129826.54133333333, 489083.536 129814.53733333333, 488991.50533333333 129850.54933333333, 488959.49466666667 129882.56, 488887.4706666667 129918.572, 488831.452 129922.57333333333, 488791.4386666667 129894.564, 488767.43066666665 129930.576, 488731.41866666666 129938.57866666667, 488707.4106666667 129966.588, 488671.39866666665 130046.61466666666, 488531.352 130266.688, 488459.328 130310.70266666666, 488435.32 130310.70266666666, 488431.3186666667 130290.696, 488319.28133333335 130342.71333333333), (488435.32 130286.69466666666, 488439.3213333333 130290.696, 488439.3213333333 130286.69466666666, 488435.32 130286.69466666666))",profiles/unnamed_face_near_su_889_297_profile.png
Coarse-screen discovery,Unnamed face near TQ 082 422,Failed terrain threshold,508367.63628991315,142474.3964968222,51.17125339310936,-0.4513050393777524,TQ 0836 4247,26.377270722503944,163.8203125,SSE,13.478760719299316,21.081327438354492,25.617427825927734,14.990697860717773,56.385841369628906,184.9929237991333,240.0,934.7989541677525,934.7989541677525,991.7795279578131,18.434683646933333,3.2583184242248535,6.319309234619141,0,0,11.624399359316604,112.82713150880241,101.31545081513535,False,85.70712632916003,85.70712632916003,Not yet checked,Terrain-derived only,Terrain-derived only,Not yet checked,Not yet checked,Not yet checked,None identified,Medium,Representative sustained slope 13.5° versus Whitewool 11.9°; relief 56 m versus 56 m; continuous ridge 935 m versus 1196 m; 12% of the broader face reaches the benchmark threshold.,"POLYGON ((508064.43466666667 142605.624, 508120.4533333333 142589.61866666668, 508124.4546666667 142609.62533333333, 508152.464 142609.62533333333, 508196.47866666666 142573.61333333334, 508204.48133333336 142541.60266666667, 508224.488 142549.60533333334, 508240.49333333335 142533.6, 508256.4986666667 142489.58533333332, 508340.5266666667 142505.59066666666, 508348.5293333333 142517.59466666667, 508348.5293333333 142493.58666666667, 508364.53466666664 142489.58533333332, 508404.548 142541.60266666667, 508416.552 142581.616, 508476.572 142629.632, 508532.5906666667 142717.66133333332, 508540.5933333333 142681.64933333333, 508576.6053333333 142973.74666666667, 508580.6066666667 142985.75066666666, 508584.608 142969.74533333333, 508592.61066666665 142973.74666666667, 508612.61733333336 143077.78133333335, 508664.6346666667 143221.82933333333, 508740.66 143361.876, 508804.6813333333 143449.90533333333, 508864.70133333333 143493.92, 508976.7386666667 143437.90133333334, 508964.73466666666 143385.884, 508916.71866666665 143357.87466666667, 508884.708 143285.85066666667, 508844.6946666667 143237.83466666666, 508796.6786666667 143121.796, 508784.67466666666 142997.75466666667, 508792.67733333335 142981.74933333334, 508808.6826666667 142989.752, 508816.6853333333 142973.74666666667, 508844.6946666667 142977.748, 508860.7 142961.74266666666, 508884.708 142873.71333333335, 508864.70133333333 142853.70666666667, 508800.68 142857.708, 508772.67066666664 142841.70266666668, 508768.6693333333 142705.65733333334, 508796.6786666667 142669.64533333332, 508828.68933333334 142661.64266666665, 508840.69333333336 142641.636, 508840.69333333336 142609.62533333333, 508808.6826666667 142581.616, 508764.668 142569.612, 508740.66 142533.6, 508744.66133333335 142493.58666666667, 508728.656 142453.57333333333, 508776.672 142397.55466666666, 508780.67333333334 142365.544, 508768.6693333333 142357.54133333333, 508708.6493333333 142357.54133333333, 508684.64133333333 142373.54666666666, 508624.6213333333 142365.544, 508580.6066666667 142325.53066666666, 508540.5933333333 142321.52933333334, 508512.584 142281.516, 508504.58133333334 142293.52, 508464.568 142277.51466666666, 508432.55733333336 142281.516, 508448.5626666667 142261.50933333332, 508452.564 142185.484, 508492.5773333333 142185.484, 508524.588 142205.49066666668, 508528.5893333333 142249.50533333333, 508540.5933333333 142257.508, 508560.6 142257.508, 508572.604 142237.50133333332, 508604.61466666666 142229.49866666668, 508620.62 142205.49066666668, 508620.62 142129.46533333333, 508632.624 142113.46, 508624.6213333333 142045.43733333334, 508584.608 142013.42666666667, 508576.6053333333 141981.416, 508560.6 141993.42, 508548.596 141957.408, 508500.58 141949.40533333333, 508508.58266666665 141913.39333333334, 508476.572 141917.39466666666, 508460.56666666665 141897.388, 508452.564 141909.392, 508444.5613333333 141893.38666666666, 508352.5306666667 141909.392, 508324.52133333334 141873.38, 508284.508 141881.38266666667, 508284.508 141869.37866666666, 508184.47466666665 141905.39066666667, 508164.468 141977.41466666668, 508152.464 141973.41333333333, 508148.46266666666 141989.41866666666, 508132.4573333333 141985.41733333335, 508124.4546666667 141997.42133333333, 508132.4573333333 142045.43733333334, 508120.4533333333 142057.44133333332, 508120.4533333333 142097.45466666666, 508060.43333333335 142105.45733333332, 508024.42133333336 142169.47866666666, 508024.42133333336 142253.50666666665, 508000.41333333333 142305.524, 507976.40533333336 142325.53066666666, 507940.3933333333 142321.52933333334, 507916.38533333334 142345.53733333334, 507884.37466666667 142349.53866666666, 507864.368 142321.52933333334, 507832.35733333335 142305.524, 507812.3506666667 142253.50666666665, 507840.36 142125.464, 507836.35866666667 142093.45333333334, 507800.3466666667 142065.444, 507736.32533333334 142057.44133333332, 507712.3173333333 142041.436, 507652.29733333335 141953.40666666668, 507636.292 141961.40933333334, 507608.28266666667 141941.40266666666, 507548.26266666665 141949.40533333333, 507548.26266666665 141981.416, 507592.27733333333 142029.432, 507596.27866666665 142117.46133333334, 507520.25333333336 142181.48266666668, 507504.248 142249.50533333333, 507492.244 142237.50133333332, 507500.24666666664 142261.50933333332, 507488.2426666667 142269.512, 507460.23333333334 142225.49733333333, 507464.23466666666 142081.44933333332, 507476.2386666667 142045.43733333334, 507448.2293333333 142013.42666666667, 507452.23066666664 141985.41733333335, 507420.22 141929.39866666668, 507376.20533333335 141881.38266666667, 507360.2 141805.35733333335, 507332.19066666666 141805.35733333335, 507316.1853333333 141789.352, 507204.148 141781.34933333335, 507168.136 141797.35466666668, 507132.124 141789.352, 507080.1066666667 141797.35466666668, 507076.1053333333 141809.35866666667, 507060.1 141801.356, 507008.08266666665 141829.36533333332, 507016.08533333335 141885.384, 507072.104 141981.416, 507100.11333333334 142001.42266666668, 507124.1213333333 142081.44933333332, 507092.11066666665 142073.44666666666, 507064.10133333335 142041.436, 507028.0893333333 142041.436, 506992.0773333333 142005.424, 506936.0586666667 142009.42533333335, 506876.03866666666 142053.44, 506864.03466666664 142121.46266666666, 506888.0426666667 142137.468, 506888.0426666667 142157.47466666668, 506904.048 142169.47866666666, 506912.05066666665 142225.49733333333, 506888.0426666667 142217.49466666667, 506888.0426666667 142349.53866666666, 506868.036 142357.54133333333, 506868.036 142393.55333333334, 506928.056 142669.64533333332, 506988.076 142641.636, 507056.09866666666 142585.61733333333, 507068.1026666667 142525.59733333334, 507140.12666666665 142433.56666666668, 507196.14533333335 142433.56666666668, 507260.1666666667 142405.55733333333, 507288.176 142413.56, 507316.1853333333 142449.572, 507312.184 142473.58, 507340.19333333336 142525.59733333334, 507348.196 142521.596, 507356.1986666667 142545.604, 507368.20266666665 142541.60266666667, 507372.204 142557.608, 507384.208 142549.60533333334, 507392.2106666667 142565.61066666667, 507468.236 142557.608, 507516.252 142577.61466666666, 507552.264 142569.612, 507572.2706666667 142581.616, 507664.3013333333 142557.608, 507672.304 142577.61466666666, 507772.33733333333 142641.636, 507764.3346666667 142721.66266666667, 507776.33866666665 142717.66133333332, 507776.33866666665 142737.668, 507792.344 142737.668, 507796.34533333336 142761.676, 507812.3506666667 142749.672, 507816.352 142773.68, 507836.35866666667 142761.676, 507852.364 142701.656, 507848.3626666667 142693.65333333332, 507832.35733333335 142717.66133333332, 507852.364 142665.644, 507844.3613333333 142657.64133333333, 507828.356 142673.64666666667, 507844.3613333333 142633.63333333333, 507824.35466666665 142653.64, 507816.352 142645.63733333335, 507860.36666666664 142597.62133333334, 507912.384 142569.612, 507956.39866666665 142517.59466666667, 507952.3973333333 142593.62, 507980.4066666667 142637.63466666668, 508020.42 142641.636, 508064.43466666667 142605.624), (507432.224 141961.40933333334, 507428.22266666667 141965.41066666666, 507428.22266666667 141961.40933333334, 507432.224 141961.40933333334), (507268.1693333333 142405.55733333333, 507272.17066666664 142401.556, 507272.17066666664 142405.55733333333, 507268.1693333333 142405.55733333333), (507832.35733333335 142717.66133333332, 507828.356 142721.66266666667, 507828.356 142717.66133333332, 507832.35733333335 142717.66133333332), (507828.356 142673.64666666667, 507824.35466666665 142677.648, 507824.35466666665 142673.64666666667, 507828.356 142673.64666666667), (507816.352 142653.64, 507812.3506666667 142657.64133333333, 507812.3506666667 142653.64, 507816.352 142653.64), (508576.6053333333 142909.72533333334, 508572.604 142913.72666666665, 508572.604 142909.72533333334, 508576.6053333333 142909.72533333334))",profiles/unnamed_face_near_tq_082_422_profile.png
Coarse-screen discovery,Unnamed face near TQ 060 425,Failed terrain threshold,506183.7560339504,142516.2323937035,51.172038659731705,-0.48251874730430655,TQ 0618 4251,25.04977721438464,203.558349609375,SSW,12.604293823242188,16.075748443603516,23.25577163696289,12.988192558288574,52.40582275390625,171.93511952392578,240.0,1312.201026362949,1312.201026362949,481.6564884627587,19.63068057973333,0.10999298095703125,5.7190632820129395,0,0,11.26735924211433,105.50720102437276,94.16405659080853,False,82.8124611398576,82.8124611398576,Not yet checked,Terrain-derived only,Terrain-derived only,Not yet checked,Not yet checked,Not yet checked,None identified,Medium,Representative sustained slope 12.6° versus Whitewool 11.9°; relief 52 m versus 56 m; continuous ridge 1312 m versus 1196 m; 11% of the broader face reaches the benchmark threshold.,"POLYGON ((505929.456 142408.448, 505873.4373333333 142448.46133333334, 505833.424 142440.45866666667, 505809.416 142416.45066666667, 505721.38666666666 142432.456, 505689.376 142468.468, 505685.37466666667 142552.496, 505645.3613333333 142552.496, 505633.35733333335 142576.504, 505605.348 142560.49866666668, 505605.348 142464.46666666667, 505593.344 142448.46133333334, 505501.31333333335 142412.44933333332, 505469.3026666667 142420.452, 505437.292 142500.47866666666, 505397.27866666665 142464.46666666667, 505361.26666666666 142460.46533333333, 505181.20666666667 142540.492, 505173.204 142576.504, 505185.208 142584.50666666665, 505237.2253333333 142604.51333333334, 505313.25066666666 142604.51333333334, 505369.26933333336 142620.51866666667, 505413.284 142672.536, 505461.3 142692.54266666668, 505517.3186666667 142736.55733333333, 505529.32266666665 142780.572, 505497.312 142808.58133333334, 505401.28 142804.58, 505357.26533333334 142832.58933333334, 505321.25333333336 142828.588, 505265.23466666666 142792.576, 505221.22 142780.572, 505133.19066666666 142784.57333333333, 505097.1786666667 142812.58266666665, 505093.17733333335 142884.60666666666, 505093.17733333335 142896.61066666667, 505121.18666666665 142904.61333333334, 505129.18933333334 142932.62266666666, 505105.1813333333 142932.62266666666, 505085.17466666666 142912.616, 505089.176 142896.61066666667, 505065.168 142900.612, 505005.148 142824.58666666667, 504953.13066666666 142824.58666666667, 504921.12 142860.59866666666, 504925.1213333333 142904.61333333334, 504889.1093333333 142996.644, 504837.092 143004.64666666667, 504789.076 142972.636, 504737.0586666667 142996.644, 504745.0613333333 143048.66133333332, 504809.08266666665 143192.70933333333, 504821.08666666667 143196.71066666668, 504845.09466666664 143176.704, 504885.108 143184.70666666667, 504949.12933333335 143176.704, 505017.152 143144.69333333333, 505033.15733333334 143124.68666666668, 505257.232 143112.68266666666, 505289.2426666667 143096.67733333333, 505305.248 143052.66266666667, 505437.292 143052.66266666667, 505485.308 143040.65866666666, 505533.324 143000.64533333332, 505617.352 142968.63466666668, 505669.36933333334 142912.616, 505665.368 142848.59466666667, 505641.36 142816.584, 505789.4093333333 142820.58533333332, 505861.43333333335 142780.572, 505897.44533333334 142744.56, 505917.452 142688.54133333333, 505969.4693333333 142668.53466666667, 506017.4853333333 142716.55066666668, 506137.52533333335 142696.544, 506145.528 142732.556, 506205.548 142768.568, 506305.58133333334 142776.57066666667, 506381.6066666667 142760.56533333333, 506429.6226666667 142740.55866666668, 506501.64666666667 142628.52133333334, 506557.6653333333 142588.508, 506593.67733333335 142528.488, 506633.69066666666 142520.48533333334, 506657.6986666667 142604.51333333334, 506689.70933333336 142616.51733333332, 506693.7106666667 142632.52266666666, 506705.7146666667 142624.52, 506745.728 142712.54933333333, 506777.7386666667 142728.55466666666, 506821.75333333336 142728.55466666666, 506889.776 142704.54666666666, 507049.82933333336 142592.50933333332, 507065.8346666667 142528.488, 507137.85866666667 142436.45733333332, 507201.88 142432.456, 507261.9 142404.44666666666, 507285.908 142408.448, 507289.9093333333 142428.45466666666, 507317.91866666666 142452.46266666666, 507309.916 142468.468, 507357.932 142548.49466666667, 507369.936 142544.49333333335, 507373.9373333333 142560.49866666668, 507385.9413333333 142552.496, 507393.944 142568.50133333332, 507461.9666666667 142556.49733333333, 507445.96133333334 142344.42666666667, 507397.94533333334 142140.35866666667, 507337.9253333333 141984.30666666667, 507221.88666666666 141780.23866666667, 507169.86933333334 141792.24266666666, 507109.8493333333 141788.24133333334, 507009.816 141824.25333333333, 507017.8186666667 141888.27466666666, 507073.83733333333 141984.30666666667, 507097.84533333336 141996.31066666666, 507125.85466666665 142080.33866666668, 507097.84533333336 142076.33733333333, 507069.836 142044.32666666666, 507033.824 142044.32666666666, 506997.812 142008.31466666667, 506929.7893333333 142012.316, 506877.772 142048.328, 506861.76666666666 142120.352, 506893.77733333333 142168.368, 506893.77733333333 142200.37866666666, 506865.768 142216.384, 506885.7746666667 142320.41866666666, 506857.76533333334 142368.43466666667, 506853.764 142424.45333333334, 506793.744 142528.488, 506805.748 142452.46266666666, 506781.74 142280.40533333333, 506749.7293333333 142220.38533333334, 506713.71733333333 142084.34, 506689.70933333336 142068.33466666666, 506677.70533333335 142080.33866666668, 506653.6973333333 142040.32533333334, 506665.70133333333 141960.29866666667, 506701.7133333333 141888.27466666666, 506701.7133333333 141832.256, 506681.70666666667 141816.25066666666, 506557.6653333333 141860.26533333334, 506549.66266666667 141936.29066666667, 506565.668 142012.316, 506525.65466666664 142024.32, 506461.63333333336 142072.336, 506465.6346666667 142112.34933333335, 506497.64533333335 142156.364, 506489.64266666665 142176.37066666665, 506397.612 142104.34666666668, 506361.6 142104.34666666668, 506329.5893333333 142144.36, 506301.58 142148.36133333333, 506277.572 142172.36933333334, 506277.572 142200.37866666666, 506345.59466666664 142296.41066666666, 506361.6 142348.428, 506337.592 142404.44666666666, 506325.588 142404.44666666666, 506325.588 142420.452, 506297.57866666664 142440.45866666667, 506297.57866666664 142516.484, 506277.572 142524.48666666666, 506265.568 142512.48266666668, 506233.55733333336 142448.46133333334, 506193.544 142416.45066666667, 506177.53866666666 142384.44, 506157.532 142392.44266666667, 506089.50933333335 142332.42266666668, 506057.4986666667 142360.432, 506057.4986666667 142428.45466666666, 506033.49066666665 142432.456, 506029.48933333333 142412.44933333332, 506001.48 142400.44533333334, 505985.47466666665 142360.432, 505953.464 142384.44, 505941.46 142424.45333333334, 505929.456 142408.448), (507269.90266666666 142404.44666666666, 507273.904 142400.44533333334, 507273.904 142404.44666666666, 507269.90266666666 142404.44666666666), (506753.73066666664 142576.504, 506757.732 142584.50666666665, 506753.73066666664 142584.50666666665, 506753.73066666664 142576.504), (506765.73466666666 142572.50266666667, 506777.7386666667 142556.49733333333, 506773.73733333335 142572.50266666667, 506765.73466666666 142572.50266666667), (506777.7386666667 142540.492, 506781.74 142552.496, 506777.7386666667 142552.496, 506777.7386666667 142540.492))",profiles/unnamed_face_near_tq_060_425_profile.png
Coarse-screen discovery,Unnamed face near TQ 028 482,Failed terrain threshold,502800.740887197,148256.2012327983,51.22425251883909,-0.5292503797514538,TQ 0280 4825,24.00354712514665,183.16720581054688,S,13.64227294921875,14.760820388793945,24.3052921295166,15.755834579467773,59.268524169921875,194.45054483764648,240.0,859.3988919523545,859.3988919523545,374.8399210276548,16.2972594096,-2.648538589477539,5.953014373779297,0,0,19.535967527749243,114.19584902316574,106.4951253641797,False,82.74058830945751,82.74058830945751,Not yet checked,Terrain-derived only,Terrain-derived only,Not yet checked,Not yet checked,Not yet checked,None identified,Medium,Representative sustained slope 13.6° versus Whitewool 11.9°; relief 59 m versus 56 m; continuous ridge 859 m versus 1196 m; 20% of the broader face reaches the benchmark threshold.,"POLYGON ((502942.52533333335 147982.42533333335, 502942.52533333335 147946.41333333333, 502898.51066666667 147914.40266666666, 502898.51066666667 147826.37333333332, 502886.50666666665 147806.36666666667, 502866.5 147790.36133333333, 502786.4733333333 147802.36533333332, 502774.4693333333 147810.368, 502782.472 147850.38133333332, 502806.48 147854.38266666667, 502854.496 147930.408, 502790.47466666665 147962.41866666666, 502730.4546666667 147970.42133333333, 502618.41733333335 148078.45733333332, 502574.40266666666 148094.46266666666, 502574.40266666666 148130.47466666668, 502550.3946666667 148158.484, 502518.384 148158.484, 502474.36933333334 148130.47466666668, 502430.35466666665 148066.45333333334, 502386.34 148090.46133333334, 502346.32666666666 148166.48666666666, 502318.3173333333 148142.47866666666, 502310.3146666667 148118.47066666666, 502318.3173333333 148074.456, 502306.31333333335 148062.452, 502222.2853333333 148102.46533333333, 502150.2613333333 148102.46533333333, 502134.256 148150.48133333333, 502130.2546666667 148270.52133333334, 502086.24 148306.53333333333, 502078.23733333335 148346.54666666666, 502098.244 148374.556, 502170.268 148394.56266666666, 502190.2746666667 148394.56266666666, 502190.2746666667 148382.55866666668, 502206.28 148390.56133333335, 502206.28 148378.55733333333, 502218.284 148386.56, 502222.2853333333 148366.55333333334, 502234.2893333333 148374.556, 502246.29333333333 148330.54133333333, 502274.3026666667 148354.54933333333, 502322.3186666667 148370.55466666666, 502442.35866666667 148354.54933333333, 502522.38533333334 148402.56533333333, 502650.428 148390.56133333335, 502670.43466666667 148390.56133333335, 502670.43466666667 148402.56533333333, 502730.4546666667 148402.56533333333, 502806.48 148362.552, 502978.53733333334 148414.56933333335, 503034.556 148418.57066666667, 503082.572 148402.56533333333, 503198.61066666665 148438.57733333332, 503334.656 148438.57733333332, 503418.684 148474.58933333334, 503558.73066666664 148498.59733333334, 503630.7546666667 148490.59466666667, 503686.7733333333 148462.58533333332, 503706.78 148442.57866666667, 503702.77866666665 148410.568, 503714.78266666667 148410.568, 503714.78266666667 148378.55733333333, 503726.7866666667 148386.56, 503726.7866666667 148366.55333333334, 503790.808 148370.55466666666, 503878.83733333333 148346.54666666666, 504010.8813333333 148342.54533333334, 504110.91466666665 148266.52, 504186.94 148270.52133333334, 504194.94266666664 148250.51466666666, 504266.9666666667 148222.50533333333, 504262.96533333336 148114.46933333334, 504210.948 148126.47333333333, 504118.91733333335 148114.46933333334, 504010.8813333333 148162.48533333334, 503866.8333333333 148158.484, 503790.808 148178.49066666668, 503722.7853333333 148170.488, 503598.744 148218.504, 503582.7386666667 148258.51733333332, 503566.73333333334 148258.51733333332, 503510.7146666667 148242.512, 503534.72266666667 148210.50133333332, 503538.724 148182.492, 503502.712 148146.48, 503438.69066666666 148014.436, 503370.668 147978.424, 503210.61466666666 147954.416, 503150.59466666664 147902.39866666668, 503110.58133333334 147926.40666666668, 503090.5746666667 147922.40533333333, 503078.57066666667 148010.43466666667, 503146.5933333333 148102.46533333333, 503134.5893333333 148134.476, 503098.5773333333 148162.48533333334, 503074.56933333335 148162.48533333334, 503038.55733333336 148118.47066666666, 502978.53733333334 148126.47333333333, 502962.532 148094.46266666666, 502978.53733333334 148006.43333333332, 502942.52533333335 147982.42533333335), (503226.62 148370.55466666666, 503234.6226666667 148366.55333333334, 503234.6226666667 148370.55466666666, 503226.62 148370.55466666666), (503410.6813333333 148302.532, 503318.6506666667 148314.536, 503306.64666666667 148346.54666666666, 503242.62533333333 148342.54533333334, 503246.62666666665 148362.552, 503186.6066666667 148338.544, 503246.62666666665 148198.49733333333, 503286.64 148162.48533333334, 503390.67466666666 148190.49466666667, 503418.684 148222.50533333333, 503462.6986666667 148246.51333333334, 503390.67466666666 148242.512, 503430.688 148278.524, 503410.6813333333 148278.524, 503410.6813333333 148302.532), (503402.6786666667 148306.53333333333, 503406.68 148310.53466666667, 503402.6786666667 148310.53466666667, 503402.6786666667 148306.53333333333), (502786.4733333333 147838.37733333334, 502794.476 147834.376, 502794.476 147838.37733333334, 502786.4733333333 147838.37733333334), (502874.50266666664 147814.36933333334, 502882.50533333333 147810.368, 502882.50533333333 147814.36933333334, 502874.50266666664 147814.36933333334))",profiles/unnamed_face_near_tq_028_482_profile.png
Coarse-screen discovery,Unnamed face near SU 884 135,Failed terrain threshold,488543.5973208732,113623.68412763641,50.91529498702342,-0.7418281230977184,SU 8854 1362,18.867975953210646,169.127197265625,S,13.188923835754395,12.282132148742676,19.47507095336914,13.963956832885742,59.4954833984375,195.1951617529297,240.0,951.7560264985659,951.7560264985659,556.6825358269562,19.230413868622218,-3.7689895629882812,3.9136321544647217,0,0,28.938035979108903,110.40098381934892,106.90293122457254,False,82.12050975485155,82.12050975485155,Not yet checked,Terrain-derived only,Terrain-derived only,Not yet checked,Not yet checked,Not yet checked,None identified,Medium,Representative sustained slope 13.2° versus Whitewool 11.9°; relief 59 m versus 56 m; continuous ridge 952 m versus 1196 m; 29% of the broader face reaches the benchmark threshold.,"POLYGON ((489156.73333333334 114659.884, 489092.712 114651.88133333334, 488940.66133333335 114567.85333333333, 488836.62666666665 114479.824, 488800.61466666666 114431.808, 488740.59466666664 114291.76133333333, 488744.596 114223.73866666667, 488772.6053333333 114131.708, 488760.60133333335 114067.68666666666, 488708.584 113975.656, 488512.51866666664 113703.56533333333, 488444.496 113683.55866666666, 488340.46133333334 113687.56, 488176.4066666667 113639.544, 487888.31066666666 113647.54666666666, 487824.2893333333 113671.55466666666, 487792.27866666665 113767.58666666667, 487772.272 113771.588, 487752.26533333334 113743.57866666667, 487740.2613333333 113687.56, 487740.2613333333 113607.53333333334, 487752.26533333334 113547.51333333334, 487792.27866666665 113511.50133333333, 487796.28 113491.49466666667, 487956.3333333333 113431.47466666666, 488448.49733333336 113375.456, 488556.5333333333 113343.44533333334, 488656.56666666665 113339.444, 488732.592 113359.45066666667, 488752.59866666666 113379.45733333334, 488752.59866666666 113411.468, 488792.612 113479.49066666666, 488808.61733333336 113595.52933333334, 488940.66133333335 113807.6, 488964.6693333333 113903.632, 488952.6653333333 113991.66133333334, 488912.652 114051.68133333333, 488884.64266666665 114139.71066666667, 488888.644 114271.75466666666, 488924.656 114355.78266666667, 488968.67066666664 114415.80266666667, 489060.70133333333 114475.82266666666, 489156.73333333334 114563.852, 489140.728 114571.85466666667, 489176.74 114595.86266666667, 489156.73333333334 114599.864, 489176.74 114611.868, 489168.73733333335 114619.87066666667, 489176.74 114627.87333333334, 489164.736 114631.87466666667, 489172.7386666667 114639.87733333334, 489160.73466666666 114639.87733333334, 489156.73333333334 114659.884))",profiles/unnamed_face_near_su_884_135_profile.png
Coarse-screen discovery,Unnamed face near SU 394 600,Failed terrain threshold,439689.6274064961,159818.57953875334,51.33607967374705,-1.4316506265837934,SU 3968 5981,22.911577842179174,205.61094665527344,SSW,13.74985408782959,13.265442848205566,24.99151039123535,14.753795623779297,59.91429138183594,196.56920373718262,240.0,995.8450535188313,995.8450535188313,624.8987931511365,19.601861376533336,-3.768980026245117,5.899601936340332,0,0,27.30277655354782,115.09638220471649,107.65545559261088,False,80.46024244305526,80.46024244305526,Not yet checked,Terrain-derived only,Terrain-derived only,Not yet checked,Not yet checked,Not yet checked,None identified,Medium,Representative sustained slope 13.7° versus Whitewool 11.9°; relief 60 m versus 56 m; continuous ridge 996 m versus 1196 m; 27% of the broader face reaches the benchmark threshold.,"POLYGON ((439443.488 160245.55333333334, 439247.4226666667 160233.54933333333, 439215.412 160217.544, 439187.40266666666 160197.53733333334, 439147.38933333335 160121.512, 439263.428 160037.484, 439395.472 160013.476, 439443.488 159985.46666666667, 439491.504 159933.44933333332, 439491.504 159909.44133333332, 439511.51066666667 159881.432, 439515.512 159793.40266666666, 439511.51066666667 159749.388, 439467.496 159689.368, 439483.5013333333 159613.34266666666, 439599.54 159529.31466666667, 439663.5613333333 159465.29333333333, 439719.58 159437.284, 439795.6053333333 159441.28533333333, 439859.62666666665 159529.31466666667, 439875.632 159533.316, 439871.63066666666 159521.312, 439883.6346666667 159517.31066666666, 439883.6346666667 159357.25733333334, 439867.62933333335 159265.22666666665, 439879.63333333336 159229.21466666667, 439851.624 159221.212, 439759.5933333333 159057.15733333334, 439763.59466666664 158985.13333333333, 439791.604 158961.12533333333, 439899.64 158921.112, 439951.65733333334 158881.09866666666, 439991.67066666664 158877.09733333334, 440051.69066666666 158809.07466666665, 440171.73066666664 158865.09333333332, 440183.73466666666 158873.096, 440171.73066666664 158909.108, 440063.6946666667 159089.168, 440003.67466666666 159133.18266666666, 439935.652 159149.188, 439923.648 159185.2, 440019.68 159333.24933333334, 440059.69333333336 159245.22, 440123.7146666667 159221.212, 440127.716 159257.224, 440163.728 159309.24133333334, 440195.7386666667 159429.28133333335, 440203.7413333333 159425.28, 440235.752 159493.30266666666, 440247.756 159493.30266666666, 440251.7573333333 159517.31066666666, 440355.792 159633.34933333335, 440375.79866666667 159677.364, 440371.79733333335 159721.37866666666, 440343.788 159745.38666666666, 440267.76266666665 159769.39466666666, 440179.73333333334 159769.39466666666, 440111.7106666667 159729.38133333332, 440079.7 159685.36666666667, 440031.684 159769.39466666666, 439983.668 159813.40933333334, 439923.648 159845.42, 439827.616 159857.424, 439759.5933333333 159829.41466666668, 439747.5893333333 160013.476, 439731.584 160081.49866666668, 439695.572 160141.51866666667, 439655.5586666667 160181.532, 439587.536 160217.544, 439443.488 160245.55333333334))",profiles/unnamed_face_near_su_394_600_profile.png
Coarse-screen discovery,Unnamed face near SU 936 148,Failed terrain threshold,493591.9733338568,114784.9036278221,50.92493864843143,-0.6697368864124097,SU 9359 1478,20.80565840154554,180.62232971191406,S,14.264267921447754,9.849737167358398,27.27532386779785,13.850940704345703,61.98310852050781,203.35666175842286,240.0,732.507744334056,732.507744334056,565.7165573878447,12.973444640533334,-5.172684669494629,7.110928058624268,0,0,10.196258362441537,119.40240398700695,111.37275653141567,False,78.88557323204046,78.88557323204046,Not yet checked,Terrain-derived only,Terrain-derived only,Not yet checked,Not yet checked,Not yet checked,None identified,Medium,Representative sustained slope 14.3° versus Whitewool 11.9°; relief 62 m versus 56 m; continuous ridge 733 m versus 1196 m; 10% of the broader face reaches the benchmark threshold.,"POLYGON ((493642.49333333335 114706.46533333333, 493486.4413333333 114566.41866666666, 493450.42933333333 114490.39333333334, 493362.4 114374.35466666667, 493330.38933333335 114374.35466666667, 493254.364 114422.37066666667, 493230.356 114494.39466666666, 493230.356 114578.42266666667, 493250.3626666667 114646.44533333334, 493294.3773333333 114722.47066666666, 493498.44533333334 114914.53466666667, 493658.4986666667 115006.56533333333, 493810.5493333333 115050.58, 493918.58533333335 115054.58133333334, 493986.608 115038.576, 494042.62666666665 114998.56266666666, 494058.632 114934.54133333333, 494054.63066666666 114826.50533333333, 493998.612 114698.46266666667, 493994.61066666665 114678.456, 493998.612 114654.448, 494054.63066666666 114774.488, 494114.6506666667 114830.50666666667, 494206.6813333333 114862.51733333334, 494262.7 114962.55066666666, 494342.7266666667 115010.56666666667, 494342.7266666667 115046.57866666667, 494302.7133333333 115078.58933333334, 494246.6946666667 115098.596, 494194.67733333335 115158.616, 494194.67733333335 115202.63066666666, 494234.69066666666 115230.64, 494330.72266666667 115258.64933333333, 494486.7746666667 115258.64933333333, 494602.81333333335 115226.63866666667, 494686.84133333334 115178.62266666666, 494754.864 115230.64, 494834.8906666667 115250.64666666667, 494906.91466666665 115226.63866666667, 494986.9413333333 115138.60933333333, 494978.9386666667 115126.60533333334, 494986.9413333333 115098.596, 494966.93466666667 115090.59333333334, 494966.93466666667 115070.58666666667, 494946.928 115062.584, 494946.928 115046.57866666667, 494906.91466666665 115034.57466666667, 494882.9066666667 115002.564, 494886.908 114946.54533333333, 494906.91466666665 114926.53866666666, 494918.91866666666 114886.52533333334, 494942.9266666667 114874.52133333334, 494946.928 114798.496, 494918.91866666666 114770.48666666666, 494922.92 114714.468, 494906.91466666665 114726.472, 494914.91733333335 114702.464, 494894.9106666667 114670.45333333334, 494874.904 114662.45066666667, 494814.884 114666.452, 494786.87466666667 114698.46266666667, 494746.8613333333 114782.49066666666, 494750.8626666667 114798.496, 494670.836 114910.53333333334, 494626.8213333333 114946.54533333333, 494618.8186666667 114970.55333333333, 494482.7733333333 115018.56933333333, 494546.79466666665 114886.52533333334, 494606.8146666667 114606.432, 494686.84133333334 114486.392, 494694.844 114414.368, 494654.8306666667 114354.348, 494614.8173333333 114334.34133333333, 494586.808 114302.33066666666, 494546.79466666665 114282.324, 494478.772 114274.32133333333, 494434.7573333333 114286.32533333333, 494398.7453333333 114314.33466666666, 494306.7146666667 114446.37866666667, 494258.6986666667 114494.39466666666, 494230.68933333334 114510.4, 494214.684 114506.39866666666, 494202.68 114486.392, 494202.68 114430.37333333334, 494218.6853333333 114326.33866666666, 494326.72133333335 114154.28133333333, 494302.7133333333 114102.264, 494210.6826666667 114034.24133333334, 494194.67733333335 114006.232, 494146.66133333335 113982.224, 494050.62933333335 113974.22133333333, 493974.604 114014.23466666667, 493930.5893333333 114066.252, 493910.58266666665 114130.27333333333, 493794.544 114322.33733333333, 493670.50266666664 114434.37466666667, 493638.492 114478.38933333334, 493646.49466666667 114542.41066666666, 493698.512 114582.424, 493726.52133333334 114630.44, 493758.532 114638.44266666667, 493802.5466666667 114674.45466666667, 493742.5266666667 114678.456, 493786.54133333336 114782.49066666666, 493762.5333333333 114786.492, 493722.52 114770.48666666666, 493674.504 114730.47333333333, 493658.4986666667 114730.47333333333, 493642.49333333335 114706.46533333333), (493642.49333333335 114710.46666666666, 493638.492 114714.468, 493638.492 114710.46666666666, 493642.49333333335 114710.46666666666), (494906.91466666665 114734.47466666666, 494910.916 114730.47333333333, 494910.916 114734.47466666666, 494906.91466666665 114734.47466666666))",profiles/unnamed_face_near_su_936_148_profile.png
Coarse-screen discovery,Unnamed face near SU 923 305,Failed terrain threshold,492418.19821896753,130676.38547787318,51.06799000316709,-0.6823933127042419,SU 9241 3067,16.20559989068621,139.4615478515625,SE,13.84328556060791,17.950965881347656,26.228317260742188,14.729717254638672,59.17039489746094,194.12859839538575,240.0,792.5855244707782,792.5855244707782,330.3293132687104,14.131015969066665,0.973289966583252,6.40654182434082,0,0,30.226859870727896,115.87847228597498,106.31880430137302,False,77.56606755257813,77.56606755257813,Not yet checked,Terrain-derived only,Terrain-derived only,Not yet checked,Not yet checked,Not yet checked,None identified,Medium,Representative sustained slope 13.8° versus Whitewool 11.9°; relief 59 m versus 56 m; continuous ridge 793 m versus 1196 m; 30% of the broader face reaches the benchmark threshold.,"POLYGON ((492734.628 130607.51333333334, 492758.636 130479.47066666666, 492726.62533333333 130475.46933333333, 492702.61733333336 130479.47066666666, 492686.612 130519.484, 492682.61066666665 130503.47866666666, 492642.59733333334 130495.476, 492566.572 130499.47733333333, 492550.56666666665 130511.48133333333, 492502.55066666665 130503.47866666666, 492470.54 130475.46933333333, 492466.53866666666 130443.45866666667, 492422.524 130371.43466666667, 492306.4853333333 130371.43466666667, 492290.48 130395.44266666667, 492230.46 130403.44533333334, 492194.448 130427.45333333334, 492134.428 130411.448, 492094.41466666665 130423.452, 492098.416 130391.44133333334, 492054.40133333334 130379.43733333334, 492042.3973333333 130387.44, 492038.396 130419.45066666667, 492006.38533333334 130451.46133333334, 491990.38 130539.49066666666, 491998.38266666664 130559.49733333333, 492070.4066666667 130623.51866666667, 492146.432 130631.52133333334, 492178.44266666664 130663.532, 492258.4693333333 130687.54, 492346.4986666667 130807.58, 492414.52133333334 130871.60133333334, 492482.544 130879.604, 492530.56 130947.62666666666, 492566.572 131059.664, 492590.58 131095.676, 492654.60133333335 131079.67066666667, 492694.61466666666 131139.69066666666, 492750.63333333336 131171.70133333333, 492830.66 131195.70933333333, 492858.6693333333 131191.708, 492882.67733333335 131163.69866666666, 492926.692 131163.69866666666, 492974.708 131203.712, 493046.732 131215.716, 493066.7386666667 131195.70933333333, 493066.7386666667 131171.70133333333, 493022.724 131107.68, 492930.69333333336 131071.668, 492874.67466666666 131063.66533333334, 492810.6533333333 131027.65333333334, 492766.6386666667 130967.63333333333, 492786.64533333335 130887.60666666667, 492886.6786666667 130871.60133333334, 492914.688 130807.58, 492974.708 130779.57066666667, 492982.7106666667 130755.56266666666, 492946.6986666667 130735.556, 492938.696 130751.56133333333, 492894.6813333333 130735.556, 492886.6786666667 130727.55333333333, 492894.6813333333 130711.548, 492814.65466666664 130635.52266666667, 492758.636 130627.52, 492734.628 130607.51333333334), (492854.668 130763.56533333333, 492810.6533333333 130735.556, 492818.656 130699.544, 492830.66 130727.55333333333, 492870.67333333334 130731.55466666666, 492854.668 130763.56533333333), (492282.47733333334 130683.53866666666, 492290.48 130687.54, 492282.47733333334 130687.54, 492282.47733333334 130683.53866666666), (492282.47733333334 130683.53866666666, 492278.476 130679.53733333333, 492282.47733333334 130679.53733333333, 492282.47733333334 130683.53866666666), (492278.476 130679.53733333333, 492270.4733333333 130675.536, 492278.476 130675.536, 492278.476 130679.53733333333), (492270.4733333333 130671.53466666667, 492254.468 130671.53466666667, 492246.46533333336 130659.53066666667, 492270.4733333333 130671.53466666667), (492246.46533333336 130659.53066666667, 492242.464 130655.52933333334, 492246.46533333336 130655.52933333334, 492246.46533333336 130659.53066666667), (492242.464 130655.52933333334, 492238.46266666666 130651.528, 492242.464 130651.528, 492242.464 130655.52933333334))",profiles/unnamed_face_near_su_923_305_profile.png
Coarse-screen discovery,Unnamed face near SU 381 601,Failed terrain threshold,437986.0217313863,160088.05094261767,51.33861861132785,-1.45607562671708,SU 3798 6008,23.807211529622013,190.44439697265625,S,12.581579208374023,9.889388084411621,25.514270782470703,14.578736305236816,55.16206359863281,180.97790473693848,240.0,957.6273169256747,957.6273169256747,647.596717866254,16.84962747093333,-3.9480531215667725,5.69696044921875,0,0,14.611882238528866,105.3170630070673,99.11653715960915,False,76.76913382910146,76.76913382910146,Not yet checked,Terrain-derived only,Terrain-derived only,Not yet checked,Not yet checked,Not yet checked,None identified,Medium,Representative sustained slope 12.6° versus Whitewool 11.9°; relief 55 m versus 56 m; continuous ridge 958 m versus 1196 m; 15% of the broader face reaches the benchmark threshold.,"POLYGON ((438173.52133333334 159549.29066666667, 438181.524 159633.31866666666, 438205.532 159697.34, 438141.51066666667 159629.31733333334, 438109.5 159641.32133333333, 438049.48 159593.30533333332, 437993.46133333334 159597.30666666667, 437977.456 159637.32, 438017.4693333333 159793.372, 438097.496 159881.40133333334, 438137.50933333335 159897.40666666668, 438121.504 159925.416, 438133.508 159993.43866666665, 438125.50533333333 160033.452, 438097.496 160029.45066666667, 437901.43066666665 159873.39866666668, 437857.416 159817.38, 437813.40133333334 159681.33466666666, 437773.388 159637.32, 437709.36666666664 159617.31333333332, 437645.34533333336 159621.31466666667, 437621.33733333333 159649.324, 437501.29733333335 159653.32533333334, 437473.288 159681.33466666666, 437461.284 159749.35733333335, 437405.26533333334 159709.344, 437329.24 159681.33466666666, 437209.2 159673.332, 437173.188 159685.336, 437153.1813333333 159709.344, 437177.18933333334 159761.36133333333, 437161.184 159761.36133333333, 437161.184 159821.38133333332, 437209.2 159985.436, 437241.2106666667 160045.456, 437285.2253333333 160049.45733333332, 437309.23333333334 159985.436, 437313.23466666666 159905.40933333334, 437325.2386666667 159893.40533333333, 437429.2733333333 159957.42666666667, 437561.3173333333 159985.436, 437669.35333333333 160053.45866666667, 437709.36666666664 160053.45866666667, 437885.4253333333 160213.512, 438061.484 160337.55333333334, 438153.5146666667 160361.56133333335, 438253.548 160345.556, 438333.5746666667 160281.53466666667, 438369.58666666667 160157.49333333335, 438369.58666666667 160065.46266666666, 438353.58133333334 159977.43333333332, 438277.556 159809.37733333334, 438345.57866666664 159889.404, 438405.59866666666 159921.41466666668, 438461.61733333336 159921.41466666668, 438525.6386666667 159893.40533333333, 438565.652 159853.392, 438577.656 159813.37866666666, 438561.6506666667 159693.33866666668, 438597.66266666667 159589.304, 438597.66266666667 159421.248, 438557.6493333333 159209.17733333333, 438493.628 159113.14533333332, 438433.608 159121.148, 438413.60133333335 159197.17333333334, 438389.5933333333 159217.18, 438341.5773333333 159221.18133333334, 438321.57066666667 159237.18666666668, 438337.576 159285.20266666668, 438321.57066666667 159517.28, 438361.584 159593.30533333332, 438377.5893333333 159593.30533333332, 438425.6053333333 159637.32, 438441.61066666665 159665.32933333333, 438433.608 159701.34133333334, 438409.6 159709.344, 438385.592 159689.33733333333, 438329.5733333333 159581.30133333334, 438289.56 159541.288, 438257.5493333333 159429.25066666666, 438261.55066666665 159397.24, 438237.5426666667 159353.22533333334, 438185.52533333335 159305.20933333333, 438177.52266666666 159309.21066666668, 438189.5266666667 159325.216, 438149.5133333333 159301.208, 438169.52 159321.21466666667, 438161.5173333333 159325.216, 438129.50666666665 159301.208, 438145.512 159317.21333333335, 438133.508 159317.21333333335, 438141.51066666667 159337.22, 438125.50533333333 159325.216, 438113.5013333333 159361.228, 438141.51066666667 159413.24533333333, 438149.5133333333 159405.24266666666, 438161.5173333333 159429.25066666666, 438181.524 159513.27866666668, 438173.52133333334 159549.29066666667), (438277.556 159809.37733333334, 438273.55466666666 159805.376, 438277.556 159805.376, 438277.556 159809.37733333334), (438189.5266666667 159325.216, 438193.528 159329.21733333333, 438189.5266666667 159329.21733333333, 438189.5266666667 159325.216), (438193.528 159329.21733333333, 438197.5293333333 159333.21866666665, 438193.528 159333.21866666665, 438193.528 159329.21733333333), (438145.512 159321.21466666667, 438149.5133333333 159325.216, 438145.512 159325.216, 438145.512 159321.21466666667), (438149.5133333333 159325.216, 438153.5146666667 159329.21733333333, 438149.5133333333 159329.21733333333, 438149.5133333333 159325.216), (438181.524 159537.28666666668, 438185.52533333335 159553.292, 438181.524 159553.292, 438181.524 159537.28666666668), (438273.55466666666 159801.37466666667, 438269.55333333334 159797.37333333332, 438273.55466666666 159797.37333333332, 438273.55466666666 159801.37466666667), (438261.55066666665 159489.27066666668, 438257.5493333333 159481.268, 438261.55066666665 159481.268, 438261.55066666665 159489.27066666668), (438257.5493333333 159477.26666666666, 438253.548 159469.264, 438257.5493333333 159469.264, 438257.5493333333 159477.26666666666), (438145.512 159401.24133333334, 438141.51066666667 159397.24, 438145.512 159397.24, 438145.512 159401.24133333334))",profiles/unnamed_face_near_su_381_601_profile.png
Coarse-screen discovery,Pidham Hill,Failed terrain threshold,469200.8967832829,122798.24839498068,51.00042312682658,-1.0151891756269185,SU 6920 2279,7.538389911335574,194.8495635986328,SSW,12.547760963439941,10.641212463378906,17.020061492919922,13.28119945526123,55.3104248046875,181.46465411621094,240.0,944.4452764280722,944.4452764280722,398.51081164824427,15.24215635911111,-3.8624300956726074,3.227750301361084,0,0,27.799040957283005,105.03397944708459,99.38311618210476,False,76.59103368255847,76.59103368255847,Not yet checked,Terrain-derived only,Terrain-derived only,Not yet checked,Not yet checked,Not yet checked,None identified,Medium,Representative sustained slope 12.5° versus Whitewool 11.9°; relief 55 m versus 56 m; continuous ridge 944 m versus 1196 m; 28% of the broader face reaches the benchmark threshold.,"POLYGON ((468653.61733333336 123118.72, 468661.62 123106.716, 468665.6213333333 123122.72133333333, 468681.62666666665 123110.71733333333, 468685.628 123122.72133333333, 468705.6346666667 123110.71733333333, 468709.636 123122.72133333333, 468721.64 123106.716, 468729.64266666665 123118.72, 468741.64666666667 123102.71466666667, 468765.65466666664 123106.716, 468825.67466666666 123066.70266666666, 468845.6813333333 123074.70533333333, 468941.7133333333 123066.70266666666, 468989.7293333333 123030.69066666666, 469053.75066666666 122926.656, 469129.776 122954.66533333334, 469197.79866666667 122962.668, 469325.84133333334 122962.668, 469381.86 122946.66266666667, 469437.8786666667 122914.652, 469501.9 122830.624, 469485.8946666667 122902.648, 469501.9 123114.71866666667, 469437.8786666667 123118.72, 469441.88 123170.73733333334, 469421.87333333335 123178.74, 469421.87333333335 123190.744, 469441.88 123222.75466666666, 469433.8773333333 123262.768, 469441.88 123274.772, 469549.916 123094.712, 469561.92 123026.68933333333, 469585.928 123018.68666666666, 469609.936 122962.668, 469629.94266666664 122902.648, 469625.9413333333 122790.61066666666, 469653.9506666667 122750.59733333334, 469673.9573333333 122742.59466666667, 469689.96266666666 122622.55466666666, 469605.93466666667 122554.532, 469501.9 122542.528, 469321.84 122614.552, 469289.82933333336 122666.56933333333, 469249.816 122686.576, 469001.73333333334 122626.556, 468933.7106666667 122622.55466666666, 468829.676 122638.56, 468805.668 122670.57066666667, 468825.67466666666 122746.596, 468793.664 122762.60133333334, 468797.6653333333 122834.62533333333, 468749.6493333333 122838.62666666666, 468709.636 122866.636, 468609.6026666667 123038.69333333333, 468617.6053333333 123054.69866666666, 468605.60133333335 123074.70533333333, 468617.6053333333 123074.70533333333, 468617.6053333333 123098.71333333333, 468633.61066666665 123090.71066666667, 468629.6093333333 123114.71866666667, 468649.616 123102.71466666667, 468653.61733333336 123118.72), (468617.6053333333 123046.696, 468621.6066666667 123042.69466666666, 468621.6066666667 123046.696, 468617.6053333333 123046.696))",profiles/pidham_hill_profile.png
Coarse-screen discovery,Unnamed face near SU 604 224,Failed terrain threshold,460379.4905786813,122264.91979339608,50.99661949412346,-1.1409757273956782,SU 6037 2226,8.62818253929345,151.7818603515625,SSE,12.747254371643066,12.330589294433594,28.108875274658203,14.835268020629883,53.87898254394531,176.76832108947752,240.0,1139.8805027974304,1139.8805027974304,906.8145950386534,17.229080313066667,-3.6137514114379883,6.810021877288818,0,0,15.202144383086782,106.70388586290552,96.81106592196538,False,75.50300491790738,75.50300491790738,Not yet checked,Terrain-derived only,Terrain-derived only,Not yet checked,Not yet checked,Not yet checked,None identified,Medium,Representative sustained slope 12.7° versus Whitewool 11.9°; relief 54 m versus 56 m; continuous ridge 1140 m versus 1196 m; 15% of the broader face reaches the benchmark threshold.,"POLYGON ((460970.6813333333 122721.60133333334, 460862.64533333335 122673.58533333334, 460782.6186666667 122613.56533333333, 460630.568 122533.53866666666, 460526.5333333333 122561.548, 460346.4733333333 122549.544, 460306.46 122541.54133333333, 460222.432 122489.524, 460182.41866666666 122421.50133333333, 460110.3946666667 122457.51333333334, 460042.372 122465.516, 459974.3493333333 122449.51066666667, 459902.32533333334 122405.496, 459790.288 122209.43066666667, 459750.2746666667 122061.38133333334, 459706.26 122005.36266666667, 459678.25066666666 121873.31866666667, 459658.244 121837.30666666667, 459650.2413333333 121753.27866666667, 459622.232 121713.26533333333, 459582.21866666665 121533.20533333333, 459586.22 121385.156, 459610.228 121277.12, 459734.26933333336 121201.09466666667, 459722.26533333334 121289.124, 459734.26933333336 121465.18266666666, 459866.31333333335 121829.304, 459930.3346666667 121913.332, 459914.32933333336 122001.36133333333, 459918.3306666667 122053.37866666667, 459974.3493333333 122121.40133333333, 459998.35733333335 122197.42666666667, 460022.3653333333 122221.43466666667, 460026.36666666664 122169.41733333333, 460002.35866666667 122093.392, 460002.35866666667 122021.368, 460054.376 121849.31066666667, 459994.356 121701.26133333333, 459958.344 121525.20266666666, 459942.33866666665 121513.19866666666, 459914.32933333336 121429.17066666667, 459902.32533333334 121425.16933333334, 459882.3186666667 121273.11866666666, 459898.324 121213.09866666667, 459938.33733333333 121201.09466666667, 459954.34266666666 121177.08666666667, 459974.3493333333 121177.08666666667, 459974.3493333333 121165.08266666667, 459994.356 121165.08266666667, 459994.356 121149.07733333333, 460010.3613333333 121149.07733333333, 460014.3626666667 121133.072, 460074.38266666664 121133.072, 460026.36666666664 121377.15333333334, 460026.36666666664 121509.19733333333, 460038.37066666665 121569.21733333333, 460106.3933333333 121685.256, 460138.404 121821.30133333334, 460202.4253333333 121953.34533333333, 460206.4266666667 121977.35333333333, 460198.424 122061.38133333334, 460202.4253333333 122233.43866666667, 460222.432 122137.40666666666, 460226.43333333335 121965.34933333333, 460198.424 121821.30133333334, 460146.4066666667 121685.256, 460134.40266666666 121545.20933333333, 460162.412 121317.13333333333, 460222.432 121237.10666666666, 460250.4413333333 121233.10533333334, 460270.448 121249.11066666666, 460274.44933333335 121357.14666666667, 460298.4573333333 121365.14933333333, 460330.468 121413.16533333334, 460350.47466666665 121545.20933333333, 460418.49733333336 121741.27466666666, 460430.5013333333 121821.30133333334, 460426.5 122045.376, 460370.48133333336 122205.42933333333, 460386.4866666667 122257.44666666667, 460402.492 122285.456, 460438.504 122301.46133333334, 460494.52266666666 122361.48133333333, 460522.532 122349.47733333333, 460550.54133333336 122269.45066666667, 460558.544 122285.456, 460570.548 122273.452, 460578.55066666665 122289.45733333334, 460646.5733333333 122269.45066666667, 460654.576 122277.45333333334, 460674.58266666665 122269.45066666667, 460710.59466666664 122289.45733333334, 460770.61466666666 122405.496, 460894.656 122505.52933333334, 460974.6826666667 122621.568, 461082.71866666665 122633.572, 461114.7293333333 122661.58133333334, 461114.7293333333 122681.588, 461082.71866666665 122709.59733333334, 460970.6813333333 122721.60133333334))",profiles/unnamed_face_near_su_604_224_profile.png
Coarse-screen discovery,Unnamed face near TQ 045 123,Failed terrain threshold,504549.73158453556,112359.8799093818,50.901259776311775,-0.5145761316429321,TQ 0454 1235,27.32669448586469,193.0183563232422,SSW,12.008245468139648,9.559513092041016,16.940324783325195,12.038456916809082,57.8675651550293,189.8542224632263,240.0,795.7234289113549,795.7234289113549,712.5833428488695,13.839621803377776,-2.7328014373779297,3.0913169384002686,0,0,10.689638984085255,100.517838311637,103.97784814139408,False,73.1235645942721,73.1235645942721,Not yet checked,Terrain-derived only,Terrain-derived only,Not yet checked,Not yet checked,Not yet checked,None identified,Medium,Representative sustained slope 12.0° versus Whitewool 11.9°; relief 58 m versus 56 m; continuous ridge 796 m versus 1196 m; 11% of the broader face reaches the benchmark threshold.,"POLYGON ((504926.61733333336 112596.576, 504462.46266666666 112532.55466666666, 504278.40133333334 112448.52666666667, 504226.384 112396.50933333334, 504214.38 112368.5, 504182.36933333334 112456.52933333334, 504142.356 112496.54266666666, 504098.34133333334 112512.548, 504030.3186666667 112512.548, 503942.2893333333 112492.54133333333, 503902.276 112516.54933333333, 503790.2386666667 112532.55466666666, 503710.212 112516.54933333333, 503654.19333333336 112488.54, 503578.168 112404.512, 503546.15733333334 112312.48133333333, 503542.156 112232.45466666667, 503586.17066666664 112108.41333333333, 503578.168 112032.388, 503486.1373333333 111956.36266666667, 503406.11066666665 111920.35066666667, 503282.06933333335 111832.32133333333, 503390.1053333333 111616.24933333334, 503414.11333333334 111600.244, 503482.136 111644.25866666666, 503494.14 111672.268, 503534.1533333333 111692.27466666666, 503550.15866666666 111720.284, 503610.1786666667 111756.296, 503618.1813333333 111780.304, 503698.208 111832.32133333333, 503738.22133333335 111884.33866666666, 503730.21866666665 111892.34133333333, 503738.22133333335 111912.348, 503726.21733333333 111912.348, 503734.22 111928.35333333333, 503722.216 111932.35466666667, 503722.216 112004.37866666667, 503678.20133333333 112064.39866666666, 503662.196 112060.39733333333, 503650.192 112144.42533333333, 503690.20533333335 112292.47466666666, 503742.22266666667 112368.5, 503782.236 112376.50266666667, 503782.236 112340.49066666666, 503762.2293333333 112304.47866666666, 503766.23066666664 112248.46, 503794.24 112216.44933333334, 503846.2573333333 112108.41333333333, 503894.2733333333 111888.34, 503938.288 111880.33733333333, 503934.2866666667 111868.33333333333, 503970.29866666667 111836.32266666666, 504154.36 111828.32, 504190.372 111860.33066666666, 504290.40533333336 112020.384, 504330.41866666666 112052.39466666666, 504358.428 112096.40933333333, 504498.47466666665 112212.448, 504582.50266666664 112264.46533333333, 504906.61066666665 112408.51333333334, 505086.67066666664 112440.524, 505126.684 112468.53333333334, 505154.69333333336 112512.548, 505154.69333333336 112544.55866666666, 505138.688 112568.56666666667, 505050.65866666666 112592.57466666667, 504926.61733333336 112596.576), (503938.288 111872.33466666666, 503942.2893333333 111876.336, 503942.2893333333 111872.33466666666, 503938.288 111872.33466666666))",profiles/unnamed_face_near_tq_045_123_profile.png
Coarse-screen discovery,Unnamed face near SU 713 198,Failed terrain threshold,471281.74416723585,120797.19286872626,50.98217833113883,-0.9859318866116559,SU 7128 2079,9.081835194400387,218.34764099121094,SW,14.096628189086914,11.154056549072266,22.455535888671875,15.362043380737305,80.03180694580078,262.57155350006104,240.0,654.4222196809133,654.4222196809133,268.25525881303474,5.8214790463999995,-10.7362642288208,4.958316326141357,0,0,36.59971856210822,117.9991362442912,143.8030967226312,False,70.99338784212321,70.99338784212321,Not yet checked,Terrain-derived only,Terrain-derived only,Not yet checked,Not yet checked,Not yet checked,None identified,Medium,Representative sustained slope 14.1° versus Whitewool 11.9°; relief 80 m versus 56 m; continuous ridge 654 m versus 1196 m; 37% of the broader face reaches the benchmark threshold.,"POLYGON ((470925.3493333333 121063.90933333333, 471049.3906666667 120875.84666666666, 471333.4853333333 120875.84666666666, 471445.52266666666 120827.83066666666, 471505.5426666667 120771.812, 471521.548 120807.824, 471557.56 120815.82666666666, 471553.5586666667 120791.81866666667, 471529.55066666665 120767.81066666667, 471513.5453333333 120767.81066666667, 471537.55333333334 120731.79866666667, 471549.55733333336 120679.78133333333, 471553.5586666667 120539.73466666667, 471521.548 120551.73866666667, 471489.53733333334 120583.74933333334, 471441.52133333334 120655.77333333333, 471369.49733333336 120699.788, 471257.46 120727.79733333334, 471101.408 120739.80133333334, 470929.3506666667 120791.81866666667, 470933.352 120843.836, 470869.3306666667 120915.86, 470861.328 120991.88533333334, 470853.32533333334 120975.88, 470825.316 121015.89333333333, 470805.30933333334 121091.91866666666, 470793.3053333333 121079.91466666666, 470777.3 121099.92133333333, 470857.32666666666 121135.93333333333, 470925.3493333333 121063.90933333333), (470853.32533333334 121127.93066666667, 470857.32666666666 121123.92933333333, 470857.32666666666 121127.93066666667, 470853.32533333334 121127.93066666667), (470797.30666666664 121103.92266666667, 470801.308 121099.92133333333, 470801.308 121103.92266666667, 470797.30666666664 121103.92266666667), (470849.324 121019.89466666666, 470853.32533333334 121015.89333333333, 470853.32533333334 121019.89466666666, 470849.324 121019.89466666666), (470853.32533333334 121003.88933333334, 470857.32666666666 120999.888, 470857.32666666666 121003.88933333334, 470853.32533333334 121003.88933333334))",profiles/unnamed_face_near_su_713_198_profile.png
Coarse-screen discovery,Unnamed face near SZ 573 874,Failed terrain threshold,457200.030012514,87394.9265096131,50.68340724662008,-1.1917108121355837,SZ 5720 8739,29.948081187308382,210.51162719726562,SSW,13.40776538848877,11.078437805175781,23.48409080505371,14.514152526855469,58.61138153076172,192.29456498138427,240.0,803.6989369700896,803.6989369700896,717.3013965758728,10.105933922133332,-4.501514434814453,5.921651363372803,0,0,20.287338860193586,112.23284842204924,105.31435549147508,False,70.24118384165695,70.24118384165695,Not yet checked,Terrain-derived only,Terrain-derived only,Not yet checked,Not yet checked,Not yet checked,None identified,Medium,Representative sustained slope 13.4° versus Whitewool 11.9°; relief 59 m versus 56 m; continuous ridge 804 m versus 1196 m; 20% of the broader face reaches the benchmark threshold.,"POLYGON ((457777.64533333335 87615.56666666667, 457729.62933333335 87539.54133333333, 457649.6026666667 87519.53466666667, 457661.6066666667 87495.52666666667, 457637.59866666666 87491.52533333334, 457645.60133333335 87443.50933333334, 457681.61333333334 87391.492, 457637.59866666666 87379.488, 457593.584 87343.476, 457513.55733333336 87367.484, 457377.512 87347.47733333333, 456961.37333333335 87227.43733333334, 456921.36 87203.42933333333, 456901.35333333333 87207.43066666667, 456885.348 87195.42666666667, 456873.344 87203.42933333333, 456853.33733333333 87187.424, 456837.332 87191.42533333333, 456785.3146666667 87163.416, 456705.288 87143.40933333333, 456601.25333333336 87155.41333333333, 456593.25066666666 87195.42666666667, 456533.23066666664 87247.444, 456513.224 87287.45733333334, 456493.21733333333 87275.45333333334, 456481.2133333333 87207.43066666667, 456437.1986666667 87195.42666666667, 456345.168 87215.43333333333, 455953.03733333334 87219.43466666667, 455941.0333333333 87387.49066666666, 455961.04 87395.49333333333, 456017.0586666667 87379.488, 456325.16133333335 87395.49333333333, 456377.1786666667 87439.508, 456481.2133333333 87447.51066666667, 456529.2293333333 87439.508, 456537.232 87427.504, 456549.236 87435.50666666667, 456557.2386666667 87419.50133333333, 456569.2426666667 87427.504, 456573.244 87411.49866666667, 456601.25333333336 87415.5, 456605.2546666667 87399.49466666667, 456617.2586666667 87407.49733333333, 456717.292 87371.48533333333, 457009.38933333335 87471.51866666667, 457293.484 87551.54533333333, 457421.5266666667 87575.55333333333, 457497.552 87575.55333333333, 457573.5773333333 87555.54666666666, 457733.63066666666 87595.56, 457761.64 87627.57066666667, 457769.64266666665 87695.59333333334, 457781.64666666667 87707.59733333334, 457769.64266666665 87643.576, 457777.64533333335 87615.56666666667), (457769.64266666665 87627.57066666667, 457765.64133333333 87619.568, 457769.64266666665 87619.568, 457769.64266666665 87627.57066666667), (457765.64133333333 87619.568, 457761.64 87611.56533333333, 457765.64133333333 87611.56533333333, 457765.64133333333 87619.568), (457773.644 87615.56666666667, 457769.64266666665 87611.56533333333, 457773.644 87611.56533333333, 457773.644 87615.56666666667))",profiles/unnamed_face_near_sz_573_874_profile.png
Coarse-screen discovery,Unnamed face near TQ 021 083,Failed terrain threshold,502117.1073480158,108403.37317794302,50.866127494793076,-0.5502625529136178,TQ 0211 0840,27.42252987402267,156.77777099609375,SSE,13.246946334838867,9.539664268493652,37.488807678222656,14.95525074005127,62.39308547973633,204.70173056533812,240.0,664.710217730375,664.710217730375,298.19527299073525,7.443359759822221,-8.071468353271484,10.349668502807617,0,0,25.672969966629587,110.88667477202677,112.10941310049594,False,69.99789668923896,69.99789668923896,Not yet checked,Terrain-derived only,Terrain-derived only,Not yet checked,Not yet checked,Not yet checked,None identified,Medium,Representative sustained slope 13.2° versus Whitewool 11.9°; relief 62 m versus 56 m; continuous ridge 665 m versus 1196 m; 26% of the broader face reaches the benchmark threshold.,"POLYGON ((501848.408 108028.38933333334, 501808.3946666667 108088.40933333333, 501736.37066666665 108080.40666666666, 501660.34533333336 108168.436, 501648.34133333334 108200.44666666667, 501652.34266666666 108236.45866666667, 501672.3493333333 108268.46933333333, 501704.36 108284.47466666666, 501720.3653333333 108316.48533333333, 501732.36933333334 108316.48533333333, 501736.37066666665 108336.492, 501760.3786666667 108328.48933333333, 501788.388 108264.468, 501836.404 108284.47466666666, 501900.4253333333 108336.492, 501952.44266666664 108408.516, 502052.476 108508.54933333333, 502180.51866666664 108580.57333333333, 502180.51866666664 108608.58266666667, 502144.50666666665 108656.59866666667, 502144.50666666665 108712.61733333333, 502160.512 108756.632, 502192.52266666666 108748.62933333333, 502220.532 108708.616, 502256.544 108684.608, 502260.5453333333 108648.596, 502388.588 108676.60533333334, 502612.66266666667 108672.604, 502616.664 108636.592, 502596.65733333334 108596.57866666667, 502576.6506666667 108596.57866666667, 502548.64133333333 108572.57066666667, 502516.63066666666 108524.55466666666, 502396.5906666667 108512.55066666666, 502364.58 108436.52533333334, 502256.544 108396.512, 502172.516 108344.49466666667, 502004.46 108192.444, 501868.41466666665 108028.38933333334, 501848.408 108028.38933333334))",profiles/unnamed_face_near_tq_021_083_profile.png
Coarse-screen discovery,Pidham Hill,Failed terrain threshold,469788.19126724097,123565.27980763128,51.00724859315845,-1.006673721359512,SU 6978 2356,7.164020789543313,139.078125,SE,13.392338752746582,9.295445442199707,31.49170684814453,14.946317672729492,63.997650146484375,209.96605050659178,240.0,794.045963237586,794.045963237586,279.35168548102956,9.876981363377777,-8.012277603149414,7.776942253112793,0,0,13.615106326656667,112.10371614528658,114.99253390928074,False,67.65628122534132,67.65628122534132,Not yet checked,Terrain-derived only,Terrain-derived only,Not yet checked,Not yet checked,Not yet checked,None identified,Medium,Representative sustained slope 13.4° versus Whitewool 11.9°; relief 64 m versus 56 m; continuous ridge 794 m versus 1196 m; 14% of the broader face reaches the benchmark threshold.,"POLYGON ((469579.58666666667 123518.76133333333, 469663.61466666666 123502.756, 469711.63066666666 123586.784, 469767.6493333333 123750.83866666666, 469839.67333333334 123818.86133333333, 469951.7106666667 123846.87066666667, 469979.72 123846.87066666667, 469975.71866666665 123822.86266666667, 469987.72266666667 123822.86266666667, 470071.75066666666 123854.87333333334, 470107.76266666665 123882.88266666667, 470123.768 123882.88266666667, 470203.79466666665 123822.86266666667, 470119.76666666666 123746.83733333333, 469971.71733333333 123670.812, 469951.7106666667 123646.804, 469875.6853333333 123454.74, 469775.652 123330.69866666666, 469679.62 123282.68266666666, 469595.592 123302.68933333333, 469603.59466666664 123198.65466666667, 469551.5773333333 123158.64133333333, 469559.58 123114.62666666666, 469539.5733333333 123082.616, 469539.5733333333 123054.60666666667, 469559.58 123014.59333333334, 469611.59733333334 123002.58933333334, 469643.608 122906.55733333333, 469655.612 122782.516, 469679.62 122734.5, 469679.62 122706.49066666666, 469703.628 122678.48133333333, 469687.6226666667 122626.464, 469663.61466666666 122598.45466666667, 469587.5893333333 122554.44, 469503.5613333333 122554.44, 469459.5466666667 122578.448, 469379.52 122594.45333333334, 469323.5013333333 122626.464, 469275.4853333333 122702.48933333333, 469203.46133333334 122694.48666666666, 469147.44266666664 122666.47733333333, 468995.392 122630.46533333333, 468903.3613333333 122630.46533333333, 468823.3346666667 122650.472, 468815.332 122698.488, 468839.34 122762.50933333334, 468807.32933333336 122766.51066666667, 468795.32533333334 122838.53466666667, 468723.3013333333 122866.544, 468631.2706666667 123002.58933333334, 468615.26533333334 123058.608, 468623.268 123094.62, 468635.272 123086.61733333333, 468631.2706666667 123110.62533333333, 468647.276 123102.62266666666, 468655.27866666665 123118.628, 468667.28266666667 123106.624, 468671.284 123122.62933333333, 468687.2893333333 123106.624, 468691.29066666664 123122.62933333333, 468707.296 123106.624, 468707.296 123122.62933333333, 468719.3 123110.62533333333, 468727.3026666667 123122.62933333333, 468823.3346666667 123066.61066666666, 468931.37066666665 123070.612, 468987.38933333335 123034.6, 469055.412 122926.564, 469147.44266666664 122958.57466666667, 469359.5133333333 122954.57333333333, 469447.5426666667 122906.55733333333, 469499.56 122834.53333333334, 469483.55466666666 122954.57333333333, 469503.5613333333 123110.62533333333, 469487.556 123122.62933333333, 469447.5426666667 123114.62666666666, 469451.544 123178.648, 469423.53466666664 123194.65333333334, 469443.54133333336 123230.66533333334, 469435.53866666666 123278.68133333333, 469479.55333333334 123302.68933333333, 469487.556 123326.69733333333, 469463.548 123446.73733333334, 469491.55733333336 123494.75333333333, 469507.5626666667 123490.752, 469523.568 123510.75866666666, 469579.58666666667 123518.76133333333))",profiles/pidham_hill_profile.png
Coarse-screen discovery,Unnamed face near SU 738 290,Failed terrain threshold,473572.4489391802,127886.66881324293,51.04563005100176,-0.9518698897283989,SU 7357 2788,6.0197669845131845,136.26031494140625,SE,14.686927795410156,18.707887649536133,27.99893569946289,15.952006340026855,65.2224349975586,213.98437363739015,240.0,315.66433684079675,315.66433684079675,163.19250813371036,3.2885912984888885,-6.222373008728027,6.193666934967041,0,0,49.19862621637092,122.94037770552316,117.19325711077883,False,65.63627978899278,65.63627978899278,Not yet checked,Terrain-derived only,Terrain-derived only,Not yet checked,Not yet checked,Not yet checked,None identified,Medium,Representative sustained slope 14.7° versus Whitewool 11.9°; relief 65 m versus 56 m; continuous ridge 316 m versus 1196 m; 49% of the broader face reaches the benchmark threshold.,"POLYGON ((473715.46533333336 128064.16, 473543.408 127948.12133333333, 473443.37466666667 127904.10666666666, 473387.356 127836.084, 473375.352 127800.072, 473639.44 127800.072, 473675.452 127844.08666666667, 473719.4666666667 127872.096, 473711.464 127880.09866666667, 473735.472 127900.10533333334, 473755.47866666666 127948.12133333333, 473767.4826666667 128052.156, 473755.47866666666 128064.16, 473715.46533333336 128064.16))",profiles/unnamed_face_near_su_738_290_profile.png
Coarse-screen discovery,Unnamed face near SU 587 809,Failed terrain threshold,458693.56973590853,180971.85270467226,51.524619833069856,-1.1553815233892704,SU 5869 8097,29.19929599863898,136.9052734375,SE,13.049015045166016,12.30864143371582,21.745948791503906,13.809431076049805,56.35905456542969,184.90504058044434,240.0,605.4268880090676,605.4268880090676,227.85242858709535,6.381852441955555,-3.574324607849121,4.424447536468506,0,0,24.078663362379086,109.22984443615991,101.26731963401933,False,62.99826068667282,62.99826068667282,Not yet checked,Terrain-derived only,Terrain-derived only,Not yet checked,Not yet checked,Not yet checked,None identified,Medium,Representative sustained slope 13.0° versus Whitewool 11.9°; relief 56 m versus 56 m; continuous ridge 605 m versus 1196 m; 24% of the broader face reaches the benchmark threshold.,"POLYGON ((458887.55333333334 181401.648, 458851.54133333336 181341.628, 458851.54133333336 181277.60666666666, 458875.5493333333 181197.58, 458803.52533333335 181161.568, 458771.5146666667 181129.55733333333, 458583.452 181045.52933333334, 458411.3946666667 180905.48266666668, 458367.38 180829.45733333332, 458367.38 180801.448, 458387.38666666666 180785.44266666667, 458379.384 180745.42933333333, 458399.3906666667 180737.42666666667, 458399.3906666667 180681.408, 458355.376 180621.388, 458327.36666666664 180525.356, 458411.3946666667 180533.35866666667, 458427.4 180549.364, 458511.428 180673.40533333333, 458503.4253333333 180725.42266666668, 458515.42933333333 180745.42933333333, 458627.4666666667 180841.46133333334, 458715.496 180857.46666666667, 458815.5293333333 180897.48, 458963.57866666664 180917.48666666666, 459043.6053333333 180965.50266666667, 459055.6093333333 181041.528, 459027.6 181081.54133333333, 459023.59866666666 181117.55333333334, 458979.584 181173.572, 458951.5746666667 181353.632, 458919.564 181397.64666666667, 458887.55333333334 181401.648))",profiles/unnamed_face_near_su_587_809_profile.png
Coarse-screen discovery,Unnamed face near SU 641 204,Failed terrain threshold,464478.2696538638,121347.95270483063,50.98793108895669,-1.0827390100577716,SU 6447 2134,8.378881103538335,220.5732879638672,SW,13.419158935546875,12.03826904296875,24.699926376342773,14.508255004882812,67.99533081054688,223.0818011364746,240.0,501.30604460276663,501.30604460276663,199.61281536764,4.189991931911111,-4.714821815490723,5.183207988739014,0,0,10.046717235143417,112.32822078298418,122.1756637315237,False,62.723734990557624,62.723734990557624,Not yet checked,Terrain-derived only,Terrain-derived only,Not yet checked,Not yet checked,Not yet checked,None identified,Medium,Representative sustained slope 13.4° versus Whitewool 11.9°; relief 68 m versus 56 m; continuous ridge 501 m versus 1196 m; 10% of the broader face reaches the benchmark threshold.,"POLYGON ((464167.50933333335 121844.96666666666, 464227.5293333333 121728.928, 464235.532 121684.91333333333, 464231.5306666667 121604.88666666667, 464243.53466666664 121572.876, 464227.5293333333 121560.872, 464219.5266666667 121528.86133333333, 464227.5293333333 121432.82933333333, 464207.52266666666 121416.824, 464215.52533333335 121336.79733333334, 464231.5306666667 121328.79466666667, 464231.5306666667 121312.78933333333, 464315.5586666667 121276.77733333333, 464519.62666666665 121244.76666666666, 464663.67466666666 121100.71866666667, 464779.7133333333 121040.69866666666, 464759.70666666667 120932.66266666667, 464755.70533333335 120796.61733333333, 464783.7146666667 120636.564, 464827.7293333333 120556.53733333333, 464851.73733333335 120544.53333333334, 464915.7586666667 120552.536, 464939.76666666666 120608.55466666666, 464927.76266666665 120764.60666666667, 464951.7706666667 120788.61466666666, 464987.78266666667 120900.652, 464995.7853333333 121016.69066666666, 464979.78 121096.71733333333, 464943.768 121140.732, 464875.7453333333 121160.73866666667, 464835.732 121136.73066666667, 464795.71866666665 121088.71466666667, 464767.70933333336 121180.74533333334, 464651.67066666664 121368.808, 464603.65466666664 121420.82533333333, 464531.63066666666 121452.836, 464507.6226666667 121480.84533333333, 464471.61066666665 121588.88133333334, 464479.61333333334 121708.92133333333, 464463.608 121808.95466666667, 464307.556 121836.964, 464167.50933333335 121844.96666666666))",profiles/unnamed_face_near_su_641_204_profile.png
Required reassessment,Pidham Hill,Failed terrain threshold,469790.3600683513,123566.854411741,51.007262487519654,-1.0066425117884978,SU 6979 2356,7.163447223121075,139.90185546875,SE,13.30903148651123,9.275275230407715,31.483640670776367,14.91240119934082,63.472679138183594,208.24370462371826,240.0,850.2178629946429,850.2178629946429,284.65812093790737,10.06910938471111,-7.949566841125488,7.755241394042969,0,0,13.369495851946395,111.40637311213098,114.04925323670541,False,68.33129274988163,68.33129274988163,Not yet checked,Terrain-derived only,Terrain-derived only,Not yet checked,Not yet checked,Not yet checked,None identified,Medium,Representative sustained slope 13.3° versus Whitewool 11.9°; relief 63 m versus 56 m; continuous ridge 850 m versus 1196 m; 13% of the broader face reaches the benchmark threshold.,"POLYGON ((469545.532 123518.68933333333, 469565.53866666666 123510.68666666666, 469565.53866666666 123522.69066666666, 469581.544 123514.688, 469597.5493333333 123522.69066666666, 469613.55466666666 123506.68533333333, 469613.55466666666 123518.68933333333, 469637.5626666667 123502.684, 469665.572 123506.68533333333, 469713.588 123590.71333333333, 469765.6053333333 123746.76533333333, 469829.62666666665 123814.788, 469949.6666666667 123846.79866666667, 469977.676 123846.79866666667, 469973.67466666666 123822.79066666667, 469989.68 123822.79066666667, 470165.7386666667 123910.82, 470201.75066666666 123902.81733333334, 470241.764 123870.80666666667, 470237.76266666665 123850.8, 470133.728 123754.768, 469961.67066666664 123658.736, 469889.64666666667 123478.676, 469785.612 123338.62933333333, 469741.59733333334 123306.61866666666, 469677.576 123282.61066666666, 469641.564 123286.612, 469609.55333333334 123306.61866666666, 469593.548 123294.61466666666, 469605.552 123202.584, 469585.5453333333 123174.57466666667, 469553.53466666664 123162.57066666667, 469557.536 123106.552, 469537.5293333333 123062.53733333333, 469561.53733333334 123014.52133333334, 469613.55466666666 123002.51733333334, 469649.56666666665 122886.47866666666, 469653.568 122790.44666666667, 469677.576 122742.43066666667, 469677.576 122714.42133333333, 469701.584 122686.412, 469685.57866666664 122622.39066666667, 469649.56666666665 122586.37866666667, 469573.54133333336 122550.36666666667, 469501.5173333333 122554.368, 469329.46 122622.39066666667, 469281.444 122698.416, 469205.41866666666 122694.41466666666, 469149.4 122666.40533333333, 469001.3506666667 122630.39333333334, 468905.3186666667 122630.39333333334, 468825.292 122650.4, 468813.288 122694.41466666666, 468837.296 122758.436, 468805.2853333333 122766.43866666667, 468793.28133333335 122842.464, 468725.2586666667 122862.47066666666, 468633.228 122998.516, 468617.22266666667 123050.53333333334, 468633.228 123110.55333333333, 468649.23333333334 123102.55066666666, 468653.23466666666 123118.556, 468665.2386666667 123106.552, 468665.2386666667 123122.55733333333, 468681.244 123110.55333333333, 468693.248 123122.55733333333, 468705.252 123110.55333333333, 468709.25333333336 123122.55733333333, 468721.2573333333 123106.552, 468729.26 123118.556, 468741.264 123102.55066666666, 468749.26666666666 123114.55466666666, 468777.276 123090.54666666666, 468785.27866666665 123098.54933333333, 468825.292 123066.53866666666, 468845.29866666667 123074.54133333333, 468941.3306666667 123066.53866666666, 468993.348 123026.52533333334, 469053.368 122926.492, 469113.388 122950.5, 469193.41466666665 122962.504, 469325.45866666664 122962.504, 469373.47466666665 122950.5, 469433.49466666667 122918.48933333333, 469501.5173333333 122830.46, 469485.512 122902.484, 469501.5173333333 123114.55466666666, 469445.4986666667 123118.556, 469453.5013333333 123170.57333333333, 469445.4986666667 123186.57866666667, 469425.492 123186.57866666667, 469425.492 123198.58266666667, 469441.49733333336 123222.59066666667, 469437.496 123278.60933333333, 469485.512 123314.62133333333, 469465.50533333333 123450.66666666667, 469493.5146666667 123494.68133333333, 469525.52533333335 123498.68266666666, 469521.524 123510.68666666666, 469545.532 123518.68933333333), (468669.24 122950.5, 468673.2413333333 122954.50133333333, 468669.24 122954.50133333333, 468669.24 122950.5), (469541.5306666667 123510.68666666666, 469545.532 123506.68533333333, 469545.532 123510.68666666666, 469541.5306666667 123510.68666666666))",profiles/pidham_hill_profile.png
Required reassessment,Holybourne slopes,Failed terrain threshold,472415.60398726485,142339.4748136468,51.175716262947674,-0.9654727763118456,SU 7241 4233,5.970681612107967,189.35397338867188,S,12.194999694824219,9.767753601074219,16.305212020874023,12.953109741210938,53.21894836425781,174.6028545513916,240.0,606.3487715818919,606.3487715818919,464.1521507507132,6.966241840177777,-3.9800729751586914,3.329437017440796,0,0,13.214247853281035,102.08110841730736,95.6251004589324,False,66.8442495921812,66.8442495921812,Not yet checked,Terrain-derived only,Terrain-derived only,Not yet checked,Not yet checked,Not yet checked,None identified,Medium,Representative sustained slope 12.2° versus Whitewool 11.9°; relief 53 m versus 56 m; continuous ridge 606 m versus 1196 m; 13% of the broader face reaches the benchmark threshold.,"POLYGON ((471982.072 142882.51733333332, 471982.072 142862.51066666667, 471966.06666666665 142874.51466666666, 471966.06666666665 142850.50666666665, 471950.0613333333 142854.508, 471954.0626666667 142830.5, 471942.0586666667 142830.5, 471950.0613333333 142806.492, 471938.05733333336 142806.492, 471934.056 142774.48133333333, 471958.064 142654.44133333332, 472014.08266666665 142558.40933333334, 472090.108 142554.408, 472102.112 142542.404, 472118.11733333336 142418.36266666665, 472146.12666666665 142346.33866666668, 472186.14 142318.32933333333, 472302.1786666667 142294.32133333333, 472374.20266666665 142246.30533333332, 472426.22 142194.288, 472494.2426666667 142078.24933333334, 472634.2893333333 141906.192, 472738.324 141830.16666666666, 472786.34 141822.164, 472798.344 141842.17066666667, 472814.3493333333 141802.15733333334, 472778.33733333333 141794.15466666667, 472782.33866666665 141774.148, 472834.356 141778.14933333333, 472838.35733333335 141814.16133333332, 472866.36666666664 141802.15733333334, 472866.36666666664 141838.16933333332, 472938.3906666667 141898.18933333334, 472942.392 141930.2, 472850.3613333333 141994.22133333332, 472838.35733333335 142014.228, 472774.336 142046.23866666667, 472766.3333333333 142078.24933333334, 472746.32666666666 142090.25333333333, 472658.29733333335 142218.296, 472594.276 142338.336, 472514.24933333334 142426.36533333332, 472410.21466666664 142506.392, 472302.1786666667 142546.40533333333, 472278.17066666664 142614.428, 472282.172 142694.45466666666, 472254.16266666667 142730.46666666667, 472134.1226666667 142794.488, 472094.1093333333 142802.49066666668, 472066.1 142846.50533333333, 472054.096 142842.504, 472046.0933333333 142866.512, 472034.0893333333 142858.50933333332, 472026.08666666667 142878.516, 472014.08266666665 142866.512, 472002.07866666664 142882.51733333332, 471998.0773333333 142866.512, 471982.072 142882.51733333332), (472802.34533333336 141886.18533333333, 472818.3506666667 141870.18, 472822.352 141846.172, 472814.3493333333 141854.17466666666, 472798.344 141846.172, 472802.34533333336 141886.18533333333), (472822.352 141842.17066666667, 472826.35333333333 141846.172, 472826.35333333333 141842.17066666667, 472822.352 141842.17066666667))",profiles/holybourne_slopes_profile.png
Required reassessment,Henwood Down,Failed terrain threshold,466359.8548100518,122594.35425659752,50.99892404411868,-1.055708185537308,SU 6635 2259,7.49775567750042,140.04315185546875,SE,11.85958194732666,10.157443046569824,14.710469245910645,12.8687744140625,52.806392669677734,173.2493253263855,240.0,567.0781761562102,567.0781761562102,415.6404451901617,4.83842400391111,-5.465720176696777,2.535696268081665,0,0,15.267665952890793,99.27341540343059,94.88381035546954,False,56.17866764872198,56.17866764872198,Not yet checked,Terrain-derived only,Terrain-derived only,Not yet checked,Not yet checked,Not yet checked,None identified,Medium,Representative sustained slope 11.9° versus Whitewool 11.9°; relief 53 m versus 56 m; continuous ridge 567 m versus 1196 m; 15% of the broader face reaches the benchmark threshold.,"POLYGON ((466540.63066666666 123129.86933333334, 466624.65866666666 123133.87066666667, 466632.66133333335 123109.86266666667, 466544.632 122897.792, 466512.6213333333 122645.708, 466412.588 122449.64266666667, 466372.5746666667 122293.59066666667, 466352.568 122265.58133333334, 466324.5586666667 122261.58, 466268.54 122293.59066666667, 466224.52533333335 122353.61066666666, 466232.528 122473.65066666667, 466256.536 122573.684, 466304.552 122693.724, 466364.572 122797.75866666666, 466388.58 122873.784, 466384.57866666664 122925.80133333334, 466412.588 123001.82666666666, 466460.604 123065.848, 466540.63066666666 123129.86933333334))",profiles/henwood_down_profile.png
Required reassessment,Bighton Hill,Failed terrain threshold,463109.7094835612,132702.27498182247,51.090169995067654,-1.100259988185225,SU 6310 3270,2.5094652925387706,,,,,,,,,,,,,,,,0,0,0.0,0.0,0.0,False,0.0,0.0,Not yet checked,Terrain-derived only,Terrain-derived only,Not yet checked,Not yet checked,Not yet checked,None identified,Medium,No contiguous south-east to south-west face in the 3 km verification window met the sustained-slope and relief pre-filter.,,
Required reassessment,Neatham Down,Failed terrain threshold,473533.4134525778,139328.0842357881,51.14849999511413,-0.9500999880793896,SU 7353 3932,5.172181265813306,,,,,,,,,,,,,,,,0,0,0.0,0.0,0.0,False,0.0,0.0,Not yet checked,Terrain-derived only,Terrain-derived only,Not yet checked,Not yet checked,Not yet checked,None identified,Medium,No contiguous south-east to south-west face in the 3 km verification window met the sustained-slope and relief pre-filter.,,
Required reassessment,Longwood Warren,Failed terrain threshold,454897.650274403,126058.83000793823,51.03127999502132,-1.218509988276505,SU 5489 2605,9.045186504274577,,,,,,,,,,,,,,,,0,0,0.0,0.0,0.0,False,0.0,0.0,Not yet checked,Terrain-derived only,Terrain-derived only,Not yet checked,Not yet checked,Not yet checked,None identified,Medium,No contiguous south-east to south-west face in the 3 km verification window met the sustained-slope and relief pre-filter.,,
Required reassessment,Gander Down,Failed terrain threshold,455065.11941223603,126863.60297042338,51.03849999502672,-1.2159999882712351,SU 5506 2686,8.672582572620593,,,,,,,,,,,,,,,,0,0,0.0,0.0,0.0,False,0.0,0.0,Not yet checked,Terrain-derived only,Terrain-derived only,Not yet checked,Not yet checked,Not yet checked,None identified,Medium,No contiguous south-east to south-west face in the 3 km verification window met the sustained-slope and relief pre-filter.,,
Required reassessment,Bramdean slopes,Failed terrain threshold,461807.1591305742,125994.33940953357,51.029999995022436,-1.1199999882286304,SU 6180 2599,6.165052529858327,,,,,,,,,,,,,,,,0,0,0.0,0.0,0.0,False,0.0,0.0,Not yet checked,Terrain-derived only,Terrain-derived only,Not yet checked,Not yet checked,Not yet checked,None identified,Medium,No contiguous south-east to south-west face in the 3 km verification window met the sustained-slope and relief pre-filter.,,
Required reassessment,Candover Valley,Failed terrain threshold,460660.7746349355,142953.22020428305,51.182599995136385,-1.1334999881500627,SU 6066 4295,6.355374126425165,,,,,,,,,,,,,,,,0,0,0.0,0.0,0.0,False,0.0,0.0,Not yet checked,Terrain-derived only,Terrain-derived only,Not yet checked,Not yet checked,Not yet checked,None identified,Medium,No contiguous south-east to south-west face in the 3 km verification window met the sustained-slope and relief pre-filter.,,
Required reassessment,Upton Grey,Failed terrain threshold,469594.8713264504,149139.2742387917,51.2371999951797,-1.0044999880560108,SU 6959 4913,9.18354140039176,,,,,,,,,,,,,,,,0,0,0.0,0.0,0.0,False,0.0,0.0,Not yet checked,Terrain-derived only,Terrain-derived only,Not yet checked,Not yet checked,Not yet checked,None identified,Medium,No contiguous south-east to south-west face in the 3 km verification window met the sustained-slope and relief pre-filter.,,
Required reassessment,Barn Lane and Kingswood Rise,Failed terrain threshold,465853.35474751476,134625.10464016066,51.10714999508112,-1.060739988156357,SU 6585 3462,0.4913589013439036,,,,,,,,,,,,,,,,0,0,0.0,0.0,0.0,False,0.0,0.0,Not yet checked,Terrain-derived only,Terrain-derived only,Not yet checked,Not yet checked,Not yet checked,None identified,Medium,No contiguous south-east to south-west face in the 3 km verification window met the sustained-slope and relief pre-filter.,,
Required reassessment,Semaphore Farm and Headmore,Failed terrain threshold,467886.3282438808,134123.12112085545,51.10239999507815,-1.0317999881449187,SU 6788 3412,0.8406393214805923,,,,,,,,,,,,,,,,0,0,0.0,0.0,0.0,False,0.0,0.0,Not yet checked,Terrain-derived only,Terrain-derived only,Not yet checked,Not yet checked,Not yet checked,None identified,Medium,No contiguous south-east to south-west face in the 3 km verification window met the sustained-slope and relief pre-filter.,,
Required reassessment,Tunworth Down,Failed terrain threshold,469300.00084088277,148999.99947507813,51.23598367552898,-1.0087499607756396,SU 6930 4899,9.063606341302433,,,,,,,,,,,,,,,,0,0,0.0,0.0,0.0,False,0.0,0.0,Not yet checked,Terrain-derived only,Terrain-derived only,Not yet checked,Not yet checked,Not yet checked,None identified,Medium,No contiguous south-east to south-west face in the 3 km verification window met the sustained-slope and relief pre-filter.,,
Required reassessment,Axford slopes,Failed terrain threshold,460001.5738780718,127474.57059296279,51.04349999503195,-1.1454999882335835,SU 6000 2747,6.078932769865735,,,,,,,,,,,,,,,,0,0,0.0,0.0,0.0,False,0.0,0.0,Not yet checked,Terrain-derived only,Terrain-derived only,Not yet checked,Not yet checked,Not yet checked,None identified,Medium,No contiguous south-east to south-west face in the 3 km verification window met the sustained-slope and relief pre-filter.,,
Required reassessment,Weston Corbett,Failed terrain threshold,468220.34680636844,147485.79452808265,51.22249999516827,-1.024499988074028,SU 6822 4748,8.031135564581545,,,,,,,,,,,,,,,,0,0,0.0,0.0,0.0,False,0.0,0.0,Not yet checked,Terrain-derived only,Terrain-derived only,Not yet checked,Not yet checked,Not yet checked,None identified,Medium,No contiguous south-east to south-west face in the 3 km verification window met the sustained-slope and relief pre-filter.,,
Required reassessment,Farleigh Hill,Failed terrain threshold,462400.0008362787,146299.99947175017,51.212503498888346,-1.1080391546822865,SU 6240 4629,7.699863890973673,,,,,,,,,,,,,,,,0,0,0.0,0.0,0.0,False,0.0,0.0,Not yet checked,Terrain-derived only,Terrain-derived only,Not yet checked,Not yet checked,Not yet checked,None identified,Medium,No contiguous south-east to south-west face in the 3 km verification window met the sustained-slope and relief pre-filter.,,
Required reassessment,Bentworth slopes,Failed terrain threshold,466221.1347366276,140007.52296186544,51.1554999951174,-1.0544999881262098,SU 6622 4000,3.334698260218976,,,,,,,,,,,,,,,,0,0,0.0,0.0,0.0,False,0.0,0.0,Not yet checked,Terrain-derived only,Terrain-derived only,Not yet checked,Not yet checked,Not yet checked,None identified,Medium,No contiguous south-east to south-west face in the 3 km verification window met the sustained-slope and relief pre-filter.,,
Required reassessment,Chawton Park,Failed terrain threshold,469235.9105962531,136877.19734031643,51.1269999950969,-1.0119999881214614,SU 6923 3687,2.120680897036723,,,,,,,,,,,,,,,,0,0,0.0,0.0,0.0,False,0.0,0.0,Not yet checked,Terrain-derived only,Terrain-derived only,Not yet checked,Not yet checked,Not yet checked,None identified,Medium,No contiguous south-east to south-west face in the 3 km verification window met the sustained-slope and relief pre-filter.,,
Required reassessment,Windmill Down,Failed terrain threshold,464730.23182892427,115997.91850576247,50.9397999949567,-1.0800999882600169,SU 6473 1599,11.655307181599943,,,,,,,,,,,,,,,,0,0,0.0,0.0,0.0,False,0.0,0.0,Not yet checked,Terrain-derived only,Terrain-derived only,Not yet checked,Not yet checked,Not yet checked,None identified,Medium,No contiguous south-east to south-west face in the 3 km verification window met the sustained-slope and relief pre-filter.,,
