{
  "type": "FeatureCollection",
  "features": [
    {
      "type": "Feature",
      "geometry": {
        "type": "Polygon",
        "coordinates": [
          [
            [
              -0.9531294048752849,
              51.0287715597717
            ],
            [
              -0.9535890272684748,
              51.028631747491694
            ],
            [
              -0.9534838416627766,
              51.02823500366708
            ],
            [
              -0.9536068446208663,
              51.02784030281148
            ],
            [
              -0.9545260653395776,
              51.02756067249906
            ],
            [
              -0.9551062335156982,
              51.02713407637148
            ],
            [
              -0.9557377791155666,
              51.02695981048736
            ],
            [
              -0.9561492167897682,
              51.02642375552595
            ],
            [
              -0.9564922944961401,
              51.02639083700111
            ],
            [
              -0.9564368647733534,
              51.02631837808695
            ],
            [
              -0.9570056993901425,
              51.026395419532655
            ],
            [
              -0.957920838973918,
              51.026295636228916
            ],
            [
              -0.9583876776239982,
              51.025832031374115
            ],
            [
              -0.9585571986748777,
              51.02590550600706
            ],
            [
              -0.9586182727261017,
              51.02572614012396
            ],
            [
              -0.9588456438075991,
              51.0257641477469
            ],
            [
              -0.958962954939204,
              51.02562126463436
            ],
            [
              -0.9590746264070181,
              51.025730205256984
            ],
            [
              -0.9591340871896996,
              51.02562278876106
            ],
            [
              -0.9604452971003254,
              51.02567044026059
            ],
            [
              -0.9608534523822285,
              51.0252782676633
            ],
            [
              -0.9617155360610445,
              51.024998072951625
            ],
            [
              -0.9627021309689235,
              51.024251210866
            ],
            [
              -0.9628298603785099,
              51.02364065017525
            ],
            [
              -0.9629351160716513,
              51.02403738629854
            ],
            [
              -0.9633432359271387,
              51.023645204690006
            ],
            [
              -0.9639779105194426,
              51.02332699410173
            ],
            [
              -0.965353308647412,
              51.023051321572666
            ],
            [
              -0.9661622834498903,
              51.02259071394145
            ],
            [
              -0.9673705218613662,
              51.02213362895103
            ],
            [
              -0.9690605789440552,
              51.020529357994356
            ],
            [
              -0.9695731238459309,
              51.02056985992872
            ],
            [
              -0.9705547193298303,
              51.02003877968221
            ],
            [
              -0.9722207341966027,
              51.0195137118534
            ],
            [
              -0.9729709540364285,
              51.019124504537636
            ],
            [
              -0.9745759065973757,
              51.0187787767105
            ],
            [
              -0.9764184810858373,
              51.01800332402335
            ],
            [
              -0.9776177994233132,
              51.01794185741512
            ],
            [
              -0.9782998480459394,
              51.01805576781151
            ],
            [
              -0.979105448848933,
              51.01773896937576
            ],
            [
              -0.9796765860301639,
              51.01770797483598
            ],
            [
              -0.9803087017323396,
              51.01749759949089
            ],
            [
              -0.9807728631520565,
              51.01714182812866
            ],
            [
              -0.9818659629352063,
              51.01671957152879
            ],
            [
              -0.9825377713459647,
              51.01730113412327
            ],
            [
              -0.9835931141943942,
              51.01860566876731
            ],
            [
              -0.9822053534821505,
              51.01945715978673
            ],
            [
              -0.9807074093905841,
              51.0201277635201
            ],
            [
              -0.9764089923209008,
              51.02102572953336
            ],
            [
              -0.9711746880357293,
              51.02295878134526
            ],
            [
              -0.9694957784467738,
              51.02405943264125
            ],
            [
              -0.9662686108365537,
              51.02550619671564
            ],
            [
              -0.9647043851980863,
              51.02657181156956
            ],
            [
              -0.9645260367791,
              51.026894069610805
            ],
            [
              -0.9628508411303185,
              51.02781474856452
            ],
            [
              -0.9611876394234824,
              51.028195780318576
            ],
            [
              -0.959865087008298,
              51.02865178435441
            ],
            [
              -0.9580909605725468,
              51.02888785700198
            ],
            [
              -0.9569925165173228,
              51.02952573609396
            ],
            [
              -0.9561198167925942,
              51.030273567173374
            ],
            [
              -0.9550302102154755,
              51.03051570488371
            ],
            [
              -0.9536072000457556,
              51.0303590462407
            ],
            [
              -0.9530350813820331,
              51.03042588700482
            ],
            [
              -0.952136071863839,
              51.02980613684693
            ],
            [
              -0.9520300850455635,
              51.02944536658351
            ],
            [
              -0.9523845397321661,
              51.02890881397954
            ],
            [
              -0.9527316911535696,
              51.02869603292145
            ],
            [
              -0.9530177402257174,
              51.028662613562446
            ],
            [
              -0.9531294048752849,
              51.0287715597717
            ]
          ],
          [
            [
              -0.9594176970399437,
              51.02569727809698
            ],
            [
              -0.9593598475114244,
              51.025732745060274
            ],
            [
              -0.9594168917372736,
              51.02573325293741
            ],
            [
              -0.9594176970399437,
              51.02569727809698
            ]
          ]
        ]
      },
      "properties": {
        "source": "Coarse-screen discovery",
        "name": "Unnamed face near SU 726 254",
        "status": "Passed terrain threshold",
        "easting": 472514.1913198419,
        "northing": 125416.334412058,
        "latitude": 51.02355431759982,
        "longitude": -0.9674568261616863,
        "grid_ref": "SU 7251 2541",
        "distance_miles": 6.802935256572139,
        "aspect_deg": 157.90264892578125,
        "aspect_text": "SSE",
        "representative_slope_deg": 15.960925102233887,
        "median_local_slope_deg": 14.444501876831055,
        "max_robust_slope_deg": 30.74613380432129,
        "mean_upper_slope_deg": 17.161033630371094,
        "vertical_relief_m": 74.14630126953125,
        "vertical_relief_ft": 243.2621510571289,
        "horizontal_run_m": 240.0,
        "face_width_m": 2367.8297144794487,
        "ridge_length_m": 2367.8297144794487,
        "downslope_span_m": 685.1627544779767,
        "connected_area_ha": 47.253886846933334,
        "lip_sharpness_deg": -4.356678009033203,
        "roughness_m": 7.784450531005859,
        "gaps_count": 0,
        "largest_gap_m": 0,
        "percent_face_at_benchmark": 59.729604552171324,
        "whitewool_slope_percent": 133.6046713058278,
        "whitewool_relief_percent": 133.22787701530473,
        "pass_terrain": true,
        "terrain_score": 100,
        "overall_score": 100,
        "landcover_observation": "Not yet checked",
        "launch_observation": "Upper face appears large enough geometrically; surface, fences, rotor and ownership require field inspection.",
        "landing_observation": "DTM shows downslope continuation; actual emergency landing suitability requires aerial imagery and a site visit.",
        "obstacle_observation": "OSM query failed: 406 Client Error: Not Acceptable for url: https://overpass-api.de/api/interpreter",
        "airspace_observation": "Nearest aerodromes: Lasham Gliding Centre 11.6 mi, Popham Airfield 16.5 mi. This is proximity screening only; current chart/NOTAM and local operating procedures remain mandatory.",
        "protected_observation": "Not yet checked",
        "existing_site_conflict": "No listed recognised site within 2 miles",
        "confidence": "Low",
        "reason": "Rank 1 terrain-only. Representative sustained slope 16.0\u00b0 versus Whitewool 11.9\u00b0; relief 74 m versus 56 m; continuous ridge 2368 m versus 1196 m; 60% of the broader face reaches the benchmark threshold.",
        "profile_file": "profiles/unnamed_face_near_su_726_254_profile.png"
      }
    },
    {
      "type": "Feature",
      "geometry": {
        "type": "Polygon",
        "coordinates": [
          [
            [
              -0.4059432112099686,
              51.22560756781478
            ],
            [
              -0.4061051070192368,
              51.22589763304383
            ],
            [
              -0.40644877853045003,
              51.22590231307721
            ],
            [
              -0.40714232960992547,
              51.22573184199347
            ],
            [
              -0.40726557657661144,
              51.225481641700014
            ],
            [
              -0.4079479502332441,
              51.22563485645151
            ],
            [
              -0.4082841761499836,
              51.225855324928794
            ],
            [
              -0.40862784770983457,
              51.22585999856108
            ],
            [
              -0.40886192299027385,
              51.22571925113532
            ],
            [
              -0.4112663810865029,
              51.2257878991369
            ],
            [
              -0.41230358366948444,
              51.22562206214686
            ],
            [
              -0.41447151415264294,
              51.22590333020913
            ],
            [
              -0.4175282638337599,
              51.22533299989022
            ],
            [
              -0.41838743702394054,
              51.22534461413725
            ],
            [
              -0.41920042171000643,
              51.22503175586576
            ],
            [
              -0.4208054338219487,
              51.22501744182286
            ],
            [
              -0.4222336926514356,
              51.22514465289515
            ],
            [
              -0.42378511620792797,
              51.22502162809755
            ],
            [
              -0.42412509928117903,
              51.22513415393505
            ],
            [
              -0.4246467419407926,
              51.22496126449694
            ],
            [
              -0.42526698016604525,
              51.22525747141788
            ],
            [
              -0.42566670132897266,
              51.22529883161865
            ],
            [
              -0.4265295565082082,
              51.22520248822348
            ],
            [
              -0.42740221405637246,
              51.224818410577896
            ],
            [
              -0.4282638318414829,
              51.22475802026549
            ],
            [
              -0.42889143841262833,
              51.22483841215487
            ],
            [
              -0.4307938409982095,
              51.22450411107239
            ],
            [
              -0.4313666164240107,
              51.22451178959712
            ],
            [
              -0.4318199478877293,
              51.22466179464071
            ],
            [
              -0.43313977937418996,
              51.22460750738199
            ],
            [
              -0.43394777077634344,
              51.22443840998867
            ],
            [
              -0.434469297496688,
              51.22595664937679
            ],
            [
              -0.4346398483745133,
              51.227686086571964
            ],
            [
              -0.432915294217315,
              51.22784291993261
            ],
            [
              -0.4315868117079857,
              51.22814896607145
            ],
            [
              -0.43027054825585964,
              51.22809533685153
            ],
            [
              -0.429177293298586,
              51.22822459831342
            ],
            [
              -0.4279572135216804,
              51.22871197042438
            ],
            [
              -0.42703578633480693,
              51.22884351983574
            ],
            [
              -0.42485781337646117,
              51.22885021015279
            ],
            [
              -0.4233733785634264,
              51.22868629258257
            ],
            [
              -0.4223946569633285,
              51.22881703365364
            ],
            [
              -0.416719984133911,
              51.22884835087644
            ],
            [
              -0.41453089034030755,
              51.229178540772736
            ],
            [
              -0.41224329018198,
              51.229039581211985
            ],
            [
              -0.4089695014708391,
              51.22924699932521
            ],
            [
              -0.40867688487458265,
              51.229422933505006
            ],
            [
              -0.4079272413537663,
              51.229556668302614
            ],
            [
              -0.4078039865792567,
              51.22980686906018
            ],
            [
              -0.40652884415369184,
              51.23022130472924
            ],
            [
              -0.40520758405730706,
              51.23031125564093
            ],
            [
              -0.40364971584724557,
              51.23061385967488
            ],
            [
              -0.4008041369456773,
              51.23169047017999
            ],
            [
              -0.3990768327533755,
              51.2319187332964
            ],
            [
              -0.39784635065167345,
              51.23269351092026
            ],
            [
              -0.3974291005831213,
              51.23315557113931
            ],
            [
              -0.3971164201613877,
              51.23390692215318
            ],
            [
              -0.3955313689743308,
              51.23169026964833
            ],
            [
              -0.3947994519726466,
              51.229665211166264
            ],
            [
              -0.3960896852267114,
              51.22881931914715
            ],
            [
              -0.3974284074845776,
              51.22822595481652
            ],
            [
              -0.39829386893639096,
              51.22805788980341
            ],
            [
              -0.3985740325089342,
              51.22824163643381
            ],
            [
              -0.39937347520419425,
              51.228324537843214
            ],
            [
              -0.4014107251117412,
              51.22741683673864
            ],
            [
              -0.40272817343640444,
              51.22743482460505
            ],
            [
              -0.40308056935439984,
              51.227187755842294
            ],
            [
              -0.40327232365962273,
              51.226614651662416
            ],
            [
              -0.40432822859884887,
              51.22590940237572
            ],
            [
              -0.4051985946580149,
              51.22559742329247
            ],
            [
              -0.4059432112099686,
              51.22560756781478
            ]
          ]
        ]
      },
      "properties": {
        "source": "Coarse-screen discovery",
        "name": "Unnamed face near TQ 107 488",
        "status": "Passed terrain threshold",
        "easting": 510857.6394023429,
        "northing": 148841.84462322746,
        "latitude": 51.2280103607176,
        "longitude": -0.41373834574256363,
        "grid_ref": "TQ 1085 4884",
        "distance_miles": 28.852572795176844,
        "aspect_deg": 168.84283447265625,
        "aspect_text": "S",
        "representative_slope_deg": 13.298563957214355,
        "median_local_slope_deg": 13.000885963439941,
        "max_robust_slope_deg": 17.969270706176758,
        "mean_upper_slope_deg": 13.25545883178711,
        "vertical_relief_m": 58.14457702636719,
        "vertical_relief_ft": 190.76305409118652,
        "horizontal_run_m": 240.0,
        "face_width_m": 2599.7817714640405,
        "ridge_length_m": 2599.7817714640405,
        "downslope_span_m": 515.234367267898,
        "connected_area_ha": 64.57262690328888,
        "lip_sharpness_deg": -1.7737808227539062,
        "roughness_m": 3.778419017791748,
        "gaps_count": 0,
        "largest_gap_m": 0,
        "percent_face_at_benchmark": 45.08764777823074,
        "whitewool_slope_percent": 111.31875220030192,
        "whitewool_relief_percent": 104.47558980745814,
        "pass_terrain": true,
        "terrain_score": 100,
        "overall_score": 100,
        "landcover_observation": "Not yet checked",
        "launch_observation": "Upper face appears large enough geometrically; surface, fences, rotor and ownership require field inspection.",
        "landing_observation": "DTM shows downslope continuation; actual emergency landing suitability requires aerial imagery and a site visit.",
        "obstacle_observation": "OSM query failed: 406 Client Error: Not Acceptable for url: https://overpass-api.de/api/interpreter",
        "airspace_observation": "Nearest aerodromes: Lasham Gliding Centre 27.1 mi, Popham Airfield 35.7 mi. This is proximity screening only; current chart/NOTAM and local operating procedures remain mandatory.",
        "protected_observation": "Not yet checked",
        "existing_site_conflict": "No listed recognised site within 2 miles",
        "confidence": "Low",
        "reason": "Rank 2 terrain-only. Representative sustained slope 13.3\u00b0 versus Whitewool 11.9\u00b0; relief 58 m versus 56 m; continuous ridge 2600 m versus 1196 m; 45% of the broader face reaches the benchmark threshold.",
        "profile_file": "profiles/unnamed_face_near_tq_107_488_profile.png"
      }
    },
    {
      "type": "Feature",
      "geometry": {
        "type": "Polygon",
        "coordinates": [
          [
            [
              -0.9436139881076561,
              51.04026856403981
            ],
            [
              -0.9449891896887288,
              51.04002911027943
            ],
            [
              -0.9459780063911405,
              51.03921044560392
            ],
            [
              -0.9481544518094588,
              51.03887023096061
            ],
            [
              -0.9489068135336162,
              51.038409233203375
            ],
            [
              -0.9505101708940753,
              51.0381717660194
            ],
            [
              -0.9505158587557007,
              51.037919943385816
            ],
            [
              -0.9517890119819863,
              51.03713976418502
            ],
            [
              -0.9518679797836347,
              51.03616895931643
            ],
            [
              -0.9531762367727589,
              51.03636059278539
            ],
            [
              -0.95534279254654,
              51.03645193956867
            ],
            [
              -0.9573992783796872,
              51.036362354680165
            ],
            [
              -0.9594051445517141,
              51.03598442741488
            ],
            [
              -0.9603285173136498,
              51.03552487866429
            ],
            [
              -0.9607938171584263,
              51.03513321491195
            ],
            [
              -0.9615950100607694,
              51.03503238936758
            ],
            [
              -0.9615395622324452,
              51.0349599328737
            ],
            [
              -0.9618810921545669,
              51.03499894853736
            ],
            [
              -0.9618264476187787,
              51.03489051736553
            ],
            [
              -0.9621117252000405,
              51.03489305077624
            ],
            [
              -0.9620570802453161,
              51.034784619707885
            ],
            [
              -0.9622274430240186,
              51.03482211431397
            ],
            [
              -0.9625191455085979,
              51.034536848182015
            ],
            [
              -0.9620675258544111,
              51.034316947102184
            ],
            [
              -0.962074757266357,
              51.033993173736796
            ],
            [
              -0.9615701101831077,
              51.033592890027386
            ],
            [
              -0.9618690414365472,
              51.03298385205482
            ],
            [
              -0.9617171713476612,
              51.03211893599674
            ],
            [
              -0.9611378046378211,
              51.0325095897605
            ],
            [
              -0.9610743183308496,
              51.0327968812064
            ],
            [
              -0.9609626254053202,
              51.03268794249894
            ],
            [
              -0.9607890537126883,
              51.032794345337585
            ],
            [
              -0.9607263693374554,
              51.03304566175547
            ],
            [
              -0.9610060055006892,
              51.033300021472655
            ],
            [
              -0.96088305014968,
              51.033694730033545
            ],
            [
              -0.9605993892687328,
              51.033620244056706
            ],
            [
              -0.9597419699459212,
              51.03368458038636
            ],
            [
              -0.9581283281122359,
              51.034389847651084
            ],
            [
              -0.9542036925300331,
              51.03381507022381
            ],
            [
              -0.9521619149217213,
              51.033257054788336
            ],
            [
              -0.9507934476532907,
              51.03320879707519
            ],
            [
              -0.9497624245142056,
              51.0333794477106
            ],
            [
              -0.9491845692020366,
              51.0336980920849
            ],
            [
              -0.9490647667298653,
              51.033948888899666
            ],
            [
              -0.948251353781901,
              51.034589248387356
            ],
            [
              -0.9484037944187701,
              51.03541820549403
            ],
            [
              -0.9482856115839383,
              51.03559705208178
            ],
            [
              -0.9478324207902069,
              51.035449045665345
            ],
            [
              -0.9472716412411445,
              51.03501221269415
            ],
            [
              -0.946875514621373,
              51.03486471644788
            ],
            [
              -0.9464190730073422,
              51.03486060315296
            ],
            [
              -0.9455567148839308,
              51.03514068291029
            ],
            [
              -0.9448630634407197,
              51.03553022529934
            ],
            [
              -0.9447970214775688,
              51.03592543096184
            ],
            [
              -0.9450146296281575,
              51.03639516096297
            ],
            [
              -0.9433747002600903,
              51.03573267247273
            ],
            [
              -0.9427446265511078,
              51.035834921123076
            ],
            [
              -0.9423973760015734,
              51.03604767166456
            ],
            [
              -0.9421634169779718,
              51.036297428500724
            ],
            [
              -0.9421552272327733,
              51.036657174251815
            ],
            [
              -0.9428756933759308,
              51.037599223745914
            ],
            [
              -0.9428675087661756,
              51.03795896949897
            ],
            [
              -0.9426930575481695,
              51.038101319572256
            ],
            [
              -0.9422382226709053,
              51.0380252406239
            ],
            [
              -0.9407214138334237,
              51.03696802736199
            ],
            [
              -0.9400978823932148,
              51.03678246516365
            ],
            [
              -0.9392395572652678,
              51.03688262505153
            ],
            [
              -0.9388360466812277,
              51.037058872486796
            ],
            [
              -0.9385458271828484,
              51.03727212935651
            ],
            [
              -0.938479728830903,
              51.03766733099695
            ],
            [
              -0.938138200009213,
              51.037628246957894
            ],
            [
              -0.9372979561736174,
              51.03693695302948
            ],
            [
              -0.9366744390981769,
              51.036751372647274
            ],
            [
              -0.9351917732721956,
              51.03670189359295
            ],
            [
              -0.9342755571559233,
              51.03683747167194
            ],
            [
              -0.93481231924106,
              51.038317626238346
            ],
            [
              -0.9358360898919212,
              51.03847087904738
            ],
            [
              -0.9371857674457402,
              51.03934672626157
            ],
            [
              -0.9383749971386383,
              51.039753334832106
            ],
            [
              -0.9396254145746233,
              51.03998057642328
            ],
            [
              -0.9436139881076561,
              51.04026856403981
            ]
          ],
          [
            [
              -0.9618272513186878,
              51.03485454255437
            ],
            [
              -0.9617693921074845,
              51.034890010599824
            ],
            [
              -0.9617701958515544,
              51.03485403578933
            ],
            [
              -0.9618272513186878,
              51.03485454255437
            ]
          ],
          [
            [
              -0.9620578837636223,
              51.03474864489345
            ],
            [
              -0.9620000248598949,
              51.034784113055544
            ],
            [
              -0.9620008284223626,
              51.03474813824175
            ],
            [
              -0.9620578837636223,
              51.03474864489345
            ]
          ],
          [
            [
              -0.9620016319831773,
              51.03471216342775
            ],
            [
              -0.9619437730827555,
              51.0347476315622
            ],
            [
              -0.9619445766877311,
              51.03471165674883
            ],
            [
              -0.9620016319831773,
              51.03471216342775
            ]
          ]
        ]
      },
      "properties": {
        "source": "Coarse-screen discovery",
        "name": "Unnamed face near SU 734 266",
        "status": "Passed terrain threshold",
        "easting": 473859.36522912,
        "northing": 126894.79060569822,
        "latitude": 51.036675652644035,
        "longitude": -0.947979734628519,
        "grid_ref": "SU 7385 2689",
        "distance_miles": 6.585620747779093,
        "aspect_deg": 163.66351318359375,
        "aspect_text": "SSE",
        "representative_slope_deg": 16.46501922607422,
        "median_local_slope_deg": 21.535808563232422,
        "max_robust_slope_deg": 32.455894470214844,
        "mean_upper_slope_deg": 19.608928680419922,
        "vertical_relief_m": 74.27395629882812,
        "vertical_relief_ft": 243.68096678344727,
        "horizontal_run_m": 240.0,
        "face_width_m": 1839.5252272314974,
        "ridge_length_m": 1839.5252272314974,
        "downslope_span_m": 599.8637393308163,
        "connected_area_ha": 40.85602373653333,
        "lip_sharpness_deg": -1.9758615493774414,
        "roughness_m": 8.415836334228516,
        "gaps_count": 0,
        "largest_gap_m": 0,
        "percent_face_at_benchmark": 56.6614710903288,
        "whitewool_slope_percent": 137.8243095342824,
        "whitewool_relief_percent": 133.4572506759237,
        "pass_terrain": true,
        "terrain_score": 100,
        "overall_score": 100,
        "landcover_observation": "Not yet checked",
        "launch_observation": "Upper face appears large enough geometrically; surface, fences, rotor and ownership require field inspection.",
        "landing_observation": "DTM shows downslope continuation; actual emergency landing suitability requires aerial imagery and a site visit.",
        "obstacle_observation": "OSM query failed: 406 Client Error: Not Acceptable for url: https://overpass-api.de/api/interpreter",
        "airspace_observation": "Nearest aerodromes: Lasham Gliding Centre 11.0 mi, Popham Airfield 16.5 mi. This is proximity screening only; current chart/NOTAM and local operating procedures remain mandatory.",
        "protected_observation": "Not yet checked",
        "existing_site_conflict": "No listed recognised site within 2 miles",
        "confidence": "Low",
        "reason": "Rank 3 terrain-only. Representative sustained slope 16.5\u00b0 versus Whitewool 11.9\u00b0; relief 74 m versus 56 m; continuous ridge 1840 m versus 1196 m; 57% of the broader face reaches the benchmark threshold.",
        "profile_file": "profiles/unnamed_face_near_su_734_266_profile.png"
      }
    },
    {
      "type": "Feature",
      "geometry": {
        "type": "Polygon",
        "coordinates": [
          [
            [
              -0.9635247292720178,
              51.02747157753886
            ],
            [
              -0.9645651885665665,
              51.026869105565694
            ],
            [
              -0.9647435366165861,
              51.026546847461184
            ],
            [
              -0.9662499164678034,
              51.02551670247631
            ],
            [
              -0.9694770853867496,
              51.024069938928406
            ],
            [
              -0.9711559957976308,
              51.02296928790769
            ],
            [
              -0.9765051715198623,
              51.02100126091977
            ],
            [
              -0.9806316826919617,
              51.020137774176504
            ],
            [
              -0.9814365160273024,
              51.01985693501615
            ],
            [
              -0.9816123560112083,
              51.01964257534493
            ],
            [
              -0.9821866651316687,
              51.019467668142305
            ],
            [
              -0.9847886760014696,
              51.017871109047405
            ],
            [
              -0.9861240143788005,
              51.01680324064737
            ],
            [
              -0.9862451404554442,
              51.01648045333175
            ],
            [
              -0.9855084160948032,
              51.01625816867753
            ],
            [
              -0.9849459382683388,
              51.01589346478922
            ],
            [
              -0.9835185507829152,
              51.01595302309482
            ],
            [
              -0.9825926478702146,
              51.01655666077226
            ],
            [
              -0.9817324206805766,
              51.01676506122941
            ],
            [
              -0.9798876153217949,
              51.01764852403442
            ],
            [
              -0.9790867605011976,
              51.01774947723852
            ],
            [
              -0.9783381945475501,
              51.018066774130816
            ],
            [
              -0.9775420756560191,
              51.01795186608947
            ],
            [
              -0.9764568270899884,
              51.0180143309574
            ],
            [
              -0.975016676818519,
              51.01864938610041
            ],
            [
              -0.9730671310557434,
              51.019100038733896
            ],
            [
              -0.9723169124100944,
              51.01948924667571
            ],
            [
              -0.9707087333035546,
              51.01997884321094
            ],
            [
              -0.9696693056146645,
              51.02054539695549
            ],
            [
              -0.9691567608922793,
              51.020504895443956
            ],
            [
              -0.9683446590334468,
              51.021109424235895
            ],
            [
              -0.9678153371730219,
              51.02182439109952
            ],
            [
              -0.9672361508807635,
              51.02221507682074
            ],
            [
              -0.9654518994041251,
              51.022918937347825
            ],
            [
              -0.9653338144217247,
              51.02309780211991
            ],
            [
              -0.9651634919117777,
              51.02306031220317
            ],
            [
              -0.9650470072048394,
              51.02316722683083
            ],
            [
              -0.9649345267679741,
              51.02309426674284
            ],
            [
              -0.9645906778240411,
              51.02316318516466
            ],
            [
              -0.9644163488884688,
              51.0233055687315
            ],
            [
              -0.9639592165220033,
              51.0233374995019
            ],
            [
              -0.9633237394383137,
              51.02369168488408
            ],
            [
              -0.9629742662768619,
              51.02401242276534
            ],
            [
              -0.9628039423795787,
              51.02397492940654
            ],
            [
              -0.9626247882746848,
              51.02433315955586
            ],
            [
              -0.9622793207118651,
              51.02447402085479
            ],
            [
              -0.9619860742591355,
              51.02483123698483
            ],
            [
              -0.9608926047504821,
              51.02525330484547
            ],
            [
              -0.9622881800070999,
              51.02663301976332
            ],
            [
              -0.9635247292720178,
              51.02747157753886
            ]
          ],
          [
            [
              -0.9636113544117633,
              51.02358628954176
            ],
            [
              -0.9635535107044698,
              51.02362175862783
            ],
            [
              -0.9635543127450037,
              51.0235857837272
            ],
            [
              -0.9636113544117633,
              51.02358628954176
            ]
          ],
          [
            [
              -0.9647039590212515,
              51.02320017066456
            ],
            [
              -0.9646461166247523,
              51.02323564030151
            ],
            [
              -0.9646469178086382,
              51.02319966538605
            ],
            [
              -0.9647039590212515,
              51.02320017066456
            ]
          ]
        ]
      },
      "properties": {
        "source": "Coarse-screen discovery",
        "name": "Unnamed face near SU 717 248",
        "status": "Passed terrain threshold",
        "easting": 472170.97489708965,
        "northing": 125170.20402315346,
        "latitude": 51.021384541466674,
        "longitude": -0.9723985264598426,
        "grid_ref": "SU 7217 2517",
        "distance_miles": 6.822701932691361,
        "aspect_deg": 158.4346923828125,
        "aspect_text": "SSE",
        "representative_slope_deg": 15.888131141662598,
        "median_local_slope_deg": 13.864069938659668,
        "max_robust_slope_deg": 30.881933212280273,
        "mean_upper_slope_deg": 17.26666831970215,
        "vertical_relief_m": 75.43295288085938,
        "vertical_relief_ft": 247.48344912963867,
        "horizontal_run_m": 240.0,
        "face_width_m": 1850.384630600165,
        "ridge_length_m": 1850.384630600165,
        "downslope_span_m": 539.7343792688043,
        "connected_area_ha": 34.302857142222216,
        "lip_sharpness_deg": -4.341858863830566,
        "roughness_m": 7.699843406677246,
        "gaps_count": 0,
        "largest_gap_m": 0,
        "percent_face_at_benchmark": 57.034861745122555,
        "whitewool_slope_percent": 132.9953323663314,
        "whitewool_relief_percent": 135.53976391593974,
        "pass_terrain": true,
        "terrain_score": 100,
        "overall_score": 100,
        "landcover_observation": "Not yet checked",
        "launch_observation": "Upper face appears large enough geometrically; surface, fences, rotor and ownership require field inspection.",
        "landing_observation": "DTM shows downslope continuation; actual emergency landing suitability requires aerial imagery and a site visit.",
        "obstacle_observation": "OSM query failed: 406 Client Error: Not Acceptable for url: https://overpass-api.de/api/interpreter",
        "airspace_observation": "Nearest aerodromes: Lasham Gliding Centre 11.7 mi, Popham Airfield 16.5 mi. This is proximity screening only; current chart/NOTAM and local operating procedures remain mandatory.",
        "protected_observation": "Not yet checked",
        "existing_site_conflict": "No listed recognised site within 2 miles",
        "confidence": "Low",
        "reason": "Rank 4 terrain-only. Representative sustained slope 15.9\u00b0 versus Whitewool 11.9\u00b0; relief 75 m versus 56 m; continuous ridge 1850 m versus 1196 m; 57% of the broader face reaches the benchmark threshold.",
        "profile_file": "profiles/unnamed_face_near_su_717_248_profile.png"
      }
    },
    {
      "type": "Feature",
      "geometry": {
        "type": "Polygon",
        "coordinates": [
          [
            [
              -0.7675836537040868,
              51.06341986636312
            ],
            [
              -0.7677054668995407,
              51.06313329219604
            ],
            [
              -0.767606574613471,
              51.062556533128316
            ],
            [
              -0.7682650610314632,
              51.061412039747424
            ],
            [
              -0.768854030014659,
              51.06073458032182
            ],
            [
              -0.7687560820736257,
              51.06012184967856
            ],
            [
              -0.7693393058308677,
              51.0596602210473
            ],
            [
              -0.769463958345294,
              51.059265727928256
            ],
            [
              -0.7701727611883942,
              51.05837362930595
            ],
            [
              -0.7713191332547961,
              51.05820577242078
            ],
            [
              -0.7724797634270767,
              51.05749831948535
            ],
            [
              -0.7727052289988096,
              51.0576086337243
            ],
            [
              -0.7741931007937735,
              51.057480315851414
            ],
            [
              -0.7749969605743351,
              51.05730883089178
            ],
            [
              -0.7758055568790958,
              51.056957478529796
            ],
            [
              -0.7763877228259541,
              51.056531786098624
            ],
            [
              -0.7765826544078444,
              51.05563426880427
            ],
            [
              -0.7770020933138209,
              51.0548830293696
            ],
            [
              -0.7773978397647777,
              51.055031098300326
            ],
            [
              -0.7776851168372674,
              51.05496213790928
            ],
            [
              -0.778309173159152,
              51.05511259080162
            ],
            [
              -0.780986116150897,
              51.055356430601144
            ],
            [
              -0.7822856825052587,
              51.055873727366155
            ],
            [
              -0.7849027894588451,
              51.056224800686806
            ],
            [
              -0.7855896104082406,
              51.056159973253784
            ],
            [
              -0.7860013848327454,
              51.05569648069259
            ],
            [
              -0.7863476116881852,
              51.055556146673396
            ],
            [
              -0.7863654761987349,
              51.0548726688319
            ],
            [
              -0.7860390044341443,
              51.05425758009393
            ],
            [
              -0.7854139928700022,
              51.054143140876114
            ],
            [
              -0.7851399080455633,
              51.05370850525541
            ],
            [
              -0.7844644226668723,
              51.05334166027962
            ],
            [
              -0.7843016744456565,
              51.05301612716103
            ],
            [
              -0.7838469643259511,
              51.05293943275226
            ],
            [
              -0.7832342295072219,
              51.05235733954099
            ],
            [
              -0.7823809573789786,
              51.05224050774522
            ],
            [
              -0.7817493763052104,
              51.0523778564966
            ],
            [
              -0.7802140629609402,
              51.052145951852836
            ],
            [
              -0.7790051232290431,
              51.05252913589584
            ],
            [
              -0.778608446603241,
              51.05241704488826
            ],
            [
              -0.7786740348848659,
              51.0520938893115
            ],
            [
              -0.7799485442351116,
              51.0513875522087
            ],
            [
              -0.7803042046262055,
              51.05088751129671
            ],
            [
              -0.7800245166337374,
              51.05066869868659
            ],
            [
              -0.7799207697366572,
              51.0502718102875
            ],
            [
              -0.7795231646773727,
              51.050195694920035
            ],
            [
              -0.7794128050061596,
              51.05005061328736
            ],
            [
              -0.7791835771964616,
              51.05008420180833
            ],
            [
              -0.7791302892587287,
              51.04993971593984
            ],
            [
              -0.7789020076391191,
              51.04993733145863
            ],
            [
              -0.7785662079217192,
              51.04968194676931
            ],
            [
              -0.7779403303005988,
              51.04960344048714
            ],
            [
              -0.7778870467674591,
              51.04945895407034
            ],
            [
              -0.7771470339972361,
              51.04937925017554
            ],
            [
              -0.7768588434337718,
              51.0494841819666
            ],
            [
              -0.7763461631058723,
              51.04944283388976
            ],
            [
              -0.7759961601385015,
              51.04972702818447
            ],
            [
              -0.7749042375463978,
              51.05000344807115
            ],
            [
              -0.7745504246673885,
              51.05043152749139
            ],
            [
              -0.7739121977984438,
              51.050820640632026
            ],
            [
              -0.7727032418839073,
              51.05120375944894
            ],
            [
              -0.7724102755135085,
              51.05148854187667
            ],
            [
              -0.7723398897065438,
              51.05199155543084
            ],
            [
              -0.7718756966880559,
              51.05227453810707
            ],
            [
              -0.7709948468699048,
              51.053200821099416
            ],
            [
              -0.7712164805525615,
              51.05345502742103
            ],
            [
              -0.7717843718507941,
              51.05356894260782
            ],
            [
              -0.7723551190770651,
              51.05357493803113
            ],
            [
              -0.7732169424489433,
              51.05336809182462
            ],
            [
              -0.774124436721312,
              51.05359350613593
            ],
            [
              -0.774640957714378,
              51.053490974745806
            ],
            [
              -0.775092810664177,
              51.05367562203075
            ],
            [
              -0.7752535987228975,
              51.05407311226298
            ],
            [
              -0.7738124653566537,
              51.05459773909397
            ],
            [
              -0.7739161689674174,
              51.05499463233394
            ],
            [
              -0.7737420894315297,
              51.055100753301375
            ],
            [
              -0.7728840387429033,
              51.055163713765296
            ],
            [
              -0.770951049535772,
              51.05485554778376
            ],
            [
              -0.7700321121166961,
              51.055061776433156
            ],
            [
              -0.7699702709618882,
              51.05524103736336
            ],
            [
              -0.7697990407822747,
              51.055239235493644
            ],
            [
              -0.7697371984812715,
              51.05541849628733
            ],
            [
              -0.769565967662165,
              51.05541669407173
            ],
            [
              -0.7692149243319271,
              51.055736839462
            ],
            [
              -0.7682940534090105,
              51.05601499879795
            ],
            [
              -0.7681142308788733,
              51.056336944859865
            ],
            [
              -0.7660983372614387,
              51.05699934790629
            ],
            [
              -0.7667080492721274,
              51.05768944615828
            ],
            [
              -0.7662931977124382,
              51.05826078581796
            ],
            [
              -0.7653741725590711,
              51.058466977114826
            ],
            [
              -0.7649070011828688,
              51.058857847695485
            ],
            [
              -0.7648393927284132,
              51.05925293885517
            ],
            [
              -0.7655157627729355,
              51.059583924204375
            ],
            [
              -0.7655128931642659,
              51.05969184083652
            ],
            [
              -0.7652236556019985,
              51.059832715335574
            ],
            [
              -0.7647089580573169,
              51.05986325996541
            ],
            [
              -0.7644720126916047,
              51.06018459673342
            ],
            [
              -0.7645243087657959,
              51.060365060994236
            ],
            [
              -0.7651445661259169,
              51.06065947303203
            ],
            [
              -0.7651407386797902,
              51.06080336182768
            ],
            [
              -0.7642207004357092,
              51.061045515774595
            ],
            [
              -0.7650578179368982,
              51.06177400807846
            ],
            [
              -0.7653384575116933,
              51.061956883878196
            ],
            [
              -0.7656238819744962,
              51.061959898027595
            ],
            [
              -0.7659596974902199,
              51.06221531949833
            ],
            [
              -0.7658978306318629,
              51.06239457788317
            ],
            [
              -0.7675836537040868,
              51.06341986636312
            ]
          ]
        ]
      },
      "properties": {
        "source": "Coarse-screen discovery",
        "name": "Unnamed face near SU 855 290",
        "status": "Failed terrain threshold",
        "easting": 485819.8580180165,
        "northing": 129072.86293113114,
        "latitude": 51.054597373673296,
        "longitude": -0.7769201742783891,
        "grid_ref": "SU 8581 2907",
        "distance_miles": 12.410672996408948,
        "aspect_deg": 178.8685302734375,
        "aspect_text": "S",
        "representative_slope_deg": 13.327943801879883,
        "median_local_slope_deg": 16.785064697265625,
        "max_robust_slope_deg": 24.456165313720703,
        "mean_upper_slope_deg": 14.473969459533691,
        "vertical_relief_m": 56.03969955444336,
        "vertical_relief_ft": 183.85728788619994,
        "horizontal_run_m": 240.0,
        "face_width_m": 1373.8281970017706,
        "ridge_length_m": 1373.8281970017706,
        "downslope_span_m": 1004.683667782534,
        "connected_area_ha": 26.664167227377778,
        "lip_sharpness_deg": 0.550511360168457,
        "roughness_m": 5.9268879890441895,
        "gaps_count": 0,
        "largest_gap_m": 0,
        "percent_face_at_benchmark": 26.74390955664599,
        "whitewool_slope_percent": 111.56468308866907,
        "whitewool_relief_percent": 100.69349478504616,
        "pass_terrain": false,
        "terrain_score": 96.94086512594887,
        "overall_score": 96.94086512594887,
        "landcover_observation": "Not yet checked",
        "launch_observation": "Terrain-derived only",
        "landing_observation": "Terrain-derived only",
        "obstacle_observation": "Not yet checked",
        "airspace_observation": "Not yet checked",
        "protected_observation": "Not yet checked",
        "existing_site_conflict": "None identified",
        "confidence": "Medium",
        "reason": "Representative sustained slope 13.3\u00b0 versus Whitewool 11.9\u00b0; relief 56 m versus 56 m; continuous ridge 1374 m versus 1196 m; 27% of the broader face reaches the benchmark threshold.",
        "profile_file": "profiles/unnamed_face_near_su_855_290_profile.png"
      }
    },
    {
      "type": "Feature",
      "geometry": {
        "type": "Polygon",
        "coordinates": [
          [
            [
              -1.532432602421206,
              51.30785911543447
            ],
            [
              -1.5324910993839034,
              51.30775141095244
            ],
            [
              -1.5323188971867583,
              51.30775072381375
            ],
            [
              -1.5324380835010314,
              51.30731944791367
            ],
            [
              -1.5331341829569056,
              51.306602637388785
            ],
            [
              -1.5330804325228524,
              51.306242630237186
            ],
            [
              -1.5335421750480558,
              51.30599261407407
            ],
            [
              -1.5334869638704687,
              51.3057765184728
            ],
            [
              -1.5338934869602705,
              51.30531040523897
            ],
            [
              -1.5345274078797184,
              51.30506106991437
            ],
            [
              -1.5348143948595163,
              51.30506220955049
            ],
            [
              -1.5349884039351558,
              51.30488300367488
            ],
            [
              -1.535217992644056,
              51.304883914534074
            ],
            [
              -1.5355594723048356,
              51.305173102911226
            ],
            [
              -1.5359034949093913,
              51.30521044522475
            ],
            [
              -1.5371099296554676,
              51.30510727919739
            ],
            [
              -1.537801227620092,
              51.30485815280918
            ],
            [
              -1.5370038178830097,
              51.30424335665233
            ],
            [
              -1.5358598796624912,
              51.30384305878449
            ],
            [
              -1.5345372284943848,
              51.304089667583995
            ],
            [
              -1.5343047325798134,
              51.30437657832069
            ],
            [
              -1.5344275293420528,
              51.303585521394936
            ],
            [
              -1.5351794828917418,
              51.30301283755808
            ],
            [
              -1.5354675460487448,
              51.30290604192762
            ],
            [
              -1.5365010131846286,
              51.30287415502698
            ],
            [
              -1.5373030926578541,
              51.30302124215182
            ],
            [
              -1.5394837385118385,
              51.30306581171441
            ],
            [
              -1.5400053250270964,
              51.302564149997686
            ],
            [
              -1.5411567968630902,
              51.30220887136291
            ],
            [
              -1.5417881297010203,
              51.30221134179805
            ],
            [
              -1.5442992193926384,
              51.3036603064483
            ],
            [
              -1.545556243978152,
              51.304240856910134
            ],
            [
              -1.5457833453393632,
              51.304493592499576
            ],
            [
              -1.5463566041824006,
              51.30456777173502
            ],
            [
              -1.5473855038921769,
              51.30500350188427
            ],
            [
              -1.5494482909766294,
              51.30537124405618
            ],
            [
              -1.5508247878033838,
              51.3054844662389
            ],
            [
              -1.5534650989890568,
              51.305494557014704
            ],
            [
              -1.5540943873142583,
              51.3057128289405
            ],
            [
              -1.5544909538143652,
              51.30625402644719
            ],
            [
              -1.555274383420471,
              51.308343799877875
            ],
            [
              -1.555898513194983,
              51.30910173125612
            ],
            [
              -1.5562992911535483,
              51.30921118715127
            ],
            [
              -1.5564123632571578,
              51.30939151149428
            ],
            [
              -1.5581887480641134,
              51.30972203536867
            ],
            [
              -1.5600263448314502,
              51.309656990336286
            ],
            [
              -1.5632385429807625,
              51.30992086084984
            ],
            [
              -1.5665098764981378,
              51.31000496575337
            ],
            [
              -1.5655781742048756,
              51.31140470594428
            ],
            [
              -1.5561090431537088,
              51.311081387742625
            ],
            [
              -1.5540473405408177,
              51.31056985079594
            ],
            [
              -1.5531330609637612,
              51.31013461697512
            ],
            [
              -1.552050789853906,
              51.309266982819224
            ],
            [
              -1.5514295258811215,
              51.30822120770591
            ],
            [
              -1.5490760661646166,
              51.308212175392974
            ],
            [
              -1.5462113145947078,
              51.30766142784327
            ],
            [
              -1.5440379266125261,
              51.30686144721445
            ],
            [
              -1.5428967194979006,
              51.306173394752825
            ],
            [
              -1.5404827366291571,
              51.306487767122974
            ],
            [
              -1.5396755502882686,
              51.30684439197216
            ],
            [
              -1.5354145439037723,
              51.308158809896796
            ],
            [
              -1.5343816851352194,
              51.30811873119291
            ],
            [
              -1.5339780556715257,
              51.30829702314749
            ],
            [
              -1.5333462753250156,
              51.30833048823359
            ],
            [
              -1.5331181290021298,
              51.3081856623253
            ],
            [
              -1.5325437509075248,
              51.30821935176928
            ],
            [
              -1.532432602421206,
              51.30785911543447
            ]
          ],
          [
            [
              -1.5325470388359188,
              51.30789555127778
            ],
            [
              -1.5324885418185237,
              51.30800325578496
            ],
            [
              -1.5325459428665837,
              51.30800348477699
            ],
            [
              -1.5325470388359188,
              51.30789555127778
            ]
          ]
        ]
      },
      "properties": {
        "source": "Coarse-screen discovery",
        "name": "Unnamed face near SU 316 564",
        "status": "Failed terrain threshold",
        "easting": 431548.3076173719,
        "northing": 156503.12604271146,
        "latitude": 51.30677734009598,
        "longitude": -1.5488054114175123,
        "grid_ref": "SU 3154 5650",
        "distance_miles": 25.686776767919582,
        "aspect_deg": 186.30126953125,
        "aspect_text": "S",
        "representative_slope_deg": 14.175522804260254,
        "median_local_slope_deg": 11.629700660705566,
        "max_robust_slope_deg": 26.840368270874023,
        "mean_upper_slope_deg": 16.05342674255371,
        "vertical_relief_m": 62.345794677734375,
        "vertical_relief_ft": 204.54657701049805,
        "horizontal_run_m": 240.0,
        "face_width_m": 1802.9667832375271,
        "ridge_length_m": 1802.9667832375271,
        "downslope_span_m": 747.9807042722823,
        "connected_area_ha": 25.388116952355556,
        "lip_sharpness_deg": -3.3463363647460938,
        "roughness_m": 7.298591613769531,
        "gaps_count": 0,
        "largest_gap_m": 0,
        "percent_face_at_benchmark": 25.316212289547902,
        "whitewool_slope_percent": 118.65954214561069,
        "whitewool_relief_percent": 112.02443983756584,
        "pass_terrain": false,
        "terrain_score": 96.24774169921875,
        "overall_score": 96.24774169921875,
        "landcover_observation": "Not yet checked",
        "launch_observation": "Terrain-derived only",
        "landing_observation": "Terrain-derived only",
        "obstacle_observation": "Not yet checked",
        "airspace_observation": "Not yet checked",
        "protected_observation": "Not yet checked",
        "existing_site_conflict": "None identified",
        "confidence": "Medium",
        "reason": "Representative sustained slope 14.2\u00b0 versus Whitewool 11.9\u00b0; relief 62 m versus 56 m; continuous ridge 1803 m versus 1196 m; 25% of the broader face reaches the benchmark threshold.",
        "profile_file": "profiles/unnamed_face_near_su_316_564_profile.png"
      }
    },
    {
      "type": "Feature",
      "geometry": {
        "type": "Polygon",
        "coordinates": [
          [
            [
              -0.5617014268203846,
              51.13980483680498
            ],
            [
              -0.5610713717917144,
              51.13983306971942
            ],
            [
              -0.5606621913488826,
              51.14011589484306
            ],
            [
              -0.5597989491122792,
              51.14028518098864
            ],
            [
              -0.5589233824233527,
              51.14085011615906
            ],
            [
              -0.557776474356537,
              51.14094392715839
            ],
            [
              -0.5571396743602969,
              51.14118795065572
            ],
            [
              -0.5563167490029115,
              51.14189744571165
            ],
            [
              -0.5551641960592305,
              51.142171073923464
            ],
            [
              -0.5547560821248619,
              51.1424179092094
            ],
            [
              -0.5532323216220335,
              51.14358649310982
            ],
            [
              -0.5518566126816129,
              51.14367741602686
            ],
            [
              -0.551003407983394,
              51.14352291947473
            ],
            [
              -0.5506335577917545,
              51.142546809881885
            ],
            [
              -0.5499564226384065,
              51.142250557214616
            ],
            [
              -0.5500181087746019,
              51.1421073919601
            ],
            [
              -0.5503040020199607,
              51.14211093578516
            ],
            [
              -0.5508690316926296,
              51.142333832579894
            ],
            [
              -0.5509352195873083,
              51.142046792657304
            ],
            [
              -0.5511078813474821,
              51.142012949144416
            ],
            [
              -0.5510642148460683,
              51.14158061828112
            ],
            [
              -0.5508377551201158,
              51.14150584769688
            ],
            [
              -0.5505631292824648,
              51.141142619799616
            ],
            [
              -0.550744797655337,
              51.14082102843975
            ],
            [
              -0.5507740782813201,
              51.139885846143194
            ],
            [
              -0.5509512360900413,
              51.13970812856627
            ],
            [
              -0.5514703199069312,
              51.13957062836846
            ],
            [
              -0.5514827013017057,
              51.13917497412777
            ],
            [
              -0.5517192792324609,
              51.13892602625268
            ],
            [
              -0.5532170657731482,
              51.13858473809335
            ],
            [
              -0.5548168261627312,
              51.138640498386614
            ],
            [
              -0.5554479905359242,
              51.13857633043131
            ],
            [
              -0.5557394738365148,
              51.13840001760943
            ],
            [
              -0.5568829584625943,
              51.13841413205429
            ],
            [
              -0.5571789197502436,
              51.138093940937836
            ],
            [
              -0.5581037853147853,
              51.137781503951345
            ],
            [
              -0.5585163203892511,
              51.137390781557386
            ],
            [
              -0.560017365205936,
              51.13694149929825
            ],
            [
              -0.5600790129166368,
              51.136798328304266
            ],
            [
              -0.5604254025661265,
              51.136694644813865
            ],
            [
              -0.5614006839239737,
              51.136598697357606
            ],
            [
              -0.5617392467298127,
              51.13674679114137
            ],
            [
              -0.562768348811608,
              51.13675944156366
            ],
            [
              -0.5627783990464081,
              51.136435722693875
            ],
            [
              -0.5617638312206418,
              51.13595547866951
            ],
            [
              -0.5617144822963327,
              51.13570299436344
            ],
            [
              -0.5626459703158879,
              51.135174708136326
            ],
            [
              -0.563686197106978,
              51.13482766243021
            ],
            [
              -0.565634435895969,
              51.1347076418015
            ],
            [
              -0.5669448906099356,
              51.13486763573555
            ],
            [
              -0.56756819764213,
              51.13505518367811
            ],
            [
              -0.5687981474699617,
              51.13596980265531
            ],
            [
              -0.5696246028557195,
              51.136987421848694
            ],
            [
              -0.5697189447792695,
              51.13763625982293
            ],
            [
              -0.5695474239439005,
              51.13763416221487
            ],
            [
              -0.5695990403933353,
              51.137814705764136
            ],
            [
              -0.5692437685550137,
              51.13820616735542
            ],
            [
              -0.5693514472898086,
              51.138423379233885
            ],
            [
              -0.5691799235654822,
              51.138421281063955
            ],
            [
              -0.5691765881928487,
              51.138529187621266
            ],
            [
              -0.5693503356344136,
              51.138459348089256
            ],
            [
              -0.5694602385949151,
              51.13860462215743
            ],
            [
              -0.5697472240012026,
              51.13857214943076
            ],
            [
              -0.5697977308836135,
              51.13878866173846
            ],
            [
              -0.569626205772391,
              51.138786564212324
            ],
            [
              -0.5696217599334451,
              51.13893043964057
            ],
            [
              -0.5693952823860655,
              51.138855704827115
            ],
            [
              -0.5693336605286917,
              51.13899888089076
            ],
            [
              -0.56910607126002,
              51.138960114369624
            ],
            [
              -0.5689267615133864,
              51.13920979773769
            ],
            [
              -0.5673796831441563,
              51.1392988058019
            ],
            [
              -0.5658504297677563,
              51.13881229261102
            ],
            [
              -0.5655162971602692,
              51.13852033537952
            ],
            [
              -0.5644715383471858,
              51.13901127170144
            ],
            [
              -0.5643493790234406,
              51.13926164957459
            ],
            [
              -0.5645758501982573,
              51.139336394106486
            ],
            [
              -0.5640523435316693,
              51.13961782787821
            ],
            [
              -0.5634178269716995,
              51.13978994850889
            ],
            [
              -0.5624514186423466,
              51.139598162323914
            ],
            [
              -0.5617047797704168,
              51.13969693062425
            ],
            [
              -0.5617014268203846,
              51.13980483680498
            ]
          ],
          [
            [
              -0.5615881923797462,
              51.1397674618221
            ],
            [
              -0.5616464861194815,
              51.139732196238185
            ],
            [
              -0.5615893101185576,
              51.139731493096996
            ],
            [
              -0.5615881923797462,
              51.1397674618221
            ]
          ],
          [
            [
              -0.5641767368593972,
              51.13929551281362
            ],
            [
              -0.5642327967201313,
              51.139332183455224
            ],
            [
              -0.5642339123866423,
              51.13929621468573
            ],
            [
              -0.5641767368593972,
              51.13929551281362
            ]
          ],
          [
            [
              -0.5642339123866423,
              51.13929621468573
            ],
            [
              -0.5642922035359985,
              51.13926094775927
            ],
            [
              -0.5642350280508553,
              51.139260245915985
            ],
            [
              -0.5642339123866423,
              51.13929621468573
            ]
          ]
        ]
      },
      "properties": {
        "source": "Coarse-screen discovery",
        "name": "Unnamed face near TQ 009 387",
        "status": "Failed terrain threshold",
        "easting": 500790.4138560611,
        "northing": 138733.7313128847,
        "latitude": 51.13901208333406,
        "longitude": -0.5606970212193395,
        "grid_ref": "TQ 0079 3873",
        "distance_miles": 21.368578786404058,
        "aspect_deg": 164.79364013671875,
        "aspect_text": "SSE",
        "representative_slope_deg": 13.87497615814209,
        "median_local_slope_deg": 20.680561065673828,
        "max_robust_slope_deg": 26.3072566986084,
        "mean_upper_slope_deg": 15.567367553710938,
        "vertical_relief_m": 57.4976806640625,
        "vertical_relief_ft": 188.6406906298828,
        "horizontal_run_m": 240.0,
        "face_width_m": 1297.168729783909,
        "ridge_length_m": 1297.168729783909,
        "downslope_span_m": 633.5658644712239,
        "connected_area_ha": 22.29965900942222,
        "lip_sharpness_deg": 3.2727279663085938,
        "roughness_m": 5.373307704925537,
        "gaps_count": 0,
        "largest_gap_m": 0,
        "percent_face_at_benchmark": 31.048673194267064,
        "whitewool_slope_percent": 116.14374587381025,
        "whitewool_relief_percent": 103.31323069414937,
        "pass_terrain": false,
        "terrain_score": 96.06438027837162,
        "overall_score": 96.06438027837162,
        "landcover_observation": "Not yet checked",
        "launch_observation": "Terrain-derived only",
        "landing_observation": "Terrain-derived only",
        "obstacle_observation": "Not yet checked",
        "airspace_observation": "Not yet checked",
        "protected_observation": "Not yet checked",
        "existing_site_conflict": "None identified",
        "confidence": "Medium",
        "reason": "Representative sustained slope 13.9\u00b0 versus Whitewool 11.9\u00b0; relief 57 m versus 56 m; continuous ridge 1297 m versus 1196 m; 31% of the broader face reaches the benchmark threshold.",
        "profile_file": "profiles/unnamed_face_near_tq_009_387_profile.png"
      }
    },
    {
      "type": "Feature",
      "geometry": {
        "type": "Polygon",
        "coordinates": [
          [
            [
              -0.47039933813276985,
              51.22985053851924
            ],
            [
              -0.4709805344214893,
              51.22960625692119
            ],
            [
              -0.47104377891816035,
              51.22942717180589
            ],
            [
              -0.47127291785934844,
              51.229430164966
            ],
            [
              -0.471277684736664,
              51.22928629816221
            ],
            [
              -0.47144834685113607,
              51.22932450943069
            ],
            [
              -0.4717574053448618,
              51.22864488230372
            ],
            [
              -0.4721714927133718,
              51.22825448360195
            ],
            [
              -0.4721225464788874,
              51.228001968747066
            ],
            [
              -0.4718385140042314,
              51.227926295941934
            ],
            [
              -0.4717955261086275,
              51.227493947349366
            ],
            [
              -0.4719721375540908,
              51.22735232419945
            ],
            [
              -0.47204609414126536,
              51.226849537867984
            ],
            [
              -0.47177874583023305,
              51.22627033074867
            ],
            [
              -0.4711569985815649,
              51.22601033453094
            ],
            [
              -0.46927628874627486,
              51.22569789333499
            ],
            [
              -0.4681987137956055,
              51.22535995394383
            ],
            [
              -0.46711159653232426,
              51.22530973800021
            ],
            [
              -0.4665519489895511,
              51.224906601195116
            ],
            [
              -0.46575123908619676,
              51.22486012484826
            ],
            [
              -0.4654039773001029,
              51.22496351890032
            ],
            [
              -0.4652357289114961,
              51.22485336571367
            ],
            [
              -0.46420470916187584,
              51.22483984063474
            ],
            [
              -0.46069390687380646,
              51.22529746981825
            ],
            [
              -0.4578311456689434,
              51.22522379986856
            ],
            [
              -0.45686942801773217,
              51.22485129990334
            ],
            [
              -0.4565914554870944,
              51.224595758001094
            ],
            [
              -0.45573950232588434,
              51.22436862550183
            ],
            [
              -0.4548815362857695,
              51.2243213191442
            ],
            [
              -0.4545475048961601,
              51.22402904981648
            ],
            [
              -0.4540928989312539,
              51.22391509868159
            ],
            [
              -0.45270859358422133,
              51.22418466395216
            ],
            [
              -0.4515323131342868,
              51.223377494370226
            ],
            [
              -0.4506743704874693,
              51.22333015735034
            ],
            [
              -0.44959578210598344,
              51.22302801453613
            ],
            [
              -0.4485563466259673,
              51.22326611652185
            ],
            [
              -0.44706352806402166,
              51.2233542645766
            ],
            [
              -0.44700262037482713,
              51.223461403526755
            ],
            [
              -0.44683442189788447,
              51.22335122427857
            ],
            [
              -0.44682957983241695,
              51.223495089576616
            ],
            [
              -0.44660168369109643,
              51.22345608249446
            ],
            [
              -0.4465395640444525,
              51.223599187510615
            ],
            [
              -0.4466420109704492,
              51.22396037120116
            ],
            [
              -0.4462325929599083,
              51.22420681306886
            ],
            [
              -0.44588892751234604,
              51.22420224996001
            ],
            [
              -0.445664663097706,
              51.224055342126135
            ],
            [
              -0.44567798893434896,
              51.22365971280364
            ],
            [
              -0.4444739624733313,
              51.223679698213516
            ],
            [
              -0.443031119828412,
              51.22398435354368
            ],
            [
              -0.4419209944078742,
              51.22461726275438
            ],
            [
              -0.44191006474775907,
              51.22494095884448
            ],
            [
              -0.4421318927887865,
              51.22515980625484
            ],
            [
              -0.44258648039240006,
              51.225273803688516
            ],
            [
              -0.4445315365068071,
              51.225371635846564
            ],
            [
              -0.44555165416566433,
              51.225709030932265
            ],
            [
              -0.44565530921148017,
              51.22603424904711
            ],
            [
              -0.4465060308111249,
              51.22629742104622
            ],
            [
              -0.4466718175404247,
              51.226479533404394
            ],
            [
              -0.4472446218149214,
              51.226487134433775
            ],
            [
              -0.44746648265747235,
              51.226705971955276
            ],
            [
              -0.4480404996746043,
              51.226677602794595
            ],
            [
              -0.448030821874255,
              51.226965333386524
            ],
            [
              -0.4494019419052904,
              51.2270914543471
            ],
            [
              -0.45002237026247627,
              51.22738753154091
            ],
            [
              -0.4505391128578333,
              51.22735839155853
            ],
            [
              -0.4514302696541199,
              51.228125815626015
            ],
            [
              -0.4521664975536678,
              51.228387431066096
            ],
            [
              -0.4533718509456341,
              51.228331401130404
            ],
            [
              -0.4555926428019015,
              51.22875653303206
            ],
            [
              -0.4571344868740825,
              51.22892079800964
            ],
            [
              -0.46051183098452547,
              51.2290372360173
            ],
            [
              -0.4617183922388805,
              51.22894515363714
            ],
            [
              -0.4623401244079191,
              51.229205199764515
            ],
            [
              -0.4630812251941314,
              51.22932288093279
            ],
            [
              -0.46422691344154227,
              51.229337920167346
            ],
            [
              -0.46463508591918706,
              51.22912738171043
            ],
            [
              -0.46521032078276725,
              51.22906296190268
            ],
            [
              -0.46669970879126027,
              51.229082483558834
            ],
            [
              -0.46738114547891674,
              51.229271320347166
            ],
            [
              -0.4678967055291614,
              51.22927807044524
            ],
            [
              -0.46840032617642235,
              51.229644484794406
            ],
            [
              -0.47039933813276985,
              51.22985053851924
            ]
          ],
          [
            [
              -0.4541321035714417,
              51.2244553519123
            ],
            [
              -0.45389576082888283,
              51.224668124030416
            ],
            [
              -0.45395906426271904,
              51.22448904851288
            ],
            [
              -0.4541321035714417,
              51.2244553519123
            ]
          ]
        ]
      },
      "properties": {
        "source": "Coarse-screen discovery",
        "name": "Unnamed face near TQ 077 486",
        "status": "Failed terrain threshold",
        "easting": 507722.17341271887,
        "northing": 148664.05218472835,
        "latitude": 51.22701201914121,
        "longitude": -0.4586785257809621,
        "grid_ref": "TQ 0772 4866",
        "distance_miles": 26.96811653273687,
        "aspect_deg": 187.8721160888672,
        "aspect_text": "S",
        "representative_slope_deg": 12.352925300598145,
        "median_local_slope_deg": 12.078201293945312,
        "max_robust_slope_deg": 16.085250854492188,
        "mean_upper_slope_deg": 12.410280227661133,
        "vertical_relief_m": 51.88013458251953,
        "vertical_relief_ft": 170.21042074371337,
        "horizontal_run_m": 240.0,
        "face_width_m": 1643.1211233946378,
        "ridge_length_m": 1643.1211233946378,
        "downslope_span_m": 359.77182146388805,
        "connected_area_ha": 37.21359666542222,
        "lip_sharpness_deg": -0.9452276229858398,
        "roughness_m": 3.028125762939453,
        "gaps_count": 0,
        "largest_gap_m": 0,
        "percent_face_at_benchmark": 27.882508500188894,
        "whitewool_slope_percent": 103.40306178248204,
        "whitewool_relief_percent": 93.2194873021623,
        "pass_terrain": false,
        "terrain_score": 95.7935791015625,
        "overall_score": 95.7935791015625,
        "landcover_observation": "Not yet checked",
        "launch_observation": "Terrain-derived only",
        "landing_observation": "Terrain-derived only",
        "obstacle_observation": "Not yet checked",
        "airspace_observation": "Not yet checked",
        "protected_observation": "Not yet checked",
        "existing_site_conflict": "None identified",
        "confidence": "Medium",
        "reason": "Representative sustained slope 12.4\u00b0 versus Whitewool 11.9\u00b0; relief 52 m versus 56 m; continuous ridge 1643 m versus 1196 m; 28% of the broader face reaches the benchmark threshold.",
        "profile_file": "profiles/unnamed_face_near_tq_077_486_profile.png"
      }
    },
    {
      "type": "Feature",
      "geometry": {
        "type": "Polygon",
        "coordinates": [
          [
            [
              -1.1121879740820437,
              50.8585721078314
            ],
            [
              -1.1135549245270575,
              50.858438564491074
            ],
            [
              -1.114297964669676,
              50.85822830800508
            ],
            [
              -1.1151471945509464,
              50.858414661222106
            ],
            [
              -1.1167949468120217,
              50.85846312134352
            ],
            [
              -1.1200430967575203,
              50.858055857414364
            ],
            [
              -1.120957980098594,
              50.85777488839756
            ],
            [
              -1.1234583447206443,
              50.85782967127696
            ],
            [
              -1.1236302186370128,
              50.85775899628833
            ],
            [
              -1.1237140236637169,
              50.856320318429454
            ],
            [
              -1.1224642182065325,
              50.85627494781174
            ],
            [
              -1.1213335021721764,
              50.85594259872701
            ],
            [
              -1.119576217641823,
              50.85567748032041
            ],
            [
              -1.1177032396987432,
              50.85551940915084
            ],
            [
              -1.1165657810124343,
              50.8555467897097
            ],
            [
              -1.1160014710128399,
              50.85532662175956
            ],
            [
              -1.1146407473917723,
              50.8551363964883
            ],
            [
              -1.1140723628706097,
              50.855132084483756
            ],
            [
              -1.113156126434744,
              50.8554849547442
            ],
            [
              -1.112750064801113,
              50.85591366174878
            ],
            [
              -1.1122385104845225,
              50.85590977274017
            ],
            [
              -1.1111078771863026,
              50.85557732497451
            ],
            [
              -1.1097992124381089,
              50.85563931856984
            ],
            [
              -1.1089479984518305,
              50.855560859153684
            ],
            [
              -1.1075242807404255,
              50.85569391444303
            ],
            [
              -1.104975475829044,
              50.85520662578023
            ],
            [
              -1.1043981363801236,
              50.85566997337137
            ],
            [
              -1.1037735973992977,
              50.85562919768166
            ],
            [
              -1.1033112992270637,
              50.85602145759047
            ],
            [
              -1.1029695730862468,
              50.85605481500187
            ],
            [
              -1.1001885972958179,
              50.855817516608056
            ],
            [
              -1.0981416982168146,
              50.855837704292554
            ],
            [
              -1.0964989260203588,
              50.855537139868154
            ],
            [
              -1.0950218173216977,
              50.85548971578774
            ],
            [
              -1.094456217721449,
              50.855341398868575
            ],
            [
              -1.0933755911024579,
              50.855368994235555
            ],
            [
              -1.0932120508319205,
              50.855007896583956
            ],
            [
              -1.0920317232430943,
              50.854315050000174
            ],
            [
              -1.0889583169535697,
              50.854507001756296
            ],
            [
              -1.0863522359470588,
              50.85405484131213
            ],
            [
              -1.0843075241811317,
              50.85396685495876
            ],
            [
              -1.0839326835341285,
              50.8556910868571
            ],
            [
              -1.084042838039968,
              50.85587186499954
            ],
            [
              -1.0879549020663766,
              50.85640625262199
            ],
            [
              -1.089941488327492,
              50.856565687109345
            ],
            [
              -1.0927161721624357,
              50.85712702541406
            ],
            [
              -1.0961266070249973,
              50.85715348067324
            ],
            [
              -1.0979967974897369,
              50.857455807483234
            ],
            [
              -1.100096454957346,
              50.85765192516291
            ],
            [
              -1.1008936164693093,
              50.85758610192
            ],
            [
              -1.1024269491137324,
              50.85766986647471
            ],
            [
              -1.1060565463079945,
              50.85812950866607
            ],
            [
              -1.1063982855436771,
              50.85809614229326
            ],
            [
              -1.1064592517027212,
              50.8578807127314
            ],
            [
              -1.1066873055808961,
              50.857846475318986
            ],
            [
              -1.1070783281119834,
              50.85820929376583
            ],
            [
              -1.1079891739335352,
              50.85814429153227
            ],
            [
              -1.108789075732782,
              50.857934504517466
            ],
            [
              -1.1101423260201917,
              50.85852055043583
            ],
            [
              -1.1105984344890922,
              50.85845206078112
            ],
            [
              -1.1110606961793252,
              50.85805977198133
            ],
            [
              -1.1112791763722043,
              50.85852921036617
            ],
            [
              -1.1121879740820437,
              50.8585721078314
            ]
          ]
        ]
      },
      "properties": {
        "source": "Coarse-screen discovery",
        "name": "Unnamed face near SU 631 067",
        "status": "Failed terrain threshold",
        "easting": 463305.2219701886,
        "northing": 106718.8769258747,
        "latitude": 50.856527398721546,
        "longitude": -1.1019844363107112,
        "grid_ref": "SU 6330 0671",
        "distance_miles": 17.48373206980084,
        "aspect_deg": 182.57955932617188,
        "aspect_text": "S",
        "representative_slope_deg": 12.36047649383545,
        "median_local_slope_deg": 11.146047592163086,
        "max_robust_slope_deg": 24.680042266845703,
        "mean_upper_slope_deg": 13.289533615112305,
        "vertical_relief_m": 53.213077545166016,
        "vertical_relief_ft": 174.58359333328247,
        "horizontal_run_m": 240.0,
        "face_width_m": 2564.2011801708722,
        "ridge_length_m": 2564.2011801708722,
        "downslope_span_m": 275.7639679011627,
        "connected_area_ha": 29.189049641066667,
        "lip_sharpness_deg": -2.7637109756469727,
        "roughness_m": 6.32635498046875,
        "gaps_count": 0,
        "largest_gap_m": 0,
        "percent_face_at_benchmark": 25.400810835713628,
        "whitewool_slope_percent": 103.46627081854824,
        "whitewool_relief_percent": 95.61455162843716,
        "pass_terrain": false,
        "terrain_score": 92.25848388671875,
        "overall_score": 92.25848388671875,
        "landcover_observation": "Not yet checked",
        "launch_observation": "Terrain-derived only",
        "landing_observation": "Terrain-derived only",
        "obstacle_observation": "Not yet checked",
        "airspace_observation": "Not yet checked",
        "protected_observation": "Not yet checked",
        "existing_site_conflict": "None identified",
        "confidence": "Medium",
        "reason": "Representative sustained slope 12.4\u00b0 versus Whitewool 11.9\u00b0; relief 53 m versus 56 m; continuous ridge 2564 m versus 1196 m; 25% of the broader face reaches the benchmark threshold.",
        "profile_file": "profiles/unnamed_face_near_su_631_067_profile.png"
      }
    },
    {
      "type": "Feature",
      "geometry": {
        "type": "Polygon",
        "coordinates": [
          [
            [
              -0.8483166210640991,
              50.88574243695154
            ],
            [
              -0.8484916676621831,
              50.885564247932805
            ],
            [
              -0.8498220242568241,
              50.88698070287067
            ],
            [
              -0.8497598369915664,
              50.887195988880435
            ],
            [
              -0.8488943348901391,
              50.887691222400356
            ],
            [
              -0.8478626290206877,
              50.888004893996396
            ],
            [
              -0.847751543658958,
              50.88789584842071
            ],
            [
              -0.8475764853703875,
              50.88807403618363
            ],
            [
              -0.8474662881054921,
              50.88792901599224
            ],
            [
              -0.8472912286091174,
              50.88810720331842
            ],
            [
              -0.8471206070776688,
              50.888105518657774
            ],
            [
              -0.8471819199628541,
              50.88792620851941
            ],
            [
              -0.8468922236948659,
              50.88813924639536
            ],
            [
              -0.8468380140431808,
              50.88803076165739
            ],
            [
              -0.8463252619500481,
              50.88806167927874
            ],
            [
              -0.845649888710116,
              50.88776713889605
            ],
            [
              -0.845709428908127,
              50.88765977820962
            ],
            [
              -0.8456543335823594,
              50.8875872672626
            ],
            [
              -0.8449620709863402,
              50.88797623509518
            ],
            [
              -0.8431260786326717,
              50.88860575348873
            ],
            [
              -0.8416384246552605,
              50.88895083464371
            ],
            [
              -0.840500036827877,
              50.88897551790543
            ],
            [
              -0.8400554599272289,
              50.890842224025334
            ],
            [
              -0.838712405962881,
              50.89223221472683
            ],
            [
              -0.8368013640440402,
              50.893580549663696
            ],
            [
              -0.8339899814163269,
              50.89452405152726
            ],
            [
              -0.8323332261434361,
              50.89479535953793
            ],
            [
              -0.8310818293904544,
              50.89478283807934
            ],
            [
              -0.8302322091532766,
              50.894630396685855
            ],
            [
              -0.8289952501177285,
              50.894042267569986
            ],
            [
              -0.8287000197587115,
              50.89447110369679
            ],
            [
              -0.8288372838219247,
              50.895803855879514
            ],
            [
              -0.8280219649339777,
              50.896551320303814
            ],
            [
              -0.8273149686617421,
              50.89751576564429
            ],
            [
              -0.8278585337396143,
              50.8985287504474
            ],
            [
              -0.827849503371578,
              50.89888849075891
            ],
            [
              -0.8276725213329824,
              50.89913859561391
            ],
            [
              -0.8264625269577042,
              50.89973815333712
            ],
            [
              -0.8257644963495712,
              50.900342848248165
            ],
            [
              -0.8253933017213895,
              50.90152655669957
            ],
            [
              -0.8252983975049023,
              50.90303689140434
            ],
            [
              -0.8247546782469714,
              50.904290827793666
            ],
            [
              -0.8238480139901311,
              50.904137766528514
            ],
            [
              -0.8214216005231193,
              50.903321673082544
            ],
            [
              -0.8213783312445585,
              50.902781490021894
            ],
            [
              -0.8215617170345151,
              50.90227957769203
            ],
            [
              -0.8227836314054043,
              50.9012124105514
            ],
            [
              -0.8227730001453807,
              50.899377165248225
            ],
            [
              -0.8223956575884491,
              50.89854574867992
            ],
            [
              -0.8230259380873216,
              50.89837218811815
            ],
            [
              -0.823546067982794,
              50.89805358192993
            ],
            [
              -0.8250837869599557,
              50.89799709914425
            ],
            [
              -0.8258305344596171,
              50.89771674605155
            ],
            [
              -0.8255533470987555,
              50.89742609341655
            ],
            [
              -0.8238676445992797,
              50.89658151386689
            ],
            [
              -0.8235950073544788,
              50.89611098668265
            ],
            [
              -0.8235553431911693,
              50.89542690766431
            ],
            [
              -0.8243047753071298,
              50.89503864199114
            ],
            [
              -0.8263561384668023,
              50.894915347469386
            ],
            [
              -0.8268193256418169,
              50.89459615432597
            ],
            [
              -0.8268247478185458,
              50.89438031006165
            ],
            [
              -0.8264888850977463,
              50.894161036119
            ],
            [
              -0.8235519285935337,
              50.89330386837883
            ],
            [
              -0.823045450801968,
              50.893082865167244
            ],
            [
              -0.8229371318261245,
              50.89286587436429
            ],
            [
              -0.8232251532529615,
              50.89272484505929
            ],
            [
              -0.824647128427639,
              50.89273916823452
            ],
            [
              -0.8251653741765603,
              50.89249250209853
            ],
            [
              -0.8254633380288564,
              50.89195575277565
            ],
            [
              -0.825810032975885,
              50.89174334105327
            ],
            [
              -0.826037544354971,
              50.89174562885611
            ],
            [
              -0.8263363972744093,
              50.89117290308245
            ],
            [
              -0.8267417666158182,
              50.89088911210419
            ],
            [
              -0.8266876008465532,
              50.89078061835009
            ],
            [
              -0.827554296496409,
              50.89024957762616
            ],
            [
              -0.8279641637467037,
              50.88978591183494
            ],
            [
              -0.8280878429936721,
              50.88939133866425
            ],
            [
              -0.8279795087864115,
              50.88917435230648
            ],
            [
              -0.8281546455531441,
              50.88899619449428
            ],
            [
              -0.8280436042037528,
              50.888887130472675
            ],
            [
              -0.8289030339180339,
              50.888643872038664
            ],
            [
              -0.8295846222242854,
              50.88868668985313
            ],
            [
              -0.8300919850970656,
              50.88887169062333
            ],
            [
              -0.8301859135109726,
              50.889664260997364
            ],
            [
              -0.8308522104808828,
              50.89031863152264
            ],
            [
              -0.8308982815900208,
              50.89075089049918
            ],
            [
              -0.8312269394302124,
              50.8912579448284
            ],
            [
              -0.8319492519649055,
              50.89194885263818
            ],
            [
              -0.8322363413978612,
              50.891843774986896
            ],
            [
              -0.8326497731097415,
              50.89123619611084
            ],
            [
              -0.8329341599443464,
              50.89123903911358
            ],
            [
              -0.8335454364774788,
              50.8918208776616
            ],
            [
              -0.8345159550488356,
              50.8916866370673
            ],
            [
              -0.8347045394960858,
              50.89096885694243
            ],
            [
              -0.8352245072547705,
              50.89065019724898
            ],
            [
              -0.836083933033346,
              50.8904068859827
            ],
            [
              -0.8362724879278309,
              50.889689102976206
            ],
            [
              -0.8369666391061998,
              50.88922823902535
            ],
            [
              -0.8367633274223593,
              50.888254669013115
            ],
            [
              -0.8368408040384261,
              50.88742782872992
            ],
            [
              -0.837638813826936,
              50.88736380993019
            ],
            [
              -0.8386029676177431,
              50.887481354187244
            ],
            [
              -0.8379330215665297,
              50.88697092407738
            ],
            [
              -0.8368927546112721,
              50.88534132379364
            ],
            [
              -0.8367346845154027,
              50.88483598479098
            ],
            [
              -0.8370638071509785,
              50.88304010556714
            ],
            [
              -0.838189017634398,
              50.8812521499045
            ],
            [
              -0.8386466227357081,
              50.881148753320026
            ],
            [
              -0.8387567768301851,
              50.88129378171776
            ],
            [
              -0.8383735483615807,
              50.88298117816234
            ],
            [
              -0.8383991111227478,
              50.88424084306361
            ],
            [
              -0.8388975207803441,
              50.88478554817053
            ],
            [
              -0.8406426253955385,
              50.885522553256884
            ],
            [
              -0.8410309022588138,
              50.88592222277453
            ],
            [
              -0.8413170420994348,
              50.885853096585436
            ],
            [
              -0.8416085332663679,
              50.885568123961825
            ],
            [
              -0.8427521844344762,
              50.88532758350295
            ],
            [
              -0.8432124921294232,
              50.88511624636135
            ],
            [
              -0.843920750130637,
              50.88407975068541
            ],
            [
              -0.8450243818964925,
              50.883155112070014
            ],
            [
              -0.8462594826992752,
              50.88381502055517
            ],
            [
              -0.8474892937057735,
              50.88469076234054
            ],
            [
              -0.8479904760131722,
              50.88512750619815
            ],
            [
              -0.8479727337903067,
              50.88584699359306
            ],
            [
              -0.8482055399302525,
              50.88563339179449
            ],
            [
              -0.8483166210640991,
              50.88574243695154
            ]
          ],
          [
            [
              -0.8482597500772228,
              50.88574187594383
            ],
            [
              -0.8482011051910135,
              50.885813263649894
            ],
            [
              -0.8482579762636311,
              50.885813824686736
            ],
            [
              -0.8482597500772228,
              50.88574187594383
            ]
          ]
        ]
      },
      "properties": {
        "source": "Coarse-screen discovery",
        "name": "Unnamed face near SU 822 109",
        "status": "Failed terrain threshold",
        "easting": 482125.5874538519,
        "northing": 110944.08538252678,
        "latitude": 50.89215176221401,
        "longitude": -0.8337060386355781,
        "grid_ref": "SU 8212 1094",
        "distance_miles": 17.597226512425124,
        "aspect_deg": 167.48114013671875,
        "aspect_text": "SSE",
        "representative_slope_deg": 15.093606948852539,
        "median_local_slope_deg": 13.305980682373047,
        "max_robust_slope_deg": 28.266145706176758,
        "mean_upper_slope_deg": 16.158550262451172,
        "vertical_relief_m": 68.79948425292969,
        "vertical_relief_ft": 225.72009991638183,
        "horizontal_run_m": 240.0,
        "face_width_m": 1038.9724549626117,
        "ridge_length_m": 1038.9724549626117,
        "downslope_span_m": 608.1079257005185,
        "connected_area_ha": 25.40572868764444,
        "lip_sharpness_deg": -2.8633856773376465,
        "roughness_m": 7.021207332611084,
        "gaps_count": 0,
        "largest_gap_m": 0,
        "percent_face_at_benchmark": 18.131828166596353,
        "whitewool_slope_percent": 126.34458105054088,
        "whitewool_relief_percent": 123.62058619007978,
        "pass_terrain": false,
        "terrain_score": 91.70668655384746,
        "overall_score": 91.70668655384746,
        "landcover_observation": "Not yet checked",
        "launch_observation": "Terrain-derived only",
        "landing_observation": "Terrain-derived only",
        "obstacle_observation": "Not yet checked",
        "airspace_observation": "Not yet checked",
        "protected_observation": "Not yet checked",
        "existing_site_conflict": "None identified",
        "confidence": "Medium",
        "reason": "Representative sustained slope 15.1\u00b0 versus Whitewool 11.9\u00b0; relief 69 m versus 56 m; continuous ridge 1039 m versus 1196 m; 18% of the broader face reaches the benchmark threshold.",
        "profile_file": "profiles/unnamed_face_near_su_822_109_profile.png"
      }
    },
    {
      "type": "Feature",
      "geometry": {
        "type": "Polygon",
        "coordinates": [
          [
            [
              -0.9314999871354016,
              51.0819466416189
            ],
            [
              -0.9335270544882784,
              51.08074176831767
            ],
            [
              -0.9341610649632961,
              51.0804956770701
            ],
            [
              -0.9349870463772807,
              51.07935178746202
            ],
            [
              -0.935860194040331,
              51.07864010220849
            ],
            [
              -0.9370701937451218,
              51.07818334537418
            ],
            [
              -0.9379855734212916,
              51.07811969967683
            ],
            [
              -0.9402575787768633,
              51.07868003988201
            ],
            [
              -0.9418590915804387,
              51.07858659873836
            ],
            [
              -0.9438155347268186,
              51.07795661626517
            ],
            [
              -0.9442218403817136,
              51.07767243181685
            ],
            [
              -0.9447521738334289,
              51.076957584527776
            ],
            [
              -0.9456642498939893,
              51.0770377759157
            ],
            [
              -0.9462818068353989,
              51.07751110542783
            ],
            [
              -0.947244474459701,
              51.077879594166994
            ],
            [
              -0.9480333848226531,
              51.07835445693899
            ],
            [
              -0.9487766131315332,
              51.0783251595443
            ],
            [
              -0.9491739296407141,
              51.078436676083456
            ],
            [
              -0.9493468853673839,
              51.078366266880856
            ],
            [
              -0.9492922206289115,
              51.07825783051674
            ],
            [
              -0.9496927952521291,
              51.07822544769616
            ],
            [
              -0.9493558461374572,
              51.077970548481076
            ],
            [
              -0.9497531610434958,
              51.078082063048484
            ],
            [
              -0.9493615483400667,
              51.07771872766655
            ],
            [
              -0.9495916089520531,
              51.077648831204634
            ],
            [
              -0.9492024452433621,
              51.07717757207157
            ],
            [
              -0.9493337663086413,
              51.07642313587864
            ],
            [
              -0.9491061556908363,
              51.07638510865748
            ],
            [
              -0.9491102294389154,
              51.07620523661357
            ],
            [
              -0.9488222541812453,
              51.07631059320655
            ],
            [
              -0.9488850648321842,
              51.076059285741124
            ],
            [
              -0.9485391687810977,
              51.07620010266782
            ],
            [
              -0.9486019808049041,
              51.07594879535795
            ],
            [
              -0.9482569001392734,
              51.076053637049036
            ],
            [
              -0.9482642386955088,
              51.07572986743548
            ],
            [
              -0.9479746332831412,
              51.07590717075551
            ],
            [
              -0.9481532896427614,
              51.07558494244294
            ],
            [
              -0.9480978153744171,
              51.075512479907395
            ],
            [
              -0.9478677631979598,
              51.07558237350372
            ],
            [
              -0.9479860517608228,
              51.075403529159146
            ],
            [
              -0.9477584472770452,
              51.07536549934315
            ],
            [
              -0.9479444435150759,
              51.07471950169132
            ],
            [
              -0.9488703345973468,
              51.074188102884264
            ],
            [
              -0.9488213800982083,
              51.07382784531644
            ],
            [
              -0.9481426659031023,
              51.073533887447255
            ],
            [
              -0.947742946563989,
              51.073530290803554
            ],
            [
              -0.9465290889376878,
              51.07416703177052
            ],
            [
              -0.9462288667368622,
              51.074811997878136
            ],
            [
              -0.944110278468308,
              51.07504475715906
            ],
            [
              -0.9426165433967572,
              51.07542705755968
            ],
            [
              -0.942211888021307,
              51.07563928792867
            ],
            [
              -0.941853669716311,
              51.07631969991419
            ],
            [
              -0.9410410485967233,
              51.07688805099111
            ],
            [
              -0.9393442930312205,
              51.07615303650726
            ],
            [
              -0.9384330690280527,
              51.076036821676624
            ],
            [
              -0.9366611452700093,
              51.07609268425691
            ],
            [
              -0.9354561484939168,
              51.076333591822696
            ],
            [
              -0.9343620471113585,
              51.07671942480016
            ],
            [
              -0.9333738716567346,
              51.07746603154716
            ],
            [
              -0.932082734920213,
              51.07896548024544
            ],
            [
              -0.9310398511952865,
              51.0796036223063
            ],
            [
              -0.9301028641133876,
              51.08060254163008
            ],
            [
              -0.9301491907031894,
              51.08107072827025
            ],
            [
              -0.9314999871354016,
              51.0819466416189
            ]
          ],
          [
            [
              -0.949465990034656,
              51.07815144673073
            ],
            [
              -0.9493509584698376,
              51.07818639488443
            ],
            [
              -0.9493517730852987,
              51.07815042048446
            ],
            [
              -0.949465990034656,
              51.07815144673073
            ]
          ],
          [
            [
              -0.9493525876990833,
              51.07811444608423
            ],
            [
              -0.9492946646131349,
              51.078149907319464
            ],
            [
              -0.9492954792711902,
              51.07811393291991
            ],
            [
              -0.9493525876990833,
              51.07811444608423
            ]
          ],
          [
            [
              -0.949357475346585,
              51.07789859967806
            ],
            [
              -0.9492995525363151,
              51.07793406091864
            ],
            [
              -0.9493003671843104,
              51.07789808651768
            ],
            [
              -0.949357475346585,
              51.07789859967806
            ]
          ],
          [
            [
              -0.9493011818306284,
              51.07786211211649
            ],
            [
              -0.9492432590237115,
              51.07789757332939
            ],
            [
              -0.9492440737143,
              51.077861598928855
            ],
            [
              -0.9493011818306284,
              51.07786211211649
            ]
          ],
          [
            [
              -0.9491428937246539,
              51.07728498205079
            ],
            [
              -0.9489740161659239,
              51.07717551898035
            ],
            [
              -0.9489821648743967,
              51.0768157749509
            ],
            [
              -0.9490319382668949,
              51.07714005789244
            ],
            [
              -0.9491428937246539,
              51.07728498205079
            ]
          ],
          [
            [
              -0.94909882283866,
              51.07670887832191
            ],
            [
              -0.9490409013316068,
              51.07674433944901
            ],
            [
              -0.9490417161456103,
              51.07670836504366
            ],
            [
              -0.94909882283866,
              51.07670887832191
            ]
          ],
          [
            [
              -0.9491583736997365,
              51.07660146835091
            ],
            [
              -0.9490996376067196,
              51.07667290391568
            ],
            [
              -0.9491012671378096,
              51.07660095510252
            ],
            [
              -0.9491583736997365,
              51.07660146835091
            ]
          ],
          [
            [
              -0.9477494737145746,
              51.0757612177178
            ],
            [
              -0.9476915523799457,
              51.07579667818286
            ],
            [
              -0.9476923682126888,
              51.07576070378722
            ],
            [
              -0.9477494737145746,
              51.0757612177178
            ]
          ],
          [
            [
              -0.9478082107015331,
              51.07568978282586
            ],
            [
              -0.9477502895013749,
              51.07572524332126
            ],
            [
              -0.9477511052864972,
              51.07568926892449
            ],
            [
              -0.9478082107015331,
              51.07568978282586
            ]
          ]
        ]
      },
      "properties": {
        "source": "Coarse-screen discovery",
        "name": "Unnamed face near SU 740 312",
        "status": "Passed terrain threshold",
        "easting": 474513.131529381,
        "northing": 131490.27765797602,
        "latitude": 51.0779075781472,
        "longitude": -0.9377124877511499,
        "grid_ref": "SU 7451 3149",
        "distance_miles": 5.271154783880923,
        "aspect_deg": 167.647705078125,
        "aspect_text": "SSE",
        "representative_slope_deg": 14.600713729858398,
        "median_local_slope_deg": 13.968563079833984,
        "max_robust_slope_deg": 30.19800567626953,
        "mean_upper_slope_deg": 15.497709274291992,
        "vertical_relief_m": 66.83927917480469,
        "vertical_relief_ft": 219.2889806878662,
        "horizontal_run_m": 240.0,
        "face_width_m": 1284.0320658064447,
        "ridge_length_m": 1284.0320658064447,
        "downslope_span_m": 520.0174779568479,
        "connected_area_ha": 18.1272788128,
        "lip_sharpness_deg": -6.773037910461426,
        "roughness_m": 8.180492401123047,
        "gaps_count": 0,
        "largest_gap_m": 0,
        "percent_face_at_benchmark": 39.84796468857283,
        "whitewool_slope_percent": 122.21870262615263,
        "whitewool_relief_percent": 120.09844204260727,
        "pass_terrain": true,
        "terrain_score": 91.434925108825,
        "overall_score": 91.434925108825,
        "landcover_observation": "Not yet checked",
        "launch_observation": "Upper face appears large enough geometrically; surface, fences, rotor and ownership require field inspection.",
        "landing_observation": "DTM shows downslope continuation; actual emergency landing suitability requires aerial imagery and a site visit.",
        "obstacle_observation": "OSM query failed: 406 Client Error: Not Acceptable for url: https://overpass-api.de/api/interpreter",
        "airspace_observation": "Nearest aerodromes: Lasham Gliding Centre 8.6 mi, Popham Airfield 15.2 mi. This is proximity screening only; current chart/NOTAM and local operating procedures remain mandatory.",
        "protected_observation": "Not yet checked",
        "existing_site_conflict": "No listed recognised site within 2 miles",
        "confidence": "Low",
        "reason": "Rank 5 terrain-only. Representative sustained slope 14.6\u00b0 versus Whitewool 11.9\u00b0; relief 67 m versus 56 m; continuous ridge 1284 m versus 1196 m; 40% of the broader face reaches the benchmark threshold.",
        "profile_file": "profiles/unnamed_face_near_su_740_312_profile.png"
      }
    },
    {
      "type": "Feature",
      "geometry": {
        "type": "Polygon",
        "coordinates": [
          [
            [
              -0.5722408081243303,
              51.14143723024551
            ],
            [
              -0.5730468500750631,
              51.141267154539676
            ],
            [
              -0.5735692132278977,
              51.14102164919849
            ],
            [
              -0.573852886199719,
              51.141097073226064
            ],
            [
              -0.5740266364421494,
              51.14102722679622
            ],
            [
              -0.5740222039259477,
              51.14117110244474
            ],
            [
              -0.5743685960895213,
              51.141067377738736
            ],
            [
              -0.5747865624285874,
              51.14049675268865
            ],
            [
              -0.57467553067926,
              51.14038745243104
            ],
            [
              -0.5751001303915212,
              51.13960101251552
            ],
            [
              -0.5753343703665437,
              51.139423953777616
            ],
            [
              -0.5756162012429538,
              51.13770022957677
            ],
            [
              -0.5766320590807191,
              51.13814438573842
            ],
            [
              -0.5789057868071695,
              51.13860382290552
            ],
            [
              -0.5784967251333725,
              51.138886711438
            ],
            [
              -0.5786594157380085,
              51.139176547937524
            ],
            [
              -0.5793894538936508,
              51.139617206124356
            ],
            [
              -0.5806340978334212,
              51.1400641056005
            ],
            [
              -0.5837667242033135,
              51.14049788477144
            ],
            [
              -0.5846177876808312,
              51.140724080931534
            ],
            [
              -0.5875866459689502,
              51.14090389884733
            ],
            [
              -0.5879901844876025,
              51.140800823976086
            ],
            [
              -0.5881209978300415,
              51.14026266741614
            ],
            [
              -0.588652044639815,
              51.13972934080411
            ],
            [
              -0.5889994904476284,
              51.13958960324102
            ],
            [
              -0.5891226141446145,
              51.139303229437175
            ],
            [
              -0.5900418153543391,
              51.13917038423948
            ],
            [
              -0.5902705194254144,
              51.139173140980965
            ],
            [
              -0.5903233138919282,
              51.139317706804945
            ],
            [
              -0.590666371145406,
              51.13932184093235
            ],
            [
              -0.5915899461480996,
              51.139045106778596
            ],
            [
              -0.5919406604400281,
              51.138797452747205
            ],
            [
              -0.5931369757665611,
              51.13895577797616
            ],
            [
              -0.5933711441316101,
              51.138778682525114
            ],
            [
              -0.5940485117830627,
              51.13907468572667
            ],
            [
              -0.5949061519374116,
              51.13908499180922
            ],
            [
              -0.5955813514049443,
              51.139452924730016
            ],
            [
              -0.5965446276591313,
              51.139752345972184
            ],
            [
              -0.5970685421776485,
              51.13756370728328
            ],
            [
              -0.5967418520172282,
              51.13702005271268
            ],
            [
              -0.5962338346710437,
              51.13679806237467
            ],
            [
              -0.5954355922440726,
              51.13671651440873
            ],
            [
              -0.5942327728185507,
              51.13677402854869
            ],
            [
              -0.5932695735046424,
              51.13647458871601
            ],
            [
              -0.5922579645288132,
              51.13588669909797
            ],
            [
              -0.5916268840369987,
              51.135951066451454
            ],
            [
              -0.59087269885952,
              51.13630180647733
            ],
            [
              -0.5906440089144075,
              51.136299051023244
            ],
            [
              -0.5900821433532917,
              51.13596843769917
            ],
            [
              -0.5892839268781616,
              51.13588684792562
            ],
            [
              -0.5891102186651139,
              51.13595671741688
            ],
            [
              -0.5890992565027897,
              51.136316409191686
            ],
            [
              -0.589591891770202,
              51.13704199876823
            ],
            [
              -0.589300544427485,
              51.137218397087
            ],
            [
              -0.5886694419446734,
              51.13728274829029
            ],
            [
              -0.5879910381991831,
              51.137022683472885
            ],
            [
              -0.5875908250831992,
              51.13701785122631
            ],
            [
              -0.5873577414875055,
              51.13715896590618
            ],
            [
              -0.5874039391465068,
              51.137519347864014
            ],
            [
              -0.5870235672467781,
              51.13873815480103
            ],
            [
              -0.5867959637560068,
              51.13869942260167
            ],
            [
              -0.5866783184493747,
              51.13880594827017
            ],
            [
              -0.5860021014058884,
              51.13847393365023
            ],
            [
              -0.5858932453111214,
              51.13829270560686
            ],
            [
              -0.5856645460209812,
              51.13828994034021
            ],
            [
              -0.5855556916727256,
              51.13810871199084
            ],
            [
              -0.585440243353362,
              51.13814329819533
            ],
            [
              -0.5849421646324758,
              51.13759753720482
            ],
            [
              -0.5847695431656419,
              51.137631431023195
            ],
            [
              -0.5846595941144257,
              51.137486170960926
            ],
            [
              -0.5844847731448306,
              51.13759200255863
            ],
            [
              -0.5843737251402401,
              51.13748271133134
            ],
            [
              -0.5840867560547627,
              51.137515220094485
            ],
            [
              -0.583186286429832,
              51.13703654431498
            ],
            [
              -0.5830136658293181,
              51.13707043555083
            ],
            [
              -0.5830169687752693,
              51.13696252831807
            ],
            [
              -0.5826156557477575,
              51.136993648127365
            ],
            [
              -0.582525539288674,
              51.13620094277817
            ],
            [
              -0.5803057542180391,
              51.13585017756845
            ],
            [
              -0.5793305247162294,
              51.135946283147916
            ],
            [
              -0.5786466723425016,
              51.13586600974948
            ],
            [
              -0.5791250207536816,
              51.13518815559722
            ],
            [
              -0.5798265182026496,
              51.13469292148772
            ],
            [
              -0.5811513551615315,
              51.13438515893109
            ],
            [
              -0.5815009868298546,
              51.13417350524916
            ],
            [
              -0.5816296513603962,
              51.133707293955
            ],
            [
              -0.5814647565227498,
              51.1334893994795
            ],
            [
              -0.5811250507809133,
              51.13337733149005
            ],
            [
              -0.5806083277017133,
              51.13344302658566
            ],
            [
              -0.5795638419643827,
              51.133934100331196
            ],
            [
              -0.5779675219140967,
              51.133770772549944
            ],
            [
              -0.576193070249093,
              51.13382114927578
            ],
            [
              -0.5755564641023497,
              51.13406527489746
            ],
            [
              -0.5746967094419679,
              51.13412676559543
            ],
            [
              -0.5739379964285846,
              51.134621271553875
            ],
            [
              -0.5723294730718601,
              51.13485352513963
            ],
            [
              -0.5715135521728546,
              51.135347317135015
            ],
            [
              -0.5714980140139316,
              51.135850881829406
            ],
            [
              -0.5717761036219363,
              51.13610615520997
            ],
            [
              -0.5717561290378658,
              51.136753595512154
            ],
            [
              -0.5721385862895997,
              51.13733398444782
            ],
            [
              -0.5722340735042896,
              51.137946851738256
            ],
            [
              -0.5714225365819907,
              51.138296766818485
            ],
            [
              -0.5711749646773652,
              51.138905444270414
            ],
            [
              -0.5713353889980611,
              51.13926722835441
            ],
            [
              -0.572017058730338,
              51.13941948254637
            ],
            [
              -0.5720697962759199,
              51.139564056153155
            ],
            [
              -0.572299609922098,
              51.13953087915628
            ],
            [
              -0.5722951722745493,
              51.13967475473369
            ],
            [
              -0.572468919438383,
              51.139604910578086
            ],
            [
              -0.5725216585993673,
              51.139749483989505
            ],
            [
              -0.5726954057109602,
              51.13967963949778
            ],
            [
              -0.572500582561845,
              51.14043289298843
            ],
            [
              -0.5722707645593886,
              51.14046607034089
            ],
            [
              -0.5719099455331149,
              51.141037384294094
            ],
            [
              -0.571958245529245,
              51.141325833437605
            ],
            [
              -0.5722408081243303,
              51.14143723024551
            ]
          ],
          [
            [
              -0.574086030509799,
              51.14095598604274
            ],
            [
              -0.5740277445654928,
              51.140991257883506
            ],
            [
              -0.574028852686553,
              51.14095528897055
            ],
            [
              -0.574086030509799,
              51.14095598604274
            ]
          ],
          [
            [
              -0.5746733154847719,
              51.14045939028399
            ],
            [
              -0.5746150306152856,
              51.140494662428914
            ],
            [
              -0.5746161382603557,
              51.1404586935037
            ],
            [
              -0.5746733154847719,
              51.14045939028399
            ]
          ],
          [
            [
              -0.5880627233284306,
              51.140297946347175
            ],
            [
              -0.5880044487380127,
              51.14033322524827
            ],
            [
              -0.5880055459722221,
              51.14029725611369
            ],
            [
              -0.5880627233284306,
              51.140297946347175
            ]
          ]
        ]
      },
      "properties": {
        "source": "Coarse-screen discovery",
        "name": "Unnamed face near SU 996 384",
        "status": "Failed terrain threshold",
        "easting": 499557.52699621825,
        "northing": 138557.23654857866,
        "latitude": 51.13764098864378,
        "longitude": -0.5783625877711663,
        "grid_ref": "SU 9955 3855",
        "distance_miles": 20.594907785153158,
        "aspect_deg": 187.09767150878906,
        "aspect_text": "S",
        "representative_slope_deg": 13.444297790527344,
        "median_local_slope_deg": 20.08543586730957,
        "max_robust_slope_deg": 26.263755798339844,
        "mean_upper_slope_deg": 14.887834548950195,
        "vertical_relief_m": 55.57937240600586,
        "vertical_relief_ft": 182.34702816452025,
        "horizontal_run_m": 240.0,
        "face_width_m": 1088.3196793008246,
        "ridge_length_m": 1088.3196793008246,
        "downslope_span_m": 681.3489950924995,
        "connected_area_ha": 18.341821769955555,
        "lip_sharpness_deg": 3.5920987129211426,
        "roughness_m": 5.75933837890625,
        "gaps_count": 0,
        "largest_gap_m": 0,
        "percent_face_at_benchmark": 18.77055346587856,
        "whitewool_slope_percent": 112.53865147137832,
        "whitewool_relief_percent": 99.86636777171206,
        "pass_terrain": false,
        "terrain_score": 90.98125289656689,
        "overall_score": 90.98125289656689,
        "landcover_observation": "Not yet checked",
        "launch_observation": "Terrain-derived only",
        "landing_observation": "Terrain-derived only",
        "obstacle_observation": "Not yet checked",
        "airspace_observation": "Not yet checked",
        "protected_observation": "Not yet checked",
        "existing_site_conflict": "None identified",
        "confidence": "Medium",
        "reason": "Representative sustained slope 13.4\u00b0 versus Whitewool 11.9\u00b0; relief 56 m versus 56 m; continuous ridge 1088 m versus 1196 m; 19% of the broader face reaches the benchmark threshold.",
        "profile_file": "profiles/unnamed_face_near_su_996_384_profile.png"
      }
    },
    {
      "type": "Feature",
      "geometry": {
        "type": "Polygon",
        "coordinates": [
          [
            [
              -0.7453814104418146,
              51.072911178133104
            ],
            [
              -0.7485934492744973,
              51.07240586930302
            ],
            [
              -0.7491131438798586,
              51.072195537213815
            ],
            [
              -0.750992509189324,
              51.07239554173965
            ],
            [
              -0.7526599383802122,
              51.07198155634558
            ],
            [
              -0.7561409273032034,
              51.07209060822405
            ],
            [
              -0.7578015603353648,
              51.071928353181825
            ],
            [
              -0.7589511968956522,
              51.0716527045235
            ],
            [
              -0.7592414893448972,
              51.071475874419654
            ],
            [
              -0.7603292054306247,
              51.07137946637406
            ],
            [
              -0.7610201245380847,
              51.07117089700392
            ],
            [
              -0.7617719726669285,
              51.07081903987124
            ],
            [
              -0.7620670471286611,
              51.07046234214468
            ],
            [
              -0.7637664907078816,
              51.07098407631868
            ],
            [
              -0.7640548446858509,
              51.07087917832297
            ],
            [
              -0.7642937645386952,
              51.070485899123035
            ],
            [
              -0.7641301422952834,
              51.07019631154838
            ],
            [
              -0.7642634895157446,
              51.06947807600126
            ],
            [
              -0.7634224138244242,
              51.06889346657846
            ],
            [
              -0.7630237190040847,
              51.06885326652052
            ],
            [
              -0.7627353754098495,
              51.068958162079156
            ],
            [
              -0.7625089200180581,
              51.0688838007125
            ],
            [
              -0.7623918555099101,
              51.06899050830983
            ],
            [
              -0.7620598495217188,
              51.06859118824341
            ],
            [
              -0.7616031057653501,
              51.06858635089924
            ],
            [
              -0.7606771309131304,
              51.06904430800683
            ],
            [
              -0.7599708634925831,
              51.06982842882098
            ],
            [
              -0.7596825070292467,
              51.069933316741015
            ],
            [
              -0.7595885088692232,
              51.069176691784456
            ],
            [
              -0.7599512553163963,
              51.06842491224866
            ],
            [
              -0.7597838222502235,
              51.068279207052726
            ],
            [
              -0.7597934348795822,
              51.06791948624683
            ],
            [
              -0.7595079743932994,
              51.06791645760972
            ],
            [
              -0.759217705454882,
              51.06809328864293
            ],
            [
              -0.7590919791844208,
              51.068523741545185
            ],
            [
              -0.7577384037968387,
              51.07002062196767
            ],
            [
              -0.757449078034791,
              51.07016147636932
            ],
            [
              -0.7564755748474966,
              51.070259072440535
            ],
            [
              -0.7544220904066286,
              51.07016524766145
            ],
            [
              -0.7547210777975816,
              51.06966468081079
            ],
            [
              -0.7556480876074816,
              51.06917079941597
            ],
            [
              -0.7560041481738453,
              51.06867083673744
            ],
            [
              -0.7560108976374124,
              51.06841903255326
            ],
            [
              -0.7552754469421631,
              51.06815932845188
            ],
            [
              -0.7548738707442988,
              51.068227016731164
            ],
            [
              -0.7540620234838449,
              51.068686137123095
            ],
            [
              -0.7534862635235533,
              51.068859911048406
            ],
            [
              -0.7508570773516,
              51.06893979509862
            ],
            [
              -0.7503877405412451,
              51.0694025492544
            ],
            [
              -0.7499880845297868,
              51.069398276724165
            ],
            [
              -0.7492516833230741,
              51.06917450682535
            ],
            [
              -0.7486797793358473,
              51.06920436918565
            ],
            [
              -0.7481620571837094,
              51.06934275584721
            ],
            [
              -0.7474052769208803,
              51.06987438446743
            ],
            [
              -0.7465478919814412,
              51.06990117735184
            ],
            [
              -0.74608627828657,
              51.07007613871938
            ],
            [
              -0.7455743729436747,
              51.06999868250829
            ],
            [
              -0.744993701540069,
              51.07035227357005
            ],
            [
              -0.744538889735613,
              51.07027542571059
            ],
            [
              -0.7437937379932826,
              51.070375368236206
            ],
            [
              -0.7431715409022412,
              51.070152787093015
            ],
            [
              -0.7420838208086612,
              51.07024903543836
            ],
            [
              -0.7412313051702966,
              51.07009593014832
            ],
            [
              -0.7400796519373118,
              51.07044334770804
            ],
            [
              -0.7399249721413215,
              51.0698299811382
            ],
            [
              -0.7397005036481509,
              51.06968363222617
            ],
            [
              -0.7382209547820454,
              51.06948776129475
            ],
            [
              -0.7354008276226771,
              51.07028488359562
            ],
            [
              -0.7320903339593127,
              51.07021304474421
            ],
            [
              -0.7311709239906165,
              51.07041896390077
            ],
            [
              -0.7309947220222099,
              51.07059696314877
            ],
            [
              -0.7298567652820475,
              51.070440676048854
            ],
            [
              -0.7300201735700499,
              51.070730310066374
            ],
            [
              -0.7307506011705908,
              51.071170030564446
            ],
            [
              -0.7321041847811389,
              51.07179641794804
            ],
            [
              -0.73374623523739,
              51.07231796720351
            ],
            [
              -0.7352868731009954,
              51.072370626004044
            ],
            [
              -0.7370666726687413,
              51.07203004277545
            ],
            [
              -0.7375707564869455,
              51.07239531027899
            ],
            [
              -0.738535540572251,
              51.072621618157406
            ],
            [
              -0.7393910249362373,
              51.072666827993075
            ],
            [
              -0.7409936596566741,
              51.07254016843474
            ],
            [
              -0.7415607313506987,
              51.07269020303913
            ],
            [
              -0.7425894627867892,
              51.07266528956038
            ],
            [
              -0.7433849323743082,
              51.0728177715421
            ],
            [
              -0.7453814104418146,
              51.072911178133104
            ]
          ]
        ]
      },
      "properties": {
        "source": "Coarse-screen discovery",
        "name": "Unnamed face near SU 877 309",
        "status": "Failed terrain threshold",
        "easting": 487956.0974373068,
        "northing": 130945.20943030408,
        "latitude": 51.07110694547168,
        "longitude": -0.7459939274705373,
        "grid_ref": "SU 8795 3094",
        "distance_miles": 13.44245303636325,
        "aspect_deg": 193.4873809814453,
        "aspect_text": "SSW",
        "representative_slope_deg": 12.562263488769531,
        "median_local_slope_deg": 15.434876441955566,
        "max_robust_slope_deg": 22.562807083129883,
        "mean_upper_slope_deg": 13.505558013916016,
        "vertical_relief_m": 52.93928527832031,
        "vertical_relief_ft": 173.68532471252442,
        "horizontal_run_m": 240.0,
        "face_width_m": 1759.8151191484067,
        "ridge_length_m": 1759.8151191484067,
        "downslope_span_m": 547.1690326547541,
        "connected_area_ha": 19.864436339022223,
        "lip_sharpness_deg": -0.07417869567871094,
        "roughness_m": 5.250046253204346,
        "gaps_count": 0,
        "largest_gap_m": 0,
        "percent_face_at_benchmark": 20.678049379683085,
        "whitewool_slope_percent": 105.15537624065097,
        "whitewool_relief_percent": 95.12259502601052,
        "pass_terrain": false,
        "terrain_score": 88.95215606689453,
        "overall_score": 88.95215606689453,
        "landcover_observation": "Not yet checked",
        "launch_observation": "Terrain-derived only",
        "landing_observation": "Terrain-derived only",
        "obstacle_observation": "Not yet checked",
        "airspace_observation": "Not yet checked",
        "protected_observation": "Not yet checked",
        "existing_site_conflict": "None identified",
        "confidence": "Medium",
        "reason": "Representative sustained slope 12.6\u00b0 versus Whitewool 11.9\u00b0; relief 53 m versus 56 m; continuous ridge 1760 m versus 1196 m; 21% of the broader face reaches the benchmark threshold.",
        "profile_file": "profiles/unnamed_face_near_su_877_309_profile.png"
      }
    },
    {
      "type": "Feature",
      "geometry": {
        "type": "Polygon",
        "coordinates": [
          [
            [
              -0.4981264289243558,
              51.23338379477471
            ],
            [
              -0.5015802105538542,
              51.232924311682254
            ],
            [
              -0.505133353232156,
              51.23293376362009
            ],
            [
              -0.5079943657364975,
              51.233078215309746
            ],
            [
              -0.5096615934256008,
              51.232919545610486
            ],
            [
              -0.5098648317060921,
              51.23195061627178
            ],
            [
              -0.5097661587261682,
              51.22968248632638
            ],
            [
              -0.5091348498958261,
              51.229710428588795
            ],
            [
              -0.5082662556545153,
              51.229987218326954
            ],
            [
              -0.5069521607087211,
              51.22986251595937
            ],
            [
              -0.5060320875732777,
              51.22995872177479
            ],
            [
              -0.5047764517542969,
              51.229798758974994
            ],
            [
              -0.5035699448534335,
              51.229891285848694
            ],
            [
              -0.5028930148629761,
              51.22955878963943
            ],
            [
              -0.5024358964919792,
              51.229516959447764
            ],
            [
              -0.5022137594678883,
              51.22929822400668
            ],
            [
              -0.5016981910159958,
              51.229291625065905
            ],
            [
              -0.5015894606998987,
              51.22911032230051
            ],
            [
              -0.5007851314974523,
              51.229171986434366
            ],
            [
              -0.5000451012327176,
              51.22901857610748
            ],
            [
              -0.49962890146891004,
              51.22948100963066
            ],
            [
              -0.499162427200724,
              51.22972690402212
            ],
            [
              -0.4978413402860665,
              51.22981790252132
            ],
            [
              -0.49704168087759387,
              51.229735672234064
            ],
            [
              -0.49657987850751506,
              51.229837687692125
            ],
            [
              -0.49612745307945,
              51.22965196441692
            ],
            [
              -0.4956423730749928,
              51.228710193848656
            ],
            [
              -0.4948450836950999,
              51.22855601451559
            ],
            [
              -0.49432130921537226,
              51.228801152806746
            ],
            [
              -0.49453401753639226,
              51.22930763963124
            ],
            [
              -0.4944018417175242,
              51.229845672147796
            ],
            [
              -0.49363129060031297,
              51.23062736533326
            ],
            [
              -0.493361300262434,
              51.23012013959419
            ],
            [
              -0.4922226296187913,
              51.22988958310343
            ],
            [
              -0.4918906711514689,
              51.22952548426563
            ],
            [
              -0.4910325666667922,
              51.22947844192024
            ],
            [
              -0.4906959142672677,
              51.229258207887035
            ],
            [
              -0.4905813441877973,
              51.22925673037857
            ],
            [
              -0.4906923845263983,
              51.22936610896139
            ],
            [
              -0.4904667741180381,
              51.22925525275799
            ],
            [
              -0.48989274671235106,
              51.22928382998521
            ],
            [
              -0.48973266482013517,
              51.228921942399744
            ],
            [
              -0.4895070589071217,
              51.22881108437516
            ],
            [
              -0.48893068066834916,
              51.22891159093425
            ],
            [
              -0.4884641560990545,
              51.22915744227212
            ],
            [
              -0.4872050691003841,
              51.22910519253743
            ],
            [
              -0.48645092837616116,
              51.22938330017815
            ],
            [
              -0.4847465514903293,
              51.22892946028856
            ],
            [
              -0.4839971263561819,
              51.22906368433359
            ],
            [
              -0.4836463262668754,
              51.22927503326546
            ],
            [
              -0.4833026170503652,
              51.22927057970143
            ],
            [
              -0.482922910427672,
              51.228617978438926
            ],
            [
              -0.48207548273295914,
              51.22824716855679
            ],
            [
              -0.4816875169573915,
              51.22784633161375
            ],
            [
              -0.48088673864362935,
              51.227799958308076
            ],
            [
              -0.48065405374361614,
              51.227904884637134
            ],
            [
              -0.4801385059751249,
              51.22789819085944
            ],
            [
              -0.4795716012972524,
              51.22771091641977
            ],
            [
              -0.4787696419610552,
              51.22770049550708
            ],
            [
              -0.4780905529649981,
              51.22743979114204
            ],
            [
              -0.4773636846185264,
              51.226890603131665
            ],
            [
              -0.476732398157583,
              51.22691837074855
            ],
            [
              -0.47582895887813986,
              51.22651080385598
            ],
            [
              -0.47451624734415604,
              51.22634977194784
            ],
            [
              -0.47405086282370695,
              51.226559598725764
            ],
            [
              -0.47392916312588956,
              51.22677390555305
            ],
            [
              -0.4741941626057359,
              51.227425041486875
            ],
            [
              -0.4738338136203016,
              51.227924094842635
            ],
            [
              -0.473801691795917,
              51.22889519707682
            ],
            [
              -0.473126336188278,
              51.23025371426162
            ],
            [
              -0.47162022501534606,
              51.23073780786597
            ],
            [
              -0.4697810976212693,
              51.23089368836847
            ],
            [
              -0.46999954084112816,
              51.23294753277719
            ],
            [
              -0.4711453228041976,
              51.232962505044014
            ],
            [
              -0.47396677003808,
              51.23256753901282
            ],
            [
              -0.4752425760764318,
              51.23211639735137
            ],
            [
              -0.4762951462712259,
              51.231482424696644
            ],
            [
              -0.4771473344741708,
              51.23170940921354
            ],
            [
              -0.4802325814054054,
              51.232001386842896
            ],
            [
              -0.48073869939019354,
              51.232295815322004
            ],
            [
              -0.48198958013147636,
              51.23259990330187
            ],
            [
              -0.48422503323420235,
              51.23259289293046
            ],
            [
              -0.485705103475592,
              51.232899908935806
            ],
            [
              -0.4870251202407163,
              51.23284501537973
            ],
            [
              -0.4927517220216327,
              51.23299086524441
            ],
            [
              -0.4954349577158122,
              51.233313245551415
            ],
            [
              -0.4981264289243558,
              51.23338379477471
            ]
          ],
          [
            [
              -0.49080577838741973,
              51.22940355338959
            ],
            [
              -0.4907473166201733,
              51.22943878172667
            ],
            [
              -0.4907484931631231,
              51.22940281470166
            ],
            [
              -0.49080577838741973,
              51.22940355338959
            ]
          ],
          [
            [
              -0.49074966970364514,
              51.2293668476764
            ],
            [
              -0.4906912079412527,
              51.229402075985696
            ],
            [
              -0.4906923845263983,
              51.22936610896139
            ],
            [
              -0.49074966970364514,
              51.2293668476764
            ]
          ]
        ]
      },
      "properties": {
        "source": "Coarse-screen discovery",
        "name": "Unnamed face near TQ 055 490",
        "status": "Failed terrain threshold",
        "easting": 505470.5825283504,
        "northing": 149099.02641737106,
        "latitude": 51.23134195432208,
        "longitude": -0.4907838508059753,
        "grid_ref": "TQ 0547 4909",
        "distance_miles": 25.740849606549116,
        "aspect_deg": 187.95358276367188,
        "aspect_text": "S",
        "representative_slope_deg": 11.69614028930664,
        "median_local_slope_deg": 10.187681198120117,
        "max_robust_slope_deg": 15.346185684204102,
        "mean_upper_slope_deg": 11.825750350952148,
        "vertical_relief_m": 47.38825988769531,
        "vertical_relief_ft": 155.47329856994628,
        "horizontal_run_m": 240.0,
        "face_width_m": 2294.4598821356194,
        "ridge_length_m": 2294.4598821356194,
        "downslope_span_m": 394.58114805279183,
        "connected_area_ha": 32.63134335662222,
        "lip_sharpness_deg": -1.8068304061889648,
        "roughness_m": 2.923222541809082,
        "gaps_count": 0,
        "largest_gap_m": 0,
        "percent_face_at_benchmark": 10.286514886164623,
        "whitewool_slope_percent": 97.90528862772209,
        "whitewool_relief_percent": 85.14837762893957,
        "pass_terrain": false,
        "terrain_score": 88.10736846923828,
        "overall_score": 88.10736846923828,
        "landcover_observation": "Not yet checked",
        "launch_observation": "Terrain-derived only",
        "landing_observation": "Terrain-derived only",
        "obstacle_observation": "Not yet checked",
        "airspace_observation": "Not yet checked",
        "protected_observation": "Not yet checked",
        "existing_site_conflict": "None identified",
        "confidence": "Medium",
        "reason": "Representative sustained slope 11.7\u00b0 versus Whitewool 11.9\u00b0; relief 47 m versus 56 m; continuous ridge 2294 m versus 1196 m; 10% of the broader face reaches the benchmark threshold.",
        "profile_file": "profiles/unnamed_face_near_tq_055_490_profile.png"
      }
    },
    {
      "type": "Feature",
      "geometry": {
        "type": "Polygon",
        "coordinates": [
          [
            [
              -0.7137993646878324,
              50.91746206310523
            ],
            [
              -0.7142571846554628,
              50.91530810665698
            ],
            [
              -0.7147203444378755,
              50.915025339012956
            ],
            [
              -0.7156387267511997,
              50.91474757741492
            ],
            [
              -0.7161518482319451,
              50.91471723679695
            ],
            [
              -0.7171152523444403,
              50.9148717582785
            ],
            [
              -0.7180737220038722,
              50.91520613411077
            ],
            [
              -0.7188456898909217,
              50.916114188658774
            ],
            [
              -0.7199660335869753,
              50.91677417418475
            ],
            [
              -0.7208137083589362,
              50.916999362793945
            ],
            [
              -0.7216094124413656,
              50.91704405987306
            ],
            [
              -0.7224659641908765,
              50.916945484123744
            ],
            [
              -0.7240721302418558,
              50.91649526247395
            ],
            [
              -0.725859786071625,
              50.91565118322552
            ],
            [
              -0.72788774092032,
              50.914341912212755
            ],
            [
              -0.7285146574951719,
              50.91431275692595
            ],
            [
              -0.7290758529006588,
              50.914606732445876
            ],
            [
              -0.7296998347635348,
              50.91468548865286
            ],
            [
              -0.7300020975562124,
              50.91612810700942
            ],
            [
              -0.7307271923797528,
              50.91667573959623
            ],
            [
              -0.7311990703101656,
              50.91606915240252
            ],
            [
              -0.7315100000855758,
              50.9151009824173
            ],
            [
              -0.7325076625062642,
              50.91399633459648
            ],
            [
              -0.7328224576124879,
              50.91288426980936
            ],
            [
              -0.7326771509196132,
              50.91194712772699
            ],
            [
              -0.7318363509585956,
              50.91147021665317
            ],
            [
              -0.7298526879738785,
              50.91116078997419
            ],
            [
              -0.7272902520630296,
              50.911204855566226
            ],
            [
              -0.7258030098430924,
              50.911476502382286
            ],
            [
              -0.724713068139307,
              50.911788453386485
            ],
            [
              -0.723847763006555,
              50.912210799393144
            ],
            [
              -0.72308443349155,
              50.91306605378945
            ],
            [
              -0.7227164407890198,
              50.91403357808492
            ],
            [
              -0.7218560021215995,
              50.914276046153105
            ],
            [
              -0.7215145836225532,
              50.91427230856998
            ],
            [
              -0.7212369683431916,
              50.91401738564005
            ],
            [
              -0.7209310458536976,
              50.91271863617212
            ],
            [
              -0.7204847128164549,
              50.9123898964961
            ],
            [
              -0.7162329938036551,
              50.91176749697462
            ],
            [
              -0.7145809158571585,
              50.91182128876119
            ],
            [
              -0.7141177873994816,
              50.91210405622987
            ],
            [
              -0.7138792817578661,
              50.91249724612276
            ],
            [
              -0.7134799849633173,
              50.91252883081372
            ],
            [
              -0.7129010563972732,
              50.912882284227656
            ],
            [
              -0.7123671102924771,
              50.913668030736325
            ],
            [
              -0.7123482515904742,
              50.914351505918575
            ],
            [
              -0.7126569217908174,
              50.915542358737206
            ],
            [
              -0.7130853715720988,
              50.91651863073151
            ],
            [
              -0.7137993646878324,
              50.91746206310523
            ]
          ]
        ]
      },
      "properties": {
        "source": "Coarse-screen discovery",
        "name": "Unnamed face near SU 899 135",
        "status": "Failed terrain threshold",
        "easting": 489919.7573560003,
        "northing": 113578.69400534964,
        "latitude": 50.91467801152842,
        "longitude": -0.7222683217110552,
        "grid_ref": "SU 8991 1357",
        "distance_miles": 19.512458109938525,
        "aspect_deg": 179.12677001953125,
        "aspect_text": "S",
        "representative_slope_deg": 12.967961311340332,
        "median_local_slope_deg": 11.591361999511719,
        "max_robust_slope_deg": 25.011783599853516,
        "mean_upper_slope_deg": 14.995439529418945,
        "vertical_relief_m": 55.825035095214844,
        "vertical_relief_ft": 183.15300814178465,
        "horizontal_run_m": 240.0,
        "face_width_m": 1073.9402967775823,
        "ridge_length_m": 1073.9402967775823,
        "downslope_span_m": 500.85356243168644,
        "connected_area_ha": 21.760099482844442,
        "lip_sharpness_deg": -2.422635078430176,
        "roughness_m": 4.803797721862793,
        "gaps_count": 0,
        "largest_gap_m": 0,
        "percent_face_at_benchmark": 27.52171747911249,
        "whitewool_slope_percent": 108.5513651251847,
        "whitewool_relief_percent": 100.30778046506016,
        "pass_terrain": false,
        "terrain_score": 86.92527020106887,
        "overall_score": 86.92527020106887,
        "landcover_observation": "Not yet checked",
        "launch_observation": "Terrain-derived only",
        "landing_observation": "Terrain-derived only",
        "obstacle_observation": "Not yet checked",
        "airspace_observation": "Not yet checked",
        "protected_observation": "Not yet checked",
        "existing_site_conflict": "None identified",
        "confidence": "Medium",
        "reason": "Representative sustained slope 13.0\u00b0 versus Whitewool 11.9\u00b0; relief 56 m versus 56 m; continuous ridge 1074 m versus 1196 m; 28% of the broader face reaches the benchmark threshold.",
        "profile_file": "profiles/unnamed_face_near_su_899_135_profile.png"
      }
    },
    {
      "type": "Feature",
      "geometry": {
        "type": "Polygon",
        "coordinates": [
          [
            [
              -0.43276432641813783,
              51.17989380440348
            ],
            [
              -0.4318743958065454,
              51.179126242817894
            ],
            [
              -0.4309674017558199,
              51.17886220324443
            ],
            [
              -0.4302954078812514,
              51.17842139634806
            ],
            [
              -0.4296879780061278,
              51.1777655558509
            ],
            [
              -0.42958820237781437,
              51.177332423969496
            ],
            [
              -0.4288443552138789,
              51.17732243656362
            ],
            [
              -0.42861914733676154,
              51.17721146367067
            ],
            [
              -0.4263839407067796,
              51.177289367616105
            ],
            [
              -0.42530658445197006,
              51.17698700934582
            ],
            [
              -0.42473439973882976,
              51.17697930624302
            ],
            [
              -0.42422801638458096,
              51.1767206074858
            ],
            [
              -0.42354139907190447,
              51.17671135713124
            ],
            [
              -0.42191031668428514,
              51.1758617631537
            ],
            [
              -0.4209936164782458,
              51.17588537663907
            ],
            [
              -0.42081213580050214,
              51.176170789076174
            ],
            [
              -0.42083494922718545,
              51.17717861410958
            ],
            [
              -0.42133763311871747,
              51.17754522592713
            ],
            [
              -0.42138748217493505,
              51.177761795054714
            ],
            [
              -0.42071505896797,
              51.17901211573312
            ],
            [
              -0.42013055666854177,
              51.17936405135325
            ],
            [
              -0.4189861314977755,
              51.1793485912132
            ],
            [
              -0.41863295968172537,
              51.179631679882064
            ],
            [
              -0.4185049791590815,
              51.180025760081804
            ],
            [
              -0.4180398164842036,
              51.18023536753587
            ],
            [
              -0.41758080671333087,
              51.1802651426564
            ],
            [
              -0.41766446744575964,
              51.1811658427535
            ],
            [
              -0.41805272073116384,
              51.18153092063724
            ],
            [
              -0.41792226720916553,
              51.18199693215651
            ],
            [
              -0.41652053695416164,
              51.182805571361094
            ],
            [
              -0.41615006611474553,
              51.18359217668509
            ],
            [
              -0.4149734649221644,
              51.1845117932231
            ],
            [
              -0.4148977320016574,
              51.18505050811572
            ],
            [
              -0.41455189500294315,
              51.18511778753864
            ],
            [
              -0.41415870302268476,
              51.184896562233014
            ],
            [
              -0.4141125838836791,
              51.184572092507395
            ],
            [
              -0.41348678517965043,
              51.184455659850286
            ],
            [
              -0.41350283716597663,
              51.18398810194147
            ],
            [
              -0.41300879305567434,
              51.18336969485128
            ],
            [
              -0.41318170618026256,
              51.18333605749261
            ],
            [
              -0.41301620366297154,
              51.183153898908095
            ],
            [
              -0.41324510680076165,
              51.18315700367398
            ],
            [
              -0.41342666235607206,
              51.18287160396118
            ],
            [
              -0.4146419691281848,
              51.18249226846281
            ],
            [
              -0.41466047583132437,
              51.181952778080735
            ],
            [
              -0.413759700247267,
              51.181508775459335
            ],
            [
              -0.41202654554990553,
              51.180297832573544
            ],
            [
              -0.4124905002357718,
              51.18012421528257
            ],
            [
              -0.41378315419599343,
              51.18082542114205
            ],
            [
              -0.41399970359775123,
              51.181188184524885
            ],
            [
              -0.41417384193880924,
              51.181118579587235
            ],
            [
              -0.41445625677447584,
              51.18123035562
            ],
            [
              -0.4149860694866727,
              51.1808057417255
            ],
            [
              -0.4148913600534373,
              51.18022873451156
            ],
            [
              -0.4150691935225829,
              51.180051230054374
            ],
            [
              -0.41508276032218155,
              51.179655603531685
            ],
            [
              -0.4147044150061689,
              51.17900278765849
            ],
            [
              -0.4148287243684399,
              51.1787166099625
            ],
            [
              -0.41546801212415796,
              51.17843740821843
            ],
            [
              -0.4160998973389388,
              51.178373999350676
            ],
            [
              -0.41612084919373254,
              51.17776257604948
            ],
            [
              -0.4165300084325763,
              51.17751623545662
            ],
            [
              -0.41693546795416614,
              51.17737779167062
            ],
            [
              -0.41801893157039216,
              51.17750039606353
            ],
            [
              -0.4183173333658099,
              51.1771446032201
            ],
            [
              -0.41934357681179385,
              51.17726642172579
            ],
            [
              -0.42009848357297574,
              51.1769527741631
            ],
            [
              -0.4201070886818737,
              51.176701011088625
            ],
            [
              -0.4187387791474465,
              51.176538593463626
            ],
            [
              -0.41753474442437777,
              51.17659427858731
            ],
            [
              -0.41702347953014035,
              51.1764794134456
            ],
            [
              -0.41739264449340974,
              51.17572876991179
            ],
            [
              -0.4177980856962818,
              51.175590322934205
            ],
            [
              -0.41827427814299406,
              51.175057020694986
            ],
            [
              -0.41867848050900824,
              51.174954536711525
            ],
            [
              -0.4177802625554497,
              51.17443863312178
            ],
            [
              -0.41726655795729356,
              51.1743957014555
            ],
            [
              -0.4164803315347425,
              51.17395326838687
            ],
            [
              -0.41551754755325787,
              51.17365236988133
            ],
            [
              -0.414832211953295,
              51.17360710272297
            ],
            [
              -0.4135039473898903,
              51.173948925003366
            ],
            [
              -0.41239711149765634,
              51.17450963424345
            ],
            [
              -0.41176651028944994,
              51.174537057546
            ],
            [
              -0.41148537854467815,
              51.174389309294085
            ],
            [
              -0.4117525442235207,
              51.173277469852835
            ],
            [
              -0.412927683114594,
              51.172393848108136
            ],
            [
              -0.4135668938183758,
              51.172114655793855
            ],
            [
              -0.4141402489804321,
              51.17208644690873
            ],
            [
              -0.4152223479845817,
              51.172245042243624
            ],
            [
              -0.41563022987554643,
              51.172034670287346
            ],
            [
              -0.4162607950804101,
              51.17200722582195
            ],
            [
              -0.4166114583813907,
              51.171796075822975
            ],
            [
              -0.41741981111054915,
              51.171591117388076
            ],
            [
              -0.4178762730987781,
              51.17163327439613
            ],
            [
              -0.4185542011605578,
              51.17189432044922
            ],
            [
              -0.4187418289740132,
              51.17142908047507
            ],
            [
              -0.4192068990133472,
              51.17121946911861
            ],
            [
              -0.4194117313445791,
              51.17025070143674
            ],
            [
              -0.4195796730495658,
              51.17036091880841
            ],
            [
              -0.41981097206361606,
              51.17029207780777
            ],
            [
              -0.42146024080911565,
              51.17060220658052
            ],
            [
              -0.42164292269906656,
              51.17028082642762
            ],
            [
              -0.42166870628162034,
              51.169525535739595
            ],
            [
              -0.4215069019328211,
              51.16923549021442
            ],
            [
              -0.4220316008458666,
              51.168954706715134
            ],
            [
              -0.42258773415411954,
              51.169429983347506
            ],
            [
              -0.42285415000140825,
              51.1700093000181
            ],
            [
              -0.42308622433947646,
              51.171595670830776
            ],
            [
              -0.4230081566999456,
              51.172206325604094
            ],
            [
              -0.4234037381620759,
              51.17235558857707
            ],
            [
              -0.42350344600363926,
              51.172788725489795
            ],
            [
              -0.4241752935249508,
              51.17322957053621
            ],
            [
              -0.42387941488083514,
              51.173513446691906
            ],
            [
              -0.4244466533509408,
              51.173665018600374
            ],
            [
              -0.42511974782035206,
              51.17406989209742
            ],
            [
              -0.42499428968893166,
              51.174392047868956
            ],
            [
              -0.425554192882188,
              51.1747594120425
            ],
            [
              -0.4265755072528743,
              51.17502503191228
            ],
            [
              -0.42675694788044394,
              51.174739610129
            ],
            [
              -0.4271611292913441,
              51.17463709663727
            ],
            [
              -0.4273388940537584,
              51.17445957276323
            ],
            [
              -0.4264867843079191,
              51.1742682009778
            ],
            [
              -0.42586844009977365,
              51.17393603764913
            ],
            [
              -0.42611811533935,
              51.17332769016642
            ],
            [
              -0.4258381689060872,
              51.17314400977013
            ],
            [
              -0.4259905574457837,
              51.17203059473449
            ],
            [
              -0.42587980650145896,
              51.171921156262364
            ],
            [
              -0.4255925205657624,
              51.17195327301169
            ],
            [
              -0.425597419814083,
              51.17180940789525
            ],
            [
              -0.42509476310457844,
              51.17144281428716
            ],
            [
              -0.4250547044123605,
              51.170938516223714
            ],
            [
              -0.42552219102921823,
              51.1706569468846
            ],
            [
              -0.4265581032914914,
              51.17049097078695
            ],
            [
              -0.4291240233415427,
              51.170777333907054
            ],
            [
              -0.42956705051673244,
              51.17121507514874
            ],
            [
              -0.42955605517594286,
              51.17153877230457
            ],
            [
              -0.4297787949065957,
              51.17172167598166
            ],
            [
              -0.4295961633889114,
              51.17204306920829
            ],
            [
              -0.42998565817216355,
              51.17237214183826
            ],
            [
              -0.4300318786106895,
              51.1726966068223
            ],
            [
              -0.43026317427731425,
              51.172627745144155
            ],
            [
              -0.43059790698520356,
              51.17288411536044
            ],
            [
              -0.4303008484807454,
              51.173203974494456
            ],
            [
              -0.42850154268408214,
              51.1739354554385
            ],
            [
              -0.4283176704435929,
              51.17429281271042
            ],
            [
              -0.42877416993613104,
              51.174334927486946
            ],
            [
              -0.4292245598039554,
              51.17455687211759
            ],
            [
              -0.42985637460457005,
              51.17449338826535
            ],
            [
              -0.4303798628222861,
              51.17424853397841
            ],
            [
              -0.43078036952056425,
              51.17425390691406
            ],
            [
              -0.4308412472737507,
              51.174146775298865
            ],
            [
              -0.43130140926108596,
              51.17408098114387
            ],
            [
              -0.4315996868900904,
              51.17372515313279
            ],
            [
              -0.4320647230743943,
              51.17351549042335
            ],
            [
              -0.43280607158300277,
              51.17359738961469
            ],
            [
              -0.4333124699336118,
              51.173856051487114
            ],
            [
              -0.4333039376099395,
              51.174107816280035
            ],
            [
              -0.4328924585804018,
              51.17442614950579
            ],
            [
              -0.4327073986972639,
              51.1748194803131
            ],
            [
              -0.43332092874884975,
              51.17529547353299
            ],
            [
              -0.43309206232902103,
              51.17529240837728
            ],
            [
              -0.43308718579480215,
              51.17543627392398
            ],
            [
              -0.4328595380187368,
              51.17539724192263
            ],
            [
              -0.43296421758975423,
              51.175686505854145
            ],
            [
              -0.4325551611048528,
              51.175932904911456
            ],
            [
              -0.43225443650726925,
              51.1763606679019
            ],
            [
              -0.4325136941324123,
              51.177155761485814
            ],
            [
              -0.4344542303382899,
              51.17901686309549
            ],
            [
              -0.43558769961545424,
              51.17935586951965
            ],
            [
              -0.43755763289384597,
              51.18035372701347
            ],
            [
              -0.43904313249054805,
              51.18213670680233
            ],
            [
              -0.4398248589464724,
              51.18272285649661
            ],
            [
              -0.43830173749852724,
              51.1837460320409
            ],
            [
              -0.4375723760813581,
              51.18330450219293
            ],
            [
              -0.4367431758221191,
              51.18242984179738
            ],
            [
              -0.4362938902366177,
              51.18217195903064
            ],
            [
              -0.43602358710152295,
              51.181700571269126
            ],
            [
              -0.43383083140258555,
              51.18051979216416
            ],
            [
              -0.43287999048989156,
              51.179859371100555
            ],
            [
              -0.43276432641813783,
              51.17989380440348
            ]
          ],
          [
            [
              -0.4328227682439844,
              51.17985860458941
            ],
            [
              -0.432766765580532,
              51.17982187169686
            ],
            [
              -0.43276554600059164,
              51.17985783805029
            ],
            [
              -0.4328227682439844,
              51.17985860458941
            ]
          ],
          [
            [
              -0.41527711707039644,
              51.18066575348746
            ],
            [
              -0.4152223608435356,
              51.180593046268115
            ],
            [
              -0.4151079155089946,
              51.180591495930386
            ],
            [
              -0.41527711707039644,
              51.18066575348746
            ]
          ],
          [
            [
              -0.4327107630060635,
              51.17978513877804
            ],
            [
              -0.4327692047328702,
              51.179749938989275
            ],
            [
              -0.4327119826254672,
              51.17974917242511
            ],
            [
              -0.4327107630060635,
              51.17978513877804
            ]
          ],
          [
            [
              -0.4327119826254672,
              51.17974917242511
            ],
            [
              -0.4326559801819586,
              51.179712439480774
            ],
            [
              -0.43265476052057705,
              51.17974840583295
            ],
            [
              -0.4327119826254672,
              51.17974917242511
            ]
          ]
        ]
      },
      "properties": {
        "source": "Coarse-screen discovery",
        "name": "Unnamed face near TQ 102 429",
        "status": "Failed terrain threshold",
        "easting": 510243.3321599301,
        "northing": 142960.7260426627,
        "latitude": 51.175266683048726,
        "longitude": -0.4243371459323602,
        "grid_ref": "TQ 1024 4296",
        "distance_miles": 27.57861290274454,
        "aspect_deg": 182.44332885742188,
        "aspect_text": "S",
        "representative_slope_deg": 12.84199047088623,
        "median_local_slope_deg": 17.5578670501709,
        "max_robust_slope_deg": 25.834087371826172,
        "mean_upper_slope_deg": 14.449477195739746,
        "vertical_relief_m": 53.12055969238281,
        "vertical_relief_ft": 174.28005706115724,
        "horizontal_run_m": 240.0,
        "face_width_m": 1221.4099441689323,
        "ridge_length_m": 1221.4099441689323,
        "downslope_span_m": 659.947469080973,
        "connected_area_ha": 18.199326820799996,
        "lip_sharpness_deg": 0.12821292877197266,
        "roughness_m": 6.366067886352539,
        "gaps_count": 0,
        "largest_gap_m": 0,
        "percent_face_at_benchmark": 10.065412504436894,
        "whitewool_slope_percent": 107.49689662632348,
        "whitewool_relief_percent": 95.44831330095114,
        "pass_terrain": false,
        "terrain_score": 86.8774411140183,
        "overall_score": 86.8774411140183,
        "landcover_observation": "Not yet checked",
        "launch_observation": "Terrain-derived only",
        "landing_observation": "Terrain-derived only",
        "obstacle_observation": "Not yet checked",
        "airspace_observation": "Not yet checked",
        "protected_observation": "Not yet checked",
        "existing_site_conflict": "None identified",
        "confidence": "Medium",
        "reason": "Representative sustained slope 12.8\u00b0 versus Whitewool 11.9\u00b0; relief 53 m versus 56 m; continuous ridge 1221 m versus 1196 m; 10% of the broader face reaches the benchmark threshold.",
        "profile_file": "profiles/unnamed_face_near_tq_102_429_profile.png"
      }
    },
    {
      "type": "Feature",
      "geometry": {
        "type": "Polygon",
        "coordinates": [
          [
            [
              -0.9738682022646621,
              50.972590804716496
            ],
            [
              -0.9742108708191745,
              50.972557831504446
            ],
            [
              -0.9741515143022497,
              50.972665257230084
            ],
            [
              -0.9743224526851806,
              50.97266675800481
            ],
            [
              -0.9743153222166681,
              50.97299053603881
            ],
            [
              -0.9749761191112428,
              50.974039821575914
            ],
            [
              -0.9757651523149901,
              50.974442546345884
            ],
            [
              -0.9762930123671248,
              50.973763509272956
            ],
            [
              -0.976128397061004,
              50.97347420853862
            ],
            [
              -0.9761481689163513,
              50.97257482462995
            ],
            [
              -0.9763246420874053,
              50.97232449494729
            ],
            [
              -0.9762154286920516,
              50.972107644243366
            ],
            [
              -0.9765699497875704,
              50.97153503358195
            ],
            [
              -0.9773256737829266,
              50.97085798745796
            ],
            [
              -0.9772765957980075,
              50.97049773486868
            ],
            [
              -0.9775677977065154,
              50.97021242521267
            ],
            [
              -0.9779626864400731,
              50.9703957918157
            ],
            [
              -0.978007822805716,
              50.97093592110715
            ],
            [
              -0.9778376800816918,
              50.97089845037295
            ],
            [
              -0.9778329430433413,
              50.97111430270036
            ],
            [
              -0.9782650885993536,
              50.972197551423065
            ],
            [
              -0.9801771665526777,
              50.97336569013066
            ],
            [
              -0.9803488954586882,
              50.973331206701104
            ],
            [
              -0.9809139762070626,
              50.97355203057199
            ],
            [
              -0.980981189756262,
              50.973084847252196
            ],
            [
              -0.9796958679016733,
              50.97192219677688
            ],
            [
              -0.9797147817109461,
              50.97105878703647
            ],
            [
              -0.9799616007440197,
              50.97019736717998
            ],
            [
              -0.9804909256809728,
              50.96944635917127
            ],
            [
              -0.9809538142628043,
              50.9691265568644
            ],
            [
              -0.9812386905321997,
              50.96912904130404
            ],
            [
              -0.9810779950652858,
              50.968659870039424
            ],
            [
              -0.9815923403368835,
              50.96859239006702
            ],
            [
              -0.9820434201141349,
              50.968812215011596
            ],
            [
              -0.9825349770014283,
              50.96978801888149
            ],
            [
              -0.9848302257814651,
              50.97167906368066
            ],
            [
              -0.9862233651685895,
              50.97313045102711
            ],
            [
              -0.9845411319173236,
              50.974483168246664
            ],
            [
              -0.9824622744835213,
              50.97572446093235
            ],
            [
              -0.9808502077431852,
              50.97646603774514
            ],
            [
              -0.9800540045901303,
              50.9763871254382
            ],
            [
              -0.9791874137644755,
              50.97691929113217
            ],
            [
              -0.9775198481035778,
              50.977588372692345
            ],
            [
              -0.9772444021552877,
              50.97715417478728
            ],
            [
              -0.9752079853541019,
              50.97645266803662
            ],
            [
              -0.9744110002484979,
              50.97640969264206
            ],
            [
              -0.9726951305715444,
              50.976682476516025
            ],
            [
              -0.9725787806931471,
              50.976789400263485
            ],
            [
              -0.9724663993756255,
              50.976716447432175
            ],
            [
              -0.972292270421975,
              50.97685884501542
            ],
            [
              -0.9721806834292701,
              50.97674991662236
            ],
            [
              -0.9719487746684115,
              50.97692778766847
            ],
            [
              -0.9718941728223084,
              50.976819360396235
            ],
            [
              -0.971663057069066,
              50.97696125558163
            ],
            [
              -0.9713789283949038,
              50.97692277223656
            ],
            [
              -0.9715024324000987,
              50.97649207217001
            ],
            [
              -0.9729698793772592,
              50.97456193749178
            ],
            [
              -0.9735761698852171,
              50.97291208014466
            ],
            [
              -0.9738682022646621,
              50.972590804716496
            ]
          ],
          [
            [
              -0.9735722056127294,
              50.97309195678291
            ],
            [
              -0.9736299783976167,
              50.97305648202667
            ],
            [
              -0.9735729984704843,
              50.97305598145572
            ],
            [
              -0.9735722056127294,
              50.97309195678291
            ]
          ],
          [
            [
              -0.9739813684641431,
              50.97262778087082
            ],
            [
              -0.9739235964811305,
              50.972663255808044
            ],
            [
              -0.9739805759339697,
              50.972663756205236
            ],
            [
              -0.9739813684641431,
              50.97262778087082
            ]
          ],
          [
            [
              -0.9739228039053234,
              50.972699231141625
            ],
            [
              -0.9738650317886671,
              50.9727347060487
            ],
            [
              -0.9739220113278879,
              50.972735206474965
            ],
            [
              -0.9739228039053234,
              50.972699231141625
            ]
          ]
        ]
      },
      "properties": {
        "source": "Coarse-screen discovery",
        "name": "Unnamed face near SU 724 190",
        "status": "Passed terrain threshold",
        "easting": 471750.04606555175,
        "northing": 119927.72066934004,
        "latitude": 50.97430296410329,
        "longitude": -0.9794331826802986,
        "grid_ref": "SU 7175 1992",
        "distance_miles": 9.687081866304178,
        "aspect_deg": 167.7491455078125,
        "aspect_text": "SSE",
        "representative_slope_deg": 13.499900817871094,
        "median_local_slope_deg": 13.966970443725586,
        "max_robust_slope_deg": 24.553447723388672,
        "mean_upper_slope_deg": 15.086151123046875,
        "vertical_relief_m": 60.775962829589844,
        "vertical_relief_ft": 199.39620988983154,
        "horizontal_run_m": 240.0,
        "face_width_m": 922.8752243838971,
        "ridge_length_m": 922.8752243838971,
        "downslope_span_m": 621.3016474749456,
        "connected_area_ha": 22.376510217955556,
        "lip_sharpness_deg": -2.564054012298584,
        "roughness_m": 5.264776229858398,
        "gaps_count": 0,
        "largest_gap_m": 0,
        "percent_face_at_benchmark": 37.36660870751083,
        "whitewool_slope_percent": 113.00408966774144,
        "whitewool_relief_percent": 109.20372780178892,
        "pass_terrain": true,
        "terrain_score": 86.0086599486242,
        "overall_score": 86.0086599486242,
        "landcover_observation": "Not yet checked",
        "launch_observation": "Upper face appears large enough geometrically; surface, fences, rotor and ownership require field inspection.",
        "landing_observation": "DTM shows downslope continuation; actual emergency landing suitability requires aerial imagery and a site visit.",
        "obstacle_observation": "OSM query failed: 406 Client Error: Not Acceptable for url: https://overpass-api.de/api/interpreter",
        "airspace_observation": "Nearest aerodromes: Lasham Gliding Centre 14.9 mi, Solent Airport 14.9 mi. This is proximity screening only; current chart/NOTAM and local operating procedures remain mandatory.",
        "protected_observation": "Not yet checked",
        "existing_site_conflict": "Butser West (0.3 mi), Butser East (0.7 mi)",
        "confidence": "Low",
        "reason": "Rank 6 terrain-only. Representative sustained slope 13.5\u00b0 versus Whitewool 11.9\u00b0; relief 61 m versus 56 m; continuous ridge 923 m versus 1196 m; 37% of the broader face reaches the benchmark threshold.",
        "profile_file": "profiles/unnamed_face_near_su_724_190_profile.png"
      }
    },
    {
      "type": "Feature",
      "geometry": {
        "type": "Polygon",
        "coordinates": [
          [
            [
              -1.4790465589272952,
              51.358538481575366
            ],
            [
              -1.4807146335849712,
              51.35840196667738
            ],
            [
              -1.4823997193496827,
              51.356754383259094
            ],
            [
              -1.47935589041217,
              51.35659698725184
            ],
            [
              -1.4770028442228007,
              51.35633465901725
            ],
            [
              -1.4760297002605278,
              51.356006501591494
            ],
            [
              -1.474776260028084,
              51.355065436305345
            ],
            [
              -1.4739701820948334,
              51.3552057380159
            ],
            [
              -1.4730458795446126,
              51.35563333532415
            ],
            [
              -1.4721814997723914,
              51.355845320768196
            ],
            [
              -1.4717218174779132,
              51.355843249997214
            ],
            [
              -1.4709198589077161,
              51.35562375860318
            ],
            [
              -1.4697802065011039,
              51.35479109039309
            ],
            [
              -1.469839325650348,
              51.35464744148311
            ],
            [
              -1.4708177819909476,
              51.3545079465083
            ],
            [
              -1.4724336444684791,
              51.3539035858739
            ],
            [
              -1.4718127722146448,
              51.352929354586095
            ],
            [
              -1.4709517510242502,
              51.352853513417806
            ],
            [
              -1.4703805024776755,
              51.352563101016926
            ],
            [
              -1.4702767862835326,
              51.351591196818184
            ],
            [
              -1.4707393260031885,
              51.351341432553696
            ],
            [
              -1.4709179022308423,
              51.35080255225661
            ],
            [
              -1.470750925908544,
              51.350334070110385
            ],
            [
              -1.4703524834773491,
              51.35000845842379
            ],
            [
              -1.4703000059137517,
              51.34957647199217
            ],
            [
              -1.4700718553547618,
              51.34943152429317
            ],
            [
              -1.468528548866055,
              51.34874093356784
            ],
            [
              -1.4670939333093624,
              51.34859050338389
            ],
            [
              -1.4665789603766233,
              51.34840826531797
            ],
            [
              -1.466004451055269,
              51.34840564936462
            ],
            [
              -1.4649682406423503,
              51.34858081960392
            ],
            [
              -1.4645040210626117,
              51.34897447001353
            ],
            [
              -1.462261303852204,
              51.34914409805904
            ],
            [
              -1.4611088932719756,
              51.349426638402434
            ],
            [
              -1.4605309936428146,
              51.34971181301301
            ],
            [
              -1.4599488595908345,
              51.35035675644693
            ],
            [
              -1.4595449942501522,
              51.350498811434726
            ],
            [
              -1.458463551625455,
              51.349630321126135
            ],
            [
              -1.4582498558068926,
              51.3482621267478
            ],
            [
              -1.4570476415095504,
              51.347896772564496
            ],
            [
              -1.4567071925846724,
              51.34753540362972
            ],
            [
              -1.456939966898717,
              51.34728462838206
            ],
            [
              -1.4581540389140368,
              51.346642622647806
            ],
            [
              -1.4592485259619752,
              51.3463958232462
            ],
            [
              -1.4594817036548222,
              51.34610906564895
            ],
            [
              -1.457129310710573,
              51.34584633972918
            ],
            [
              -1.456673556615096,
              51.34552041558311
            ],
            [
              -1.4562782344792864,
              51.34494291590991
            ],
            [
              -1.455191867472725,
              51.34450612134338
            ],
            [
              -1.4547893191625865,
              51.34454022866
            ],
            [
              -1.4539799476036896,
              51.344968210824376
            ],
            [
              -1.4536301373554807,
              51.345398330567
            ],
            [
              -1.4538964300515702,
              51.34716254997184
            ],
            [
              -1.454233863924304,
              51.34777576709107
            ],
            [
              -1.4542240388693792,
              51.348603241521126
            ],
            [
              -1.455016409912142,
              51.349614344101994
            ],
            [
              -1.4552819262743102,
              51.35145051358574
            ],
            [
              -1.4559096681959698,
              51.35181322032037
            ],
            [
              -1.4570472945124042,
              51.35278993145962
            ],
            [
              -1.4577333744699301,
              51.35308094029248
            ],
            [
              -1.4587650529621128,
              51.35330158316619
            ],
            [
              -1.4611207899869292,
              51.35331243695332
            ],
            [
              -1.4626184589098057,
              51.35299550078687
            ],
            [
              -1.463947095597636,
              51.35238993979829
            ],
            [
              -1.466536787586291,
              51.35204196347815
            ],
            [
              -1.4666420956819217,
              51.352869961911686
            ],
            [
              -1.4671550331168461,
              51.35323208568232
            ],
            [
              -1.4672661936769558,
              51.35355640275126
            ],
            [
              -1.4663968139128665,
              51.35420007188942
            ],
            [
              -1.4663947252129035,
              51.354379957806565
            ],
            [
              -1.4674214716946348,
              51.355032250799745
            ],
            [
              -1.467471426535898,
              51.35568010114747
            ],
            [
              -1.4687255650968296,
              51.35654928973265
            ],
            [
              -1.469468821666239,
              51.35687646763274
            ],
            [
              -1.4706147371414713,
              51.357169480880124
            ],
            [
              -1.4723931658525589,
              51.35742935244741
            ],
            [
              -1.4741736733641744,
              51.35750931102483
            ],
            [
              -1.474916573364796,
              51.35787243167543
            ],
            [
              -1.4769790939960632,
              51.35842133810917
            ],
            [
              -1.4790465589272952,
              51.358538481575366
            ]
          ]
        ]
      },
      "properties": {
        "source": "Coarse-screen discovery",
        "name": "Unnamed face near SU 373 614",
        "status": "Failed terrain threshold",
        "easting": 437335.59052612254,
        "northing": 161492.5469007548,
        "latitude": 51.351289831827785,
        "longitude": -1.4652656190564755,
        "grid_ref": "SU 3733 6149",
        "distance_miles": 24.691756892406932,
        "aspect_deg": 195.05902099609375,
        "aspect_text": "SSW",
        "representative_slope_deg": 13.561739921569824,
        "median_local_slope_deg": 15.088613510131836,
        "max_robust_slope_deg": 24.580074310302734,
        "mean_upper_slope_deg": 15.245218276977539,
        "vertical_relief_m": 57.29364013671875,
        "vertical_relief_ft": 187.97126630615233,
        "horizontal_run_m": 240.0,
        "face_width_m": 1019.2769670790876,
        "ridge_length_m": 1019.2769670790876,
        "downslope_span_m": 563.0930748810642,
        "connected_area_ha": 23.47804420693333,
        "lip_sharpness_deg": -1.0885658264160156,
        "roughness_m": 5.79177713394165,
        "gaps_count": 0,
        "largest_gap_m": 0,
        "percent_face_at_benchmark": 21.118534071387668,
        "whitewool_slope_percent": 113.52172840550855,
        "whitewool_relief_percent": 102.9466057132987,
        "pass_terrain": false,
        "terrain_score": 85.80531741086897,
        "overall_score": 85.80531741086897,
        "landcover_observation": "Not yet checked",
        "launch_observation": "Terrain-derived only",
        "landing_observation": "Terrain-derived only",
        "obstacle_observation": "Not yet checked",
        "airspace_observation": "Not yet checked",
        "protected_observation": "Not yet checked",
        "existing_site_conflict": "None identified",
        "confidence": "Medium",
        "reason": "Representative sustained slope 13.6\u00b0 versus Whitewool 11.9\u00b0; relief 57 m versus 56 m; continuous ridge 1019 m versus 1196 m; 21% of the broader face reaches the benchmark threshold.",
        "profile_file": "profiles/unnamed_face_near_su_373_614_profile.png"
      }
    },
    {
      "type": "Feature",
      "geometry": {
        "type": "Polygon",
        "coordinates": [
          [
            [
              -0.7409585498925835,
              51.06563482868542
            ],
            [
              -0.7414801528462704,
              51.065352586321005
            ],
            [
              -0.7421593665419255,
              51.065575790401304
            ],
            [
              -0.7436495190534821,
              51.065375920219466
            ],
            [
              -0.744276520829265,
              51.06541863914178
            ],
            [
              -0.745200637331558,
              51.065032756120644
            ],
            [
              -0.7454357962462002,
              51.064783403609894
            ],
            [
              -0.7453884313887734,
              51.064423071901636
            ],
            [
              -0.7440300124022698,
              51.063976697294635
            ],
            [
              -0.7428467756959246,
              51.06338826136144
            ],
            [
              -0.7417650642195966,
              51.06326867672886
            ],
            [
              -0.741303499247052,
              51.063443619739495
            ],
            [
              -0.7410761300903185,
              51.06340518906545
            ],
            [
              -0.7409243860071804,
              51.062683907595705
            ],
            [
              -0.7404745363603171,
              51.06242718512809
            ],
            [
              -0.7394528689705152,
              51.06220027876689
            ],
            [
              -0.7387786043548216,
              51.061797200118264
            ],
            [
              -0.7381102184448823,
              51.06117828668355
            ],
            [
              -0.7373788974908315,
              51.060774583877844
            ],
            [
              -0.7365461517288016,
              51.05990200917055
            ],
            [
              -0.7362075783719332,
              51.059754419783346
            ],
            [
              -0.7356612546816809,
              51.0588489522387
            ],
            [
              -0.7357369470876257,
              51.058166105209686
            ],
            [
              -0.7362682879857686,
              51.05752416720642
            ],
            [
              -0.738217767032761,
              51.05722138439745
            ],
            [
              -0.741512721096091,
              51.057832621829355
            ],
            [
              -0.7428099603681795,
              51.058422298499785
            ],
            [
              -0.7437174011513371,
              51.05864794838544
            ],
            [
              -0.7441750170528273,
              51.05861688300568
            ],
            [
              -0.744867761042055,
              51.05833646398342
            ],
            [
              -0.7455711879604673,
              51.05766034933924
            ],
            [
              -0.7456360420916969,
              51.057373186221696
            ],
            [
              -0.7454716095349874,
              51.05711954498742
            ],
            [
              -0.7441250782930908,
              51.05624150903855
            ],
            [
              -0.7431006067684658,
              51.056122550965846
            ],
            [
              -0.742822038609801,
              51.05586767860919
            ],
            [
              -0.7422551672972689,
              51.0557176511183
            ],
            [
              -0.7416844002438541,
              51.05571150853867
            ],
            [
              -0.7409926522251468,
              51.05595593705789
            ],
            [
              -0.7403657814543991,
              51.05591320137363
            ],
            [
              -0.7403155360591541,
              51.055660783088086
            ],
            [
              -0.7395330647541241,
              51.055040647455435
            ],
            [
              -0.7391935401624271,
              51.05492903866379
            ],
            [
              -0.7391413485202529,
              51.05474856364566
            ],
            [
              -0.7375461706554135,
              51.05462339948579
            ],
            [
              -0.7364529310054196,
              51.054935429277414
            ],
            [
              -0.7361952555613731,
              51.05601211632365
            ],
            [
              -0.735388340492893,
              51.05629124902594
            ],
            [
              -0.7350390166592319,
              51.056539346355486
            ],
            [
              -0.7350794339574477,
              51.05715148477642
            ],
            [
              -0.7352979485930959,
              51.05751367320167
            ],
            [
              -0.7352940290715506,
              51.05765756043854
            ],
            [
              -0.7350657132977019,
              51.05765509007795
            ],
            [
              -0.7350047139213817,
              51.05779835963549
            ],
            [
              -0.7347773777698947,
              51.057759916904125
            ],
            [
              -0.7347173577023166,
              51.057867214502004
            ],
            [
              -0.7345480810720352,
              51.05779341732853
            ],
            [
              -0.7344300006414927,
              51.057936068655145
            ],
            [
              -0.7338621510414423,
              51.057821972312055
            ],
            [
              -0.7335904923675367,
              51.057315275790685
            ],
            [
              -0.7331387722238939,
              51.05713046908497
            ],
            [
              -0.7330324686540733,
              51.05684145761299
            ],
            [
              -0.7325197496920646,
              51.0567999170236
            ],
            [
              -0.7319587958328496,
              51.056434009124985
            ],
            [
              -0.7313319277993806,
              51.056391225000496
            ],
            [
              -0.7307572214435715,
              51.05652891603785
            ],
            [
              -0.7304236092667568,
              51.0562014513551
            ],
            [
              -0.7298538229170285,
              51.056159279218654
            ],
            [
              -0.7291669300782094,
              51.05622377854226
            ],
            [
              -0.7284751097959217,
              51.05646813242362
            ],
            [
              -0.728242859245477,
              51.05660953565581
            ],
            [
              -0.7281739573341072,
              51.05704057525264
            ],
            [
              -0.7277744111614293,
              51.05703622752896
            ],
            [
              -0.7270815852761923,
              51.05731654469176
            ],
            [
              -0.7269113366120049,
              51.057278708247125
            ],
            [
              -0.7266160791804372,
              51.05763531666923
            ],
            [
              -0.7261033577108839,
              51.05759374791413
            ],
            [
              -0.725354422128771,
              51.05783746096729
            ],
            [
              -0.7251782466412138,
              51.05801545200439
            ],
            [
              -0.7250935088636652,
              51.059022036036076
            ],
            [
              -0.7253238057931829,
              51.05895258259877
            ],
            [
              -0.7254192023000474,
              51.05963728893425
            ],
            [
              -0.725598345516686,
              51.059351382631114
            ],
            [
              -0.7257006585888726,
              51.059784287103305
            ],
            [
              -0.725928984006799,
              51.059786775829764
            ],
            [
              -0.7265351705368995,
              51.06058499429661
            ],
            [
              -0.7274937384250377,
              51.061027221663714
            ],
            [
              -0.72754293325947,
              51.06131561645571
            ],
            [
              -0.7272486406727733,
              51.061636254411155
            ],
            [
              -0.7273519600120177,
              51.06203318574697
            ],
            [
              -0.7272289151052671,
              51.062355687806495
            ],
            [
              -0.7264710259383073,
              51.06292315226108
            ],
            [
              -0.7261698055336252,
              51.0634955888299
            ],
            [
              -0.7251392953406351,
              51.063592302479684
            ],
            [
              -0.7248499125146132,
              51.06373307591316
            ],
            [
              -0.7247849203827254,
              51.064020226203226
            ],
            [
              -0.7269925525882637,
              51.06472795251718
            ],
            [
              -0.7276116399658591,
              51.06505853388684
            ],
            [
              -0.7282366499175259,
              51.065173282041805
            ],
            [
              -0.7285280024502618,
              51.06496055690931
            ],
            [
              -0.7288360995670329,
              51.06413631251857
            ],
            [
              -0.7297573633772554,
              51.06385846731382
            ],
            [
              -0.7298754734802857,
              51.06371582105959
            ],
            [
              -0.7300280285721681,
              51.062314165088
            ],
            [
              -0.7298311870787197,
              51.061160589646676
            ],
            [
              -0.729896143716194,
              51.06087343616228
            ],
            [
              -0.7301845095212789,
              51.06076862164976
            ],
            [
              -0.7314885647359786,
              51.06110662119339
            ],
            [
              -0.7319373687712245,
              51.06139934959997
            ],
            [
              -0.7329560351724344,
              51.06173423655778
            ],
            [
              -0.7337542288719894,
              51.06177886754547
            ],
            [
              -0.7343319341921174,
              51.06153324697616
            ],
            [
              -0.734665611797386,
              51.06186070067551
            ],
            [
              -0.7351774085518759,
              51.061938204005585
            ],
            [
              -0.735513054776649,
              51.06219371176472
            ],
            [
              -0.7360072257224489,
              51.062918703602605
            ],
            [
              -0.7379514258220552,
              51.06491873902038
            ],
            [
              -0.7389682587530972,
              51.065325517837195
            ],
            [
              -0.7393107895367539,
              51.06532921217177
            ],
            [
              -0.7393727629578546,
              51.06514996870545
            ],
            [
              -0.7409585498925835,
              51.06563482868542
            ]
          ],
          [
            [
              -0.7393166517362164,
              51.06511338126635
            ],
            [
              -0.7392585864601507,
              51.065148737435706
            ],
            [
              -0.7392595635325934,
              51.06511276561831
            ],
            [
              -0.7393166517362164,
              51.06511338126635
            ]
          ]
        ]
      },
      "properties": {
        "source": "Coarse-screen discovery",
        "name": "Unnamed face near SU 889 297",
        "status": "Failed terrain threshold",
        "easting": 488902.19385724125,
        "northing": 129848.5957125824,
        "latitude": 51.06110287708883,
        "longitude": -0.7327631640525268,
        "grid_ref": "SU 8890 2984",
        "distance_miles": 14.150040039976512,
        "aspect_deg": 189.18624877929688,
        "aspect_text": "S",
        "representative_slope_deg": 13.04927921295166,
        "median_local_slope_deg": 16.67718505859375,
        "max_robust_slope_deg": 25.18789291381836,
        "mean_upper_slope_deg": 13.947366714477539,
        "vertical_relief_m": 54.37152099609375,
        "vertical_relief_ft": 178.3842609448242,
        "horizontal_run_m": 240.0,
        "face_width_m": 1014.5424281283049,
        "ridge_length_m": 1014.5424281283049,
        "downslope_span_m": 727.3766220464895,
        "connected_area_ha": 21.329412501688886,
        "lip_sharpness_deg": 0.4160447120666504,
        "roughness_m": 5.983268737792969,
        "gaps_count": 0,
        "largest_gap_m": 0,
        "percent_face_at_benchmark": 19.376866414493332,
        "whitewool_slope_percent": 109.23205571463811,
        "whitewool_relief_percent": 97.69607098903683,
        "pass_terrain": false,
        "terrain_score": 85.79521270647493,
        "overall_score": 85.79521270647493,
        "landcover_observation": "Not yet checked",
        "launch_observation": "Terrain-derived only",
        "landing_observation": "Terrain-derived only",
        "obstacle_observation": "Not yet checked",
        "airspace_observation": "Not yet checked",
        "protected_observation": "Not yet checked",
        "existing_site_conflict": "None identified",
        "confidence": "Medium",
        "reason": "Representative sustained slope 13.0\u00b0 versus Whitewool 11.9\u00b0; relief 54 m versus 56 m; continuous ridge 1015 m versus 1196 m; 19% of the broader face reaches the benchmark threshold.",
        "profile_file": "profiles/unnamed_face_near_su_889_297_profile.png"
      }
    },
    {
      "type": "Feature",
      "geometry": {
        "type": "Polygon",
        "coordinates": [
          [
            [
              -0.455600898672672,
              51.17249026947144
            ],
            [
              -0.4548047149692996,
              51.17233582532051
            ],
            [
              -0.4547414906391651,
              51.17251490348355
            ],
            [
              -0.4543409944467001,
              51.17250961270079
            ],
            [
              -0.45372247013425054,
              51.17217759502609
            ],
            [
              -0.45361766771706336,
              51.17188834846232
            ],
            [
              -0.45332919654686715,
              51.17195650026389
            ],
            [
              -0.4531051581371089,
              51.1718096073881
            ],
            [
              -0.4528895461285406,
              51.17141094685263
            ],
            [
              -0.4516832696586787,
              51.171538918531645
            ],
            [
              -0.451565230954866,
              51.17164530422589
            ],
            [
              -0.45157245850926025,
              51.1714295038693
            ],
            [
              -0.45134481400342896,
              51.17139050785626
            ],
            [
              -0.4507570235775286,
              51.17185049993847
            ],
            [
              -0.4505733312944355,
              51.1722078938659
            ],
            [
              -0.44970065977199625,
              51.172628124537965
            ],
            [
              -0.44887311911695615,
              51.173408773843725
            ],
            [
              -0.44876955135507296,
              51.17308355656235
            ],
            [
              -0.4481664879041976,
              51.17570229308606
            ],
            [
              -0.44810564798800917,
              51.175809434018355
            ],
            [
              -0.4480532603805103,
              51.175664808435194
            ],
            [
              -0.4479376178544294,
              51.17569925695373
            ],
            [
              -0.44762012621794467,
              51.176630593554165
            ],
            [
              -0.44683277771731844,
              51.17791551886277
            ],
            [
              -0.44570326355841483,
              51.179159910829526
            ],
            [
              -0.4447610912754656,
              51.179939008096426
            ],
            [
              -0.44388943126328234,
              51.180323226605545
            ],
            [
              -0.4423041552774058,
              51.17979837312836
            ],
            [
              -0.4424915786626285,
              51.1793330938832
            ],
            [
              -0.44318672127033815,
              51.17909046760828
            ],
            [
              -0.4436662930540063,
              51.17844916046087
            ],
            [
              -0.44425302807398936,
              51.17802517241231
            ],
            [
              -0.44497476150112697,
              51.1769912706634
            ],
            [
              -0.44518392193119394,
              51.17587858800179
            ],
            [
              -0.445074325948573,
              51.17573320071417
            ],
            [
              -0.4448430360692542,
              51.17580209170261
            ],
            [
              -0.444733441342122,
              51.17565670410455
            ],
            [
              -0.4443317094277166,
              51.17568734540746
            ],
            [
              -0.4441076821647411,
              51.17554043547896
            ],
            [
              -0.4437910167579703,
              51.17474460464809
            ],
            [
              -0.4440831506194458,
              51.174568576936196
            ],
            [
              -0.4449973971598934,
              51.17461671534479
            ],
            [
              -0.44540274791991363,
              51.17447817185817
            ],
            [
              -0.44550108443348296,
              51.17325606748573
            ],
            [
              -0.44511147075069574,
              51.17292704555807
            ],
            [
              -0.444656178888019,
              51.172849027927626
            ],
            [
              -0.44449058799335095,
              51.17266691282055
            ],
            [
              -0.44450026909153184,
              51.17237918002389
            ],
            [
              -0.44496644395442014,
              51.17213349874467
            ],
            [
              -0.4455994150435618,
              51.17203396273817
            ],
            [
              -0.4459535733508023,
              51.17171482374263
            ],
            [
              -0.44590845083038944,
              51.171354397414376
            ],
            [
              -0.4461493871257566,
              51.17099777097276
            ],
            [
              -0.4454797778298549,
              51.17048511720921
            ],
            [
              -0.4454322413875852,
              51.170196623927296
            ],
            [
              -0.44560629163361737,
              51.17012697130388
            ],
            [
              -0.44646445014374253,
              51.170138370713126
            ],
            [
              -0.44680288074116414,
              51.17028679532781
            ],
            [
              -0.4476634578566161,
              51.17022625265001
            ],
            [
              -0.44830484672957477,
              51.16987493498113
            ],
            [
              -0.44887815656723534,
              51.169846555373056
            ],
            [
              -0.4492906915501182,
              51.16949219767183
            ],
            [
              -0.44940149270728175,
              51.16960161444468
            ],
            [
              -0.4499784158276758,
              51.169465329290205
            ],
            [
              -0.4504348893087326,
              51.16950735931798
            ],
            [
              -0.45021207747169084,
              51.16932449430308
            ],
            [
              -0.4501777736887531,
              51.168640368735964
            ],
            [
              -0.449605685481257,
              51.16863278814521
            ],
            [
              -0.44914198331187016,
              51.168806555170754
            ],
            [
              -0.44907150367327864,
              51.16920143042309
            ],
            [
              -0.4488974620515046,
              51.1692710882888
            ],
            [
              -0.44861141418824085,
              51.16926729517945
            ],
            [
              -0.44844582011204986,
              51.16908518554039
            ],
            [
              -0.4479905600373234,
              51.16900718111729
            ],
            [
              -0.44776896776987163,
              51.168788344856374
            ],
            [
              -0.44779190848780176,
              51.168104977921196
            ],
            [
              -0.4476251142241846,
              51.167958833831726
            ],
            [
              -0.4477600558017395,
              51.16734891844837
            ],
            [
              -0.44834178298829097,
              51.16706877434577
            ],
            [
              -0.4484658511628667,
              51.16678255827647
            ],
            [
              -0.44869105725488045,
              51.16689349311879
            ],
            [
              -0.44887353554007275,
              51.16657206848731
            ],
            [
              -0.4495624224678114,
              51.16650923545092
            ],
            [
              -0.44945886424357673,
              51.16618401849912
            ],
            [
              -0.44991530487406656,
              51.16622605029471
            ],
            [
              -0.45015015558194477,
              51.166049248483006
            ],
            [
              -0.4502609507166472,
              51.16615866445062
            ],
            [
              -0.4503801833905631,
              51.16601631314129
            ],
            [
              -0.45169109562562937,
              51.166177602023126
            ],
            [
              -0.4521023719797659,
              51.16585920048855
            ],
            [
              -0.45267201956747705,
              51.16593870213862
            ],
            [
              -0.45267563003782574,
              51.1658308017991
            ],
            [
              -0.45409494496247216,
              51.16617341099635
            ],
            [
              -0.454359334878371,
              51.16682459302246
            ],
            [
              -0.4545321570737176,
              51.16679089365719
            ],
            [
              -0.45458455556094274,
              51.16693551663867
            ],
            [
              -0.4548145848230113,
              51.16690257259095
            ],
            [
              -0.4549253930941171,
              51.16701198423647
            ],
            [
              -0.45479655651205647,
              51.16744207471134
            ],
            [
              -0.4549645736205489,
              51.16755224195593
            ],
            [
              -0.4549525556965221,
              51.16791191002749
            ],
            [
              -0.45580827460748613,
              51.167995174172404
            ],
            [
              -0.4563039361915889,
              51.16857743869866
            ],
            [
              -0.4562787192195045,
              51.1693327419641
            ],
            [
              -0.45660637080564825,
              51.16980483982907
            ],
            [
              -0.4569436318397583,
              51.16998920218974
            ],
            [
              -0.4574597280445504,
              51.16996002584503
            ],
            [
              -0.45779579396502773,
              51.17018035261922
            ],
            [
              -0.4582522822601972,
              51.17022235225287
            ],
            [
              -0.45854673107538213,
              51.16997435386779
            ],
            [
              -0.4590092117762337,
              51.16983651625001
            ],
            [
              -0.45931084497826286,
              51.16937271466813
            ],
            [
              -0.45894873511340634,
              51.16821649998739
            ],
            [
              -0.4590155329021488,
              51.16792951861017
            ],
            [
              -0.4595387943865168,
              51.16768453159985
            ],
            [
              -0.46045651617890015,
              51.1676246475259
            ],
            [
              -0.4608045523043529,
              51.16748529668791
            ],
            [
              -0.4616889918391887,
              51.16670531185905
            ],
            [
              -0.461915426179713,
              51.16678025457726
            ],
            [
              -0.4623218542944999,
              51.16660568432258
            ],
            [
              -0.4631775635128865,
              51.16668889447473
            ],
            [
              -0.4631680005916864,
              51.16697663008724
            ],
            [
              -0.4625243718226548,
              51.16739996461227
            ],
            [
              -0.4624408529575994,
              51.16819048526626
            ],
            [
              -0.4635086942574704,
              51.16878023781145
            ],
            [
              -0.4637172162277739,
              51.16939468129317
            ],
            [
              -0.46389243137316793,
              51.16928903424178
            ],
            [
              -0.4637708413294607,
              51.1695033334219
            ],
            [
              -0.4639400823751233,
              51.16957752103513
            ],
            [
              -0.46435369514344865,
              51.16918714223318
            ],
            [
              -0.46433948895141647,
              51.16789158065548
            ],
            [
              -0.4641786157250109,
              51.16756562490474
            ],
            [
              -0.46458862529227796,
              51.167283145877356
            ],
            [
              -0.4645397779845382,
              51.16703062619758
            ],
            [
              -0.46501415101382937,
              51.166533094579506
            ],
            [
              -0.46565774503997504,
              51.16610974599514
            ],
            [
              -0.46590924034439396,
              51.16542937398737
            ],
            [
              -0.4663096773936377,
              51.16543462465373
            ],
            [
              -0.4665432693512787,
              51.16529375634986
            ],
            [
              -0.46814739691031343,
              51.16524280798359
            ],
            [
              -0.46865747889565057,
              51.1653934169344
            ],
            [
              -0.46917470808466355,
              51.165328221318305
            ],
            [
              -0.4699159963788757,
              51.16540988484171
            ],
            [
              -0.469969631689235,
              51.16551853428449
            ],
            [
              -0.4702008334061464,
              51.16544959273874
            ],
            [
              -0.47093617922715614,
              51.16571108523685
            ],
            [
              -0.47080511630052924,
              51.16621312890123
            ],
            [
              -0.469975665848271,
              51.1670658664787
            ],
            [
              -0.46956926198093607,
              51.167240463528216
            ],
            [
              -0.46920220231425663,
              51.16795531346129
            ],
            [
              -0.46966225109848014,
              51.167889367331334
            ],
            [
              -0.47007223048536634,
              51.167606868835605
            ],
            [
              -0.47058710338630705,
              51.167613601323374
            ],
            [
              -0.4711126794703135,
              51.167296627815944
            ],
            [
              -0.4719123993846585,
              51.16734305952335
            ],
            [
              -0.4727574495417232,
              51.16774990373035
            ],
            [
              -0.4729088813395776,
              51.168363585041725
            ],
            [
              -0.4725608742609969,
              51.16850297213162
            ],
            [
              -0.4725549335592495,
              51.16868280762359
            ],
            [
              -0.4723225306492217,
              51.16878772077202
            ],
            [
              -0.4721914733053946,
              51.16928976578724
            ],
            [
              -0.4725371110866847,
              51.169222314063155
            ],
            [
              -0.47249789970749617,
              51.17040922803812
            ],
            [
              -0.47278158175442697,
              51.17048489698461
            ],
            [
              -0.47277088923619864,
              51.17080860078871
            ],
            [
              -0.4718306790816315,
              51.17327912176278
            ],
            [
              -0.4709807789848293,
              51.1730161386247
            ],
            [
              -0.47002479174438455,
              51.1724998836997
            ],
            [
              -0.46987100520322983,
              51.17195813335124
            ],
            [
              -0.46886855953338546,
              51.171117417578245
            ],
            [
              -0.46806758616924427,
              51.17110693156542
            ],
            [
              -0.4671605357281039,
              51.17084317188667
            ],
            [
              -0.4667576661849466,
              51.17090985771254
            ],
            [
              -0.4663464439802912,
              51.171228310990664
            ],
            [
              -0.4663964981709434,
              51.17144486288455
            ],
            [
              -0.465980495096257,
              51.171907182674616
            ],
            [
              -0.46586726198561507,
              51.17186971520167
            ],
            [
              -0.4657456740069856,
              51.1720840163632
            ],
            [
              -0.4655752271992027,
              51.17204579825063
            ],
            [
              -0.46551323866735456,
              51.17218891564464
            ],
            [
              -0.46534398557676765,
              51.17211473023701
            ],
            [
              -0.4652247825201661,
              51.172257096915075
            ],
            [
              -0.46414011210060674,
              51.17217089661831
            ],
            [
              -0.46344757244814483,
              51.1723417156769
            ],
            [
              -0.46293504018428694,
              51.1722630174968
            ],
            [
              -0.4626453838963193,
              51.17236715928005
            ],
            [
              -0.46133664976611405,
              51.17213405774638
            ],
            [
              -0.4612162372842169,
              51.17231238711871
            ],
            [
              -0.45976672416368,
              51.17286903412257
            ],
            [
              -0.459857188656063,
              51.173589877739936
            ],
            [
              -0.4596867413767668,
              51.17355165104984
            ],
            [
              -0.4596807495274631,
              51.173731485302575
            ],
            [
              -0.4594518879914321,
              51.173728471776855
            ],
            [
              -0.45938748097855486,
              51.1739435193919
            ],
            [
              -0.45916221478682895,
              51.17383260476306
            ],
            [
              -0.4590978062740262,
              51.174047652202105
            ],
            [
              -0.45881532466740077,
              51.17393598328204
            ],
            [
              -0.45860445047345205,
              51.173393465574605
            ],
            [
              -0.4586640637202509,
              51.17332228573883
            ],
            [
              -0.45888572928708593,
              51.17354110181911
            ],
            [
              -0.4586152431632902,
              51.17306976406024
            ],
            [
              -0.4587320704214614,
              51.17299933800717
            ],
            [
              -0.4589561326316947,
              51.17314622027766
            ],
            [
              -0.45873926487341704,
              51.1727835369722
            ],
            [
              -0.4590193415984325,
              51.17296713972299
            ],
            [
              -0.45913616798683976,
              51.172896713257614
            ],
            [
              -0.4585212012432927,
              51.172456820110256
            ],
            [
              -0.4577858208590905,
              51.172195249531015
            ],
            [
              -0.4571720765513188,
              51.171719382602625
            ],
            [
              -0.45720648519412443,
              51.17240350667376
            ],
            [
              -0.4567927832430634,
              51.17279385922793
            ],
            [
              -0.45621944082897664,
              51.17282227734659
            ],
            [
              -0.455600898672672,
              51.17249026947144
            ]
          ],
          [
            [
              -0.46483297864073214,
              51.16681857837165
            ],
            [
              -0.46488899158567903,
              51.16685529607195
            ],
            [
              -0.46489018561575535,
              51.166819329091496
            ],
            [
              -0.46483297864073214,
              51.16681857837165
            ]
          ],
          [
            [
              -0.467046111702332,
              51.17084167255567
            ],
            [
              -0.46699009225954363,
              51.170804955857065
            ],
            [
              -0.4669888996931332,
              51.1708409228482
            ],
            [
              -0.467046111702332,
              51.17084167255567
            ]
          ],
          [
            [
              -0.45888572928708593,
              51.17354110181911
            ],
            [
              -0.4589417454771509,
              51.173577822355945
            ],
            [
              -0.45894294442028827,
              51.173541855517406
            ],
            [
              -0.45888572928708593,
              51.17354110181911
            ]
          ],
          [
            [
              -0.4589561326316947,
              51.17314622027766
            ],
            [
              -0.45901214840663895,
              51.17318294077955
            ],
            [
              -0.4590133472781155,
              51.1731469739374
            ],
            [
              -0.4589561326316947,
              51.17314622027766
            ]
          ],
          [
            [
              -0.459133770453916,
              51.17296864694893
            ],
            [
              -0.4591897861596732,
              51.173005367366216
            ],
            [
              -0.45919098488536453,
              51.17296940051996
            ],
            [
              -0.459133770453916,
              51.17296864694893
            ]
          ],
          [
            [
              -0.4481858062809157,
              51.175126826775355
            ],
            [
              -0.44824181575247024,
              51.17516355237022
            ],
            [
              -0.44824302308786823,
              51.175127585723004
            ],
            [
              -0.4481858062809157,
              51.175126826775355
            ]
          ]
        ]
      },
      "properties": {
        "source": "Coarse-screen discovery",
        "name": "Unnamed face near TQ 082 422",
        "status": "Failed terrain threshold",
        "easting": 508367.63628991315,
        "northing": 142474.3964968222,
        "latitude": 51.17125339310936,
        "longitude": -0.4513050393777524,
        "grid_ref": "TQ 0836 4247",
        "distance_miles": 26.377270722503944,
        "aspect_deg": 163.8203125,
        "aspect_text": "SSE",
        "representative_slope_deg": 13.478760719299316,
        "median_local_slope_deg": 21.081327438354492,
        "max_robust_slope_deg": 25.617427825927734,
        "mean_upper_slope_deg": 14.990697860717773,
        "vertical_relief_m": 56.385841369628906,
        "vertical_relief_ft": 184.9929237991333,
        "horizontal_run_m": 240.0,
        "face_width_m": 934.7989541677525,
        "ridge_length_m": 934.7989541677525,
        "downslope_span_m": 991.7795279578131,
        "connected_area_ha": 18.434683646933333,
        "lip_sharpness_deg": 3.2583184242248535,
        "roughness_m": 6.319309234619141,
        "gaps_count": 0,
        "largest_gap_m": 0,
        "percent_face_at_benchmark": 11.624399359316604,
        "whitewool_slope_percent": 112.82713150880241,
        "whitewool_relief_percent": 101.31545081513535,
        "pass_terrain": false,
        "terrain_score": 85.70712632916003,
        "overall_score": 85.70712632916003,
        "landcover_observation": "Not yet checked",
        "launch_observation": "Terrain-derived only",
        "landing_observation": "Terrain-derived only",
        "obstacle_observation": "Not yet checked",
        "airspace_observation": "Not yet checked",
        "protected_observation": "Not yet checked",
        "existing_site_conflict": "None identified",
        "confidence": "Medium",
        "reason": "Representative sustained slope 13.5\u00b0 versus Whitewool 11.9\u00b0; relief 56 m versus 56 m; continuous ridge 935 m versus 1196 m; 12% of the broader face reaches the benchmark threshold.",
        "profile_file": "profiles/unnamed_face_near_tq_082_422_profile.png"
      }
    },
    {
      "type": "Feature",
      "geometry": {
        "type": "Polygon",
        "coordinates": [
          [
            [
              -0.4861866378154561,
              51.171116913396354
            ],
            [
              -0.4869758477377204,
              51.17148694858264
            ],
            [
              -0.487550334444197,
              51.17142241206303
            ],
            [
              -0.48790067207235305,
              51.17121104557062
            ],
            [
              -0.4891546577606511,
              51.171371177210766
            ],
            [
              -0.4896017888354992,
              51.17170079369228
            ],
            [
              -0.48963432762345815,
              51.17245684694254
            ],
            [
              -0.4902064738325385,
              51.17246423218274
            ],
            [
              -0.4903710710482825,
              51.172682251432505
            ],
            [
              -0.4907762720180295,
              51.172543549380904
            ],
            [
              -0.4908044505674016,
              51.171680332254425
            ],
            [
              -0.49098078737013606,
              51.171538676833705
            ],
            [
              -0.49230725479815624,
              51.17123193665597
            ],
            [
              -0.49276261511096975,
              51.17130976935062
            ],
            [
              -0.493196877226625,
              51.17203501389343
            ],
            [
              -0.4937795651307814,
              51.17171867478889
            ],
            [
              -0.49429566083146886,
              51.17168933587779
            ],
            [
              -0.49684689576320523,
              51.17244179411197
            ],
            [
              -0.4969508013542206,
              51.17276697164078
            ],
            [
              -0.4967768168561365,
              51.17283670119771
            ],
            [
              -0.4960271682746059,
              51.17300697887073
            ],
            [
              -0.4949400750135461,
              51.17299299850143
            ],
            [
              -0.4941343733142007,
              51.173126560433985
            ],
            [
              -0.49348976566524666,
              51.17358603399695
            ],
            [
              -0.492797309508383,
              51.173757027522576
            ],
            [
              -0.49198337578192014,
              51.174142346232536
            ],
            [
              -0.491798818014371,
              51.174535774725754
            ],
            [
              -0.4922483444699,
              51.174793446564294
            ],
            [
              -0.4936227388451747,
              51.174775168923674
            ],
            [
              -0.49424393166913,
              51.17503504328029
            ],
            [
              -0.49476006419436397,
              51.17500570264312
            ],
            [
              -0.49557164955195554,
              51.17469229948688
            ],
            [
              -0.49620455254885476,
              51.174592489046844
            ],
            [
              -0.49746216745203536,
              51.17464463014901
            ],
            [
              -0.4979689448396997,
              51.17490301511565
            ],
            [
              -0.4980051276184187,
              51.175551164360236
            ],
            [
              -0.4980016216962668,
              51.17565906679356
            ],
            [
              -0.4975987522966857,
              51.17572585881708
            ],
            [
              -0.4974761311680181,
              51.17597616142997
            ],
            [
              -0.49781944623414165,
              51.17598057011544
            ],
            [
              -0.49811138504390345,
              51.17580440586205
            ],
            [
              -0.4980588404892305,
              51.17565980138418
            ],
            [
              -0.4984009849634643,
              51.175700175824275
            ],
            [
              -0.49928145328903206,
              51.17502780632081
            ],
            [
              -0.5000252880641706,
              51.17503734559635
            ],
            [
              -0.5004725324528974,
              51.17536692125869
            ],
            [
              -0.5004024795171008,
              51.17576183054543
            ],
            [
              -0.5008906230678997,
              51.17659568330068
            ],
            [
              -0.501632151898833,
              51.17667714761495
            ],
            [
              -0.5023281163835285,
              51.17639819932918
            ],
            [
              -0.50306498581763,
              51.17662352474852
            ],
            [
              -0.5029354025416861,
              51.17708963858304
            ],
            [
              -0.5019779094530198,
              51.17837275079655
            ],
            [
              -0.5018050769010057,
              51.178406520131105
            ],
            [
              -0.5014675734933518,
              51.178222285403024
            ],
            [
              -0.5008930200575185,
              51.1782868896659
            ],
            [
              -0.4999798008693525,
              51.17820321962024
            ],
            [
              -0.49901637100443946,
              51.17790300347116
            ],
            [
              -0.4987933252416653,
              51.17772022933708
            ],
            [
              -0.4955924444549226,
              51.177571165839844
            ],
            [
              -0.4951393595683213,
              51.17742140885037
            ],
            [
              -0.4949233582003538,
              51.177022822951216
            ],
            [
              -0.4930350863485149,
              51.17699851562596
            ],
            [
              -0.4923519619752052,
              51.17688176691609
            ],
            [
              -0.4916770563959238,
              51.176513242675114
            ],
            [
              -0.49048483979117496,
              51.17621000588004
            ],
            [
              -0.4897574404835517,
              51.17569686304282
            ],
            [
              -0.4898334590454301,
              51.17512212416396
            ],
            [
              -0.4901861641658055,
              51.17483881640391
            ],
            [
              -0.4880679393527475,
              51.17484744309189
            ],
            [
              -0.48704979555170014,
              51.17447445535578
            ],
            [
              -0.4865454398547526,
              51.17414408901995
            ],
            [
              -0.48627584459734785,
              51.173636845591254
            ],
            [
              -0.48553792832845927,
              51.17344738266649
            ],
            [
              -0.48483719422547794,
              51.17387009978939
            ],
            [
              -0.4831266090838577,
              51.1736680202555
            ],
            [
              -0.4830015551164598,
              51.17399024164603
            ],
            [
              -0.4821326821188691,
              51.17430281466565
            ],
            [
              -0.4806999014071352,
              51.17435618153513
            ],
            [
              -0.479617515669926,
              51.17419818975934
            ],
            [
              -0.47893683492598116,
              51.174009428925544
            ],
            [
              -0.47794009973931056,
              51.17298895357056
            ],
            [
              -0.477150938069902,
              51.172618857902485
            ],
            [
              -0.4766537846576479,
              51.17207264668268
            ],
            [
              -0.47608401796960004,
              51.1719932609334
            ],
            [
              -0.47571583344063056,
              51.17274409840621
            ],
            [
              -0.47525455809518946,
              51.172846035076006
            ],
            [
              -0.4751925982979456,
              51.17298915782503
            ],
            [
              -0.4750233264697837,
              51.17291498627811
            ],
            [
              -0.4744250674026836,
              51.17369880295649
            ],
            [
              -0.4739625924779471,
              51.17383670150441
            ],
            [
              -0.47333321771239184,
              51.17382849004797
            ],
            [
              -0.47236767925061623,
              51.17359999057664
            ],
            [
              -0.4701123854511969,
              51.17256300658582
            ],
            [
              -0.469902574491121,
              51.17198454101954
            ],
            [
              -0.4689001276789019,
              51.17114382551104
            ],
            [
              -0.4679859208555785,
              51.17109587428539
            ],
            [
              -0.4671360831103827,
              51.170832863642005
            ],
            [
              -0.4667916184221488,
              51.1708643322299
            ],
            [
              -0.46672844252815127,
              51.17104341732766
            ],
            [
              -0.46632079824220074,
              51.171253969553604
            ],
            [
              -0.46643045116591836,
              51.17139933751717
            ],
            [
              -0.4657200274532395,
              51.172109674783876
            ],
            [
              -0.4655495805733073,
              51.17207145663346
            ],
            [
              -0.4654875919262222,
              51.172214574012315
            ],
            [
              -0.4653183387845287,
              51.17214038856746
            ],
            [
              -0.46519913558162346,
              51.172282755217516
            ],
            [
              -0.46423008660700066,
              51.172162089968786
            ],
            [
              -0.4645222508237677,
              51.17025884590896
            ],
            [
              -0.4652696727861642,
              51.16843353944421
            ],
            [
              -0.4661743382266135,
              51.16704208150712
            ],
            [
              -0.46789412662369967,
              51.16522950330103
            ],
            [
              -0.46863421984928333,
              51.1653471419625
            ],
            [
              -0.46949348934097124,
              51.16532240464552
            ],
            [
              -0.4709129177373201,
              51.16566481069986
            ],
            [
              -0.4707794758580575,
              51.16623878850776
            ],
            [
              -0.4699500244662285,
              51.16709152589184
            ],
            [
              -0.4696032086942322,
              51.16719493715531
            ],
            [
              -0.4691777507457914,
              51.16794500564765
            ],
            [
              -0.4695794006199322,
              51.16791427825666
            ],
            [
              -0.46998938073104707,
              51.16763178005868
            ],
            [
              -0.4705042538894531,
              51.16763851291341
            ],
            [
              -0.4710298308203968,
              51.16732153978681
            ],
            [
              -0.4720011746020254,
              51.167370213892355
            ],
            [
              -0.4727341852390453,
              51.1677036295471
            ],
            [
              -0.47294163780273135,
              51.16835402479351
            ],
            [
              -0.47246970673551936,
              51.168779654787905
            ],
            [
              -0.47246020092220986,
              51.169067391546236
            ],
            [
              -0.4728559189796615,
              51.16921648845339
            ],
            [
              -0.4725389753187644,
              51.17014789830803
            ],
            [
              -0.4729251993767118,
              51.170584731748
            ],
            [
              -0.4729657804629625,
              51.171089017830525
            ],
            [
              -0.4737930982224477,
              51.17203536132598
            ],
            [
              -0.4736440185069723,
              51.17134974713361
            ],
            [
              -0.47403834043654924,
              51.16980763971381
            ],
            [
              -0.4745138278483974,
              51.169274102049485
            ],
            [
              -0.47506905138476896,
              51.168057932397936
            ],
            [
              -0.4754170476816079,
              51.16791853774241
            ],
            [
              -0.47558511626918426,
              51.16802867578431
            ],
            [
              -0.475940223688528,
              51.167673476617786
            ],
            [
              -0.4757923103081891,
              51.166951897352845
            ],
            [
              -0.47529879032640376,
              51.16629777902143
            ],
            [
              -0.4753153928456354,
              51.16579423877896
            ],
            [
              -0.4756061654081755,
              51.16565409774787
            ],
            [
              -0.4773665199450063,
              51.16607283253031
            ],
            [
              -0.477458432390626,
              51.166757698355504
            ],
            [
              -0.4772070988784389,
              51.16743809642089
            ],
            [
              -0.47777562760023007,
              51.16755344349348
            ],
            [
              -0.47867675946721744,
              51.16799695698451
            ],
            [
              -0.47860771654263834,
              51.16835588501641
            ],
            [
              -0.4781370209449525,
              51.168745571122926
            ],
            [
              -0.47824552175270846,
              51.1689268955235
            ],
            [
              -0.47958263935724504,
              51.16829659477708
            ],
            [
              -0.48009752221485086,
              51.16830328547359
            ],
            [
              -0.4805433768302662,
              51.168668903183324
            ],
            [
              -0.48094266303835825,
              51.1687100712303
            ],
            [
              -0.4812788333565177,
              51.16893033143795
            ],
            [
              -0.48127056369780297,
              51.169182102126044
            ],
            [
              -0.4802696161770161,
              51.17003268514993
            ],
            [
              -0.48002539959545926,
              51.1704972858209
            ],
            [
              -0.48035212094327284,
              51.1710052863899
            ],
            [
              -0.48052375865593455,
              51.171007515828755
            ],
            [
              -0.4805190304516129,
              51.17115138469306
            ],
            [
              -0.4809136110247231,
              51.17133642187281
            ],
            [
              -0.4808911572055779,
              51.17201979902865
            ],
            [
              -0.4811748632541569,
              51.172095447796316
            ],
            [
              -0.4813500494246804,
              51.171989774390184
            ],
            [
              -0.4818266571108556,
              51.17142023943753
            ],
            [
              -0.4824082331951513,
              51.17113992478389
            ],
            [
              -0.4826465275538958,
              51.170855155281465
            ],
            [
              -0.4829302294584077,
              51.17093079976993
            ],
            [
              -0.4839205339981503,
              51.170403899356664
            ],
            [
              -0.48436997619816596,
              51.170661600942736
            ],
            [
              -0.4843499321713904,
              51.17127304471421
            ],
            [
              -0.48469203142619816,
              51.17131345891068
            ],
            [
              -0.48475513832133005,
              51.17113436353776
            ],
            [
              -0.4851591636207004,
              51.17103164822755
            ],
            [
              -0.4853997970622924,
              51.170674938369196
            ],
            [
              -0.48585042813234436,
              51.170896667044985
            ],
            [
              -0.4860102881110418,
              51.171258561489104
            ],
            [
              -0.4861866378154561,
              51.171116913396354
            ]
          ],
          [
            [
              -0.46702165911142857,
              51.17083136428729
            ],
            [
              -0.4669656397006315,
              51.17079464757719
            ],
            [
              -0.46696444711563856,
              51.170830614567976
            ],
            [
              -0.46702165911142857,
              51.17083136428729
            ]
          ],
          [
            [
              -0.4743509922763653,
              51.17247442926189
            ],
            [
              -0.4742914041379692,
              51.172545617316146
            ],
            [
              -0.47434861845144227,
              51.1725463634702
            ],
            [
              -0.4743509922763653,
              51.17247442926189
            ]
          ],
          [
            [
              -0.4741805366523694,
              51.17243622361993
            ],
            [
              -0.47401364281973773,
              51.17229011643309
            ],
            [
              -0.4740661083094108,
              51.172434731121776
            ],
            [
              -0.4741805366523694,
              51.17243622361993
            ]
          ],
          [
            [
              -0.4740183914587232,
              51.17214624803158
            ],
            [
              -0.473957616040174,
              51.17225340301884
            ],
            [
              -0.4740148299831545,
              51.1722541493331
            ],
            [
              -0.4740183914587232,
              51.17214624803158
            ]
          ]
        ]
      },
      "properties": {
        "source": "Coarse-screen discovery",
        "name": "Unnamed face near TQ 060 425",
        "status": "Failed terrain threshold",
        "easting": 506183.7560339504,
        "northing": 142516.2323937035,
        "latitude": 51.172038659731705,
        "longitude": -0.48251874730430655,
        "grid_ref": "TQ 0618 4251",
        "distance_miles": 25.04977721438464,
        "aspect_deg": 203.558349609375,
        "aspect_text": "SSW",
        "representative_slope_deg": 12.604293823242188,
        "median_local_slope_deg": 16.075748443603516,
        "max_robust_slope_deg": 23.25577163696289,
        "mean_upper_slope_deg": 12.988192558288574,
        "vertical_relief_m": 52.40582275390625,
        "vertical_relief_ft": 171.93511952392578,
        "horizontal_run_m": 240.0,
        "face_width_m": 1312.201026362949,
        "ridge_length_m": 1312.201026362949,
        "downslope_span_m": 481.6564884627587,
        "connected_area_ha": 19.63068057973333,
        "lip_sharpness_deg": 0.10999298095703125,
        "roughness_m": 5.7190632820129395,
        "gaps_count": 0,
        "largest_gap_m": 0,
        "percent_face_at_benchmark": 11.26735924211433,
        "whitewool_slope_percent": 105.50720102437276,
        "whitewool_relief_percent": 94.16405659080853,
        "pass_terrain": false,
        "terrain_score": 82.8124611398576,
        "overall_score": 82.8124611398576,
        "landcover_observation": "Not yet checked",
        "launch_observation": "Terrain-derived only",
        "landing_observation": "Terrain-derived only",
        "obstacle_observation": "Not yet checked",
        "airspace_observation": "Not yet checked",
        "protected_observation": "Not yet checked",
        "existing_site_conflict": "None identified",
        "confidence": "Medium",
        "reason": "Representative sustained slope 12.6\u00b0 versus Whitewool 11.9\u00b0; relief 52 m versus 56 m; continuous ridge 1312 m versus 1196 m; 11% of the broader face reaches the benchmark threshold.",
        "profile_file": "profiles/unnamed_face_near_tq_060_425_profile.png"
      }
    },
    {
      "type": "Feature",
      "geometry": {
        "type": "Polygon",
        "coordinates": [
          [
            [
              -0.5272992455278996,
              51.22176604596741
            ],
            [
              -0.5273095750642368,
              51.22144233692652
            ],
            [
              -0.5279487921682622,
              51.2211625217777
            ],
            [
              -0.5279740301276203,
              51.22037123266366
            ],
            [
              -0.5281515901558531,
              51.22019355525044
            ],
            [
              -0.5284425511389207,
              51.22005328562531
            ],
            [
              -0.5295846059435625,
              51.220175586376776
            ],
            [
              -0.5297541387777228,
              51.22024968049702
            ],
            [
              -0.5296281304002592,
              51.220607918561235
            ],
            [
              -0.529283332389051,
              51.2206395682528
            ],
            [
              -0.5285742410292864,
              51.22131431540023
            ],
            [
              -0.5294814918541867,
              51.22161357520483
            ],
            [
              -0.5303383498326888,
              51.22169630250197
            ],
            [
              -0.5319112059922421,
              51.222687559519926
            ],
            [
              -0.5325366888935373,
              51.22283933219686
            ],
            [
              -0.5325263955058553,
              51.223163041918575
            ],
            [
              -0.5328620627039955,
              51.22341912482302
            ],
            [
              -0.5333202939007364,
              51.22342486817353
            ],
            [
              -0.5339583603360675,
              51.223180987976896
            ],
            [
              -0.5346066988564607,
              51.22261339420236
            ],
            [
              -0.5352299067241209,
              51.222837088118936
            ],
            [
              -0.5357810067752705,
              51.22352764354562
            ],
            [
              -0.5361888058062463,
              51.223316852265526
            ],
            [
              -0.5363102081639153,
              51.22310247817559
            ],
            [
              -0.5362082002955044,
              51.22270539956782
            ],
            [
              -0.5363834566609299,
              51.22259964516778
            ],
            [
              -0.5375748967439433,
              51.22297435956945
            ],
            [
              -0.538605909382041,
              51.222987237990964
            ],
            [
              -0.5388213576756512,
              51.22342171279007
            ],
            [
              -0.5388444722573293,
              51.22450146316812
            ],
            [
              -0.5394643113163082,
              51.2248330383568
            ],
            [
              -0.5395674899124344,
              51.225194146403176
            ],
            [
              -0.5392731137911356,
              51.22544234710437
            ],
            [
              -0.5382363491761046,
              51.225609313237136
            ],
            [
              -0.5379499404748254,
              51.22560573577438
            ],
            [
              -0.5379533592428197,
              51.225497832319896
            ],
            [
              -0.5377219533262758,
              51.225566905485444
            ],
            [
              -0.5377253726226234,
              51.225459002041184
            ],
            [
              -0.5375512481974464,
              51.2255287905261
            ],
            [
              -0.537499666266012,
              51.225348235697275
            ],
            [
              -0.5373255419277853,
              51.22541802384823
            ],
            [
              -0.5371662396029201,
              51.22502023024026
            ],
            [
              -0.5367584297520591,
              51.22523102478145
            ],
            [
              -0.536066490870156,
              51.22536630021725
            ],
            [
              -0.5343526197984649,
              51.22520092209652
            ],
            [
              -0.5331932780320792,
              51.22561818302138
            ],
            [
              -0.531363701314725,
              51.225487293032806
            ],
            [
              -0.5310772942504323,
              51.22548369875853
            ],
            [
              -0.5310738594061505,
              51.22559160188168
            ],
            [
              -0.5302146365599014,
              51.22558081481352
            ],
            [
              -0.5291377529526414,
              51.225207465368115
            ],
            [
              -0.52665974260217,
              51.22564406427402
            ],
            [
              -0.5258566529195522,
              51.225669933911306
            ],
            [
              -0.525173873250751,
              51.225517403663616
            ],
            [
              -0.5235023589700587,
              51.22582016752291
            ],
            [
              -0.5215547849322102,
              51.22579558171676
            ],
            [
              -0.5203414929855992,
              51.226104087965986
            ],
            [
              -0.5183296984856456,
              51.22629452929963
            ],
            [
              -0.5173009327720259,
              51.22620953670649
            ],
            [
              -0.5165070799647797,
              51.225947602238996
            ],
            [
              -0.5162264546444513,
              51.22576413426092
            ],
            [
              -0.5162929878329412,
              51.22547712070073
            ],
            [
              -0.5161211447911495,
              51.22547494209357
            ],
            [
              -0.5161303975244534,
              51.22518720235841
            ],
            [
              -0.515956242138202,
              51.225256958450984
            ],
            [
              -0.5159620257120462,
              51.225077121125004
            ],
            [
              -0.5150443803949039,
              51.225101463895875
            ],
            [
              -0.5137911599545115,
              51.22486966363983
            ],
            [
              -0.5119020745656437,
              51.224809677484416
            ],
            [
              -0.5104921315747685,
              51.22410808093773
            ],
            [
              -0.5094026660423646,
              51.22413019252028
            ],
            [
              -0.5092939170394005,
              51.22394889660957
            ],
            [
              -0.5082710351050702,
              51.2236839883688
            ],
            [
              -0.5083597030348518,
              51.22271359988948
            ],
            [
              -0.5091008233159916,
              51.22283098982023
            ],
            [
              -0.5104216903166938,
              51.22273986226878
            ],
            [
              -0.5119542659351219,
              51.223191144182586
            ],
            [
              -0.5140174360644464,
              51.22318137596114
            ],
            [
              -0.5150999340450563,
              51.22337502598392
            ],
            [
              -0.5160759799061579,
              51.22331544126991
            ],
            [
              -0.517837747101775,
              51.22376955146338
            ],
            [
              -0.5180553126089044,
              51.22413212785692
            ],
            [
              -0.5182844302028493,
              51.224135028770114
            ],
            [
              -0.519090959004047,
              51.2240013083437
            ],
            [
              -0.5187565193694942,
              51.22370921903215
            ],
            [
              -0.5187073220584965,
              51.223456721443824
            ],
            [
              -0.519233216116999,
              51.223139537166105
            ],
            [
              -0.5201877272691788,
              51.22196419960357
            ],
            [
              -0.5211718051665931,
              51.221652799142426
            ],
            [
              -0.5234697672537778,
              51.221465920440465
            ],
            [
              -0.5243438612079876,
              51.22100917727493
            ],
            [
              -0.5249097207098178,
              51.22123220344224
            ],
            [
              -0.5251972499510396,
              51.22119984495664
            ],
            [
              -0.5253437944093066,
              51.22199329818478
            ],
            [
              -0.5243436357036213,
              51.22280828053218
            ],
            [
              -0.5245062697840013,
              51.223098187928514
            ],
            [
              -0.5250137273488653,
              51.22335645921533
            ],
            [
              -0.5253573990557903,
              51.22336078993801
            ],
            [
              -0.525885544688314,
              51.22297164010695
            ],
            [
              -0.526742420845726,
              51.223054393871266
            ],
            [
              -0.526980718271867,
              51.222769536473265
            ],
            [
              -0.5267768664893203,
              51.22197536416801
            ],
            [
              -0.5272992455278996,
              51.22176604596741
            ]
          ],
          [
            [
              -0.523120957246878,
              51.22520365954105
            ],
            [
              -0.5230075467647286,
              51.225166246273496
            ],
            [
              -0.5230063955423576,
              51.22520221385303
            ],
            [
              -0.523120957246878,
              51.22520365954105
            ]
          ],
          [
            [
              -0.5205056442767168,
              51.22455893216077
            ],
            [
              -0.5218196282323758,
              51.22468348149668
            ],
            [
              -0.5219822527463059,
              51.224973392235135
            ],
            [
              -0.5228998929786645,
              51.22494899500399
            ],
            [
              -0.522836855713449,
              51.225128109957055
            ],
            [
              -0.5237029713413914,
              51.224923145567814
            ],
            [
              -0.522884059175751,
              51.22365343909182
            ],
            [
              -0.5223216352668208,
              51.223322500316804
            ],
            [
              -0.5208243251553972,
              51.223555460833744
            ],
            [
              -0.5204141485400406,
              51.22383813305748
            ],
            [
              -0.5197771565816512,
              51.22404597117456
            ],
            [
              -0.520809337819762,
              51.22402303901838
            ],
            [
              -0.5202261645448666,
              51.224339506129475
            ],
            [
              -0.5205125631109653,
              51.22434312689928
            ],
            [
              -0.5205056442767168,
              51.22455893216077
            ]
          ],
          [
            [
              -0.5206190511970263,
              51.2245963478282
            ],
            [
              -0.5205606180568643,
              51.224631591323266
            ],
            [
              -0.5206178981365055,
              51.22463231537252
            ],
            [
              -0.5206190511970263,
              51.2245963478282
            ]
          ],
          [
            [
              -0.5295742928300942,
              51.220499295818705
            ],
            [
              -0.5294608884705553,
              51.22046188882808
            ],
            [
              -0.5294597424703951,
              51.22049785654103
            ],
            [
              -0.5295742928300942,
              51.220499295818705
            ]
          ],
          [
            [
              -0.5283211207115676,
              51.2202676514286
            ],
            [
              -0.5282077179584168,
              51.22023024323484
            ],
            [
              -0.5282065709911743,
              51.22026621092902
            ],
            [
              -0.5283211207115676,
              51.2202676514286
            ]
          ]
        ]
      },
      "properties": {
        "source": "Coarse-screen discovery",
        "name": "Unnamed face near TQ 028 482",
        "status": "Failed terrain threshold",
        "easting": 502800.740887197,
        "northing": 148256.2012327983,
        "latitude": 51.22425251883909,
        "longitude": -0.5292503797514538,
        "grid_ref": "TQ 0280 4825",
        "distance_miles": 24.00354712514665,
        "aspect_deg": 183.16720581054688,
        "aspect_text": "S",
        "representative_slope_deg": 13.64227294921875,
        "median_local_slope_deg": 14.760820388793945,
        "max_robust_slope_deg": 24.3052921295166,
        "mean_upper_slope_deg": 15.755834579467773,
        "vertical_relief_m": 59.268524169921875,
        "vertical_relief_ft": 194.45054483764648,
        "horizontal_run_m": 240.0,
        "face_width_m": 859.3988919523545,
        "ridge_length_m": 859.3988919523545,
        "downslope_span_m": 374.8399210276548,
        "connected_area_ha": 16.2972594096,
        "lip_sharpness_deg": -2.648538589477539,
        "roughness_m": 5.953014373779297,
        "gaps_count": 0,
        "largest_gap_m": 0,
        "percent_face_at_benchmark": 19.535967527749243,
        "whitewool_slope_percent": 114.19584902316574,
        "whitewool_relief_percent": 106.4951253641797,
        "pass_terrain": false,
        "terrain_score": 82.74058830945751,
        "overall_score": 82.74058830945751,
        "landcover_observation": "Not yet checked",
        "launch_observation": "Terrain-derived only",
        "landing_observation": "Terrain-derived only",
        "obstacle_observation": "Not yet checked",
        "airspace_observation": "Not yet checked",
        "protected_observation": "Not yet checked",
        "existing_site_conflict": "None identified",
        "confidence": "Medium",
        "reason": "Representative sustained slope 13.6\u00b0 versus Whitewool 11.9\u00b0; relief 59 m versus 56 m; continuous ridge 859 m versus 1196 m; 20% of the broader face reaches the benchmark threshold.",
        "profile_file": "profiles/unnamed_face_near_tq_028_482_profile.png"
      }
    },
    {
      "type": "Feature",
      "geometry": {
        "type": "Polygon",
        "coordinates": [
          [
            [
              -0.7328554886271144,
              50.92451631450419
            ],
            [
              -0.7337680948986396,
              50.92445424693704
            ],
            [
              -0.735951364908501,
              50.92372225230448
            ],
            [
              -0.7374525716617437,
              50.922946861722245
            ],
            [
              -0.7379764752799312,
              50.92252072630676
            ],
            [
              -0.7388642125896137,
              50.92127090464374
            ],
            [
              -0.738823831538586,
              50.92065875402988
            ],
            [
              -0.7384478243909869,
              50.91982707872453
            ],
            [
              -0.7386341151555537,
              50.9192533596526
            ],
            [
              -0.7393962928120758,
              50.91843397589537
            ],
            [
              -0.7422507506240756,
              50.916017896342076
            ],
            [
              -0.7432229913598726,
              50.915848448048656
            ],
            [
              -0.7447015667309863,
              50.91590033514464
            ],
            [
              -0.7470462874870661,
              50.9154937184769
            ],
            [
              -0.7511415363497282,
              50.91560955431402
            ],
            [
              -0.7520462501724909,
              50.915835125673276
            ],
            [
              -0.7524784145616409,
              50.91670334009883
            ],
            [
              -0.7527619866790473,
              50.91674235239919
            ],
            [
              -0.7530532495625872,
              50.91649358059456
            ],
            [
              -0.7532374248474882,
              50.91599178240574
            ],
            [
              -0.753256646812657,
              50.91527232367874
            ],
            [
              -0.7531003497747485,
              50.91473090682149
            ],
            [
              -0.7525399610799789,
              50.91440107278675
            ],
            [
              -0.7524878653674923,
              50.91422060020706
            ],
            [
              -0.7502261698446517,
              50.91365666768211
            ],
            [
              -0.7432406835459288,
              50.913077929549
            ],
            [
              -0.7417120868087391,
              50.91277360186246
            ],
            [
              -0.7402905160636082,
              50.91272229147245
            ],
            [
              -0.7392045268923954,
              50.912890487116165
            ],
            [
              -0.7389151577416103,
              50.913067278643204
            ],
            [
              -0.7389073812118834,
              50.91335506067658
            ],
            [
              -0.738321824890176,
              50.91396045062981
            ],
            [
              -0.7380660028623595,
              50.91500120043584
            ],
            [
              -0.736136524210261,
              50.91688744491531
            ],
            [
              -0.7357716938385253,
              50.91774709340224
            ],
            [
              -0.735920976982558,
              50.91854034057563
            ],
            [
              -0.7364754510933617,
              50.919086089774716
            ],
            [
              -0.7368523911096541,
              50.919881798557675
            ],
            [
              -0.7367633401259623,
              50.92106828138343
            ],
            [
              -0.7362306722739461,
              50.9218181654793
            ],
            [
              -0.7355900098070283,
              50.92235097862094
            ],
            [
              -0.7342663662747759,
              50.922876387606486
            ],
            [
              -0.732878939112563,
              50.9236529720339
            ],
            [
              -0.7331046443970154,
              50.923727387256
            ],
            [
              -0.7325865468321622,
              50.923937664711
            ],
            [
              -0.7328701453158707,
              50.92397672547622
            ],
            [
              -0.7325826375565921,
              50.92408155510887
            ],
            [
              -0.7326945136592798,
              50.924154735663606
            ],
            [
              -0.7325787282489308,
              50.92422544550293
            ],
            [
              -0.7327484974435929,
              50.9242632711022
            ],
            [
              -0.7326327118417223,
              50.92433398099244
            ],
            [
              -0.7328034586375456,
              50.92433583391529
            ],
            [
              -0.7328554886271144,
              50.92451631450419
            ]
          ]
        ]
      },
      "properties": {
        "source": "Coarse-screen discovery",
        "name": "Unnamed face near SU 884 135",
        "status": "Failed terrain threshold",
        "easting": 488543.5973208732,
        "northing": 113623.68412763641,
        "latitude": 50.91529498702342,
        "longitude": -0.7418281230977184,
        "grid_ref": "SU 8854 1362",
        "distance_miles": 18.867975953210646,
        "aspect_deg": 169.127197265625,
        "aspect_text": "S",
        "representative_slope_deg": 13.188923835754395,
        "median_local_slope_deg": 12.282132148742676,
        "max_robust_slope_deg": 19.47507095336914,
        "mean_upper_slope_deg": 13.963956832885742,
        "vertical_relief_m": 59.4954833984375,
        "vertical_relief_ft": 195.1951617529297,
        "horizontal_run_m": 240.0,
        "face_width_m": 951.7560264985659,
        "ridge_length_m": 951.7560264985659,
        "downslope_span_m": 556.6825358269562,
        "connected_area_ha": 19.230413868622218,
        "lip_sharpness_deg": -3.7689895629882812,
        "roughness_m": 3.9136321544647217,
        "gaps_count": 0,
        "largest_gap_m": 0,
        "percent_face_at_benchmark": 28.938035979108903,
        "whitewool_slope_percent": 110.40098381934892,
        "whitewool_relief_percent": 106.90293122457254,
        "pass_terrain": false,
        "terrain_score": 82.12050975485155,
        "overall_score": 82.12050975485155,
        "landcover_observation": "Not yet checked",
        "launch_observation": "Terrain-derived only",
        "landing_observation": "Terrain-derived only",
        "obstacle_observation": "Not yet checked",
        "airspace_observation": "Not yet checked",
        "protected_observation": "Not yet checked",
        "existing_site_conflict": "None identified",
        "confidence": "Medium",
        "reason": "Representative sustained slope 13.2\u00b0 versus Whitewool 11.9\u00b0; relief 59 m versus 56 m; continuous ridge 952 m versus 1196 m; 29% of the broader face reaches the benchmark threshold.",
        "profile_file": "profiles/unnamed_face_near_su_884_135_profile.png"
      }
    },
    {
      "type": "Feature",
      "geometry": {
        "type": "Polygon",
        "coordinates": [
          [
            [
              -1.4351365571434123,
              51.339935793983436
            ],
            [
              -1.437952439686009,
              51.33984139406351
            ],
            [
              -1.4384137170478986,
              51.33969968841903
            ],
            [
              -1.4388179910778967,
              51.339521728816635
            ],
            [
              -1.4394007210792958,
              51.33884091256718
            ],
            [
              -1.4377442373430946,
              51.33807741380649
            ],
            [
              -1.435851440679168,
              51.33785244255335
            ],
            [
              -1.4351652849785843,
              51.33759728305486
            ],
            [
              -1.4344817917210961,
              51.337126256970535
            ],
            [
              -1.4344844464919622,
              51.33691039438327
            ],
            [
              -1.434200363993379,
              51.33665716860394
            ],
            [
              -1.434152667728935,
              51.33586539509212
            ],
            [
              -1.4342149718499286,
              51.33546992423551
            ],
            [
              -1.434853383068708,
              51.33493331589156
            ],
            [
              -1.4346320518167137,
              51.33424864266264
            ],
            [
              -1.4329758127204666,
              51.33348507663124
            ],
            [
              -1.4320640102365083,
              51.33290499331704
            ],
            [
              -1.4312630875718761,
              51.33264925434622
            ],
            [
              -1.4301714548946836,
              51.33267993083603
            ],
            [
              -1.4292427372623144,
              51.333466955249364
            ],
            [
              -1.4290125629816952,
              51.3335018132875
            ],
            [
              -1.4290713348478126,
              51.33339416183329
            ],
            [
              -1.4288994862037891,
              51.33335734525302
            ],
            [
              -1.428917356421935,
              51.33191826164423
            ],
            [
              -1.4291573468495582,
              51.33109190758431
            ],
            [
              -1.4289890800568,
              51.33076727433133
            ],
            [
              -1.4293919724484534,
              51.330697278168046
            ],
            [
              -1.4307310838883964,
              51.32922864017967
            ],
            [
              -1.4306816728738587,
              51.32858077296743
            ],
            [
              -1.4302823659105282,
              51.32836295666131
            ],
            [
              -1.4287363450159982,
              51.327995637475574
            ],
            [
              -1.4279942932626148,
              51.327632224828584
            ],
            [
              -1.427420495156826,
              51.32759344335833
            ],
            [
              -1.426566751675978,
              51.32697762070182
            ],
            [
              -1.4248377411501287,
              51.32747285763762
            ],
            [
              -1.4246645680610717,
              51.32754396617577
            ],
            [
              -1.4248327926531765,
              51.32786860568625
            ],
            [
              -1.4263630738527289,
              51.32949517470717
            ],
            [
              -1.4272195492919326,
              51.329895136145794
            ],
            [
              -1.4281940264443598,
              51.330043812108634
            ],
            [
              -1.4283622850064015,
              51.33036844651799
            ],
            [
              -1.426967427817289,
              51.33169286766182
            ],
            [
              -1.4264030026220667,
              51.330898562291054
            ],
            [
              -1.4254868405587955,
              51.33067819880082
            ],
            [
              -1.4254253671224286,
              51.33100171096582
            ],
            [
              -1.4249026598683907,
              51.33146687767647
            ],
            [
              -1.424429717681366,
              51.33254393415124
            ],
            [
              -1.4243153066342729,
              51.332507392909584
            ],
            [
              -1.4238481992856058,
              51.33311674504249
            ],
            [
              -1.4236759050643395,
              51.333115897868815
            ],
            [
              -1.4236157682232937,
              51.3333314777411
            ],
            [
              -1.4221094343688925,
              51.33436745832469
            ],
            [
              -1.4218172939356093,
              51.334761789311045
            ],
            [
              -1.4218697520833925,
              51.33515781999482
            ],
            [
              -1.4222690777192153,
              51.335375664786426
            ],
            [
              -1.4233576211036576,
              51.33559690143813
            ],
            [
              -1.4246211803805138,
              51.33560311180578
            ],
            [
              -1.425602061299401,
              51.33524813086993
            ],
            [
              -1.4260664732654946,
              51.33485463431641
            ],
            [
              -1.4267462583617194,
              51.335613525780275
            ],
            [
              -1.4274305455442342,
              51.33601264268153
            ],
            [
              -1.4282884932261246,
              51.33630466508853
            ],
            [
              -1.4296656052978436,
              51.33641931261951
            ],
            [
              -1.4306451287075634,
              51.336172220665205
            ],
            [
              -1.4307969490081185,
              51.33782800307913
            ],
            [
              -1.431019130278863,
              51.33844072887595
            ],
            [
              -1.4315294015401343,
              51.3389828934553
            ],
            [
              -1.432099346141104,
              51.339345448802035
            ],
            [
              -1.4330718214973035,
              51.33967396996558
            ],
            [
              -1.4351365571434123,
              51.339935793983436
            ]
          ]
        ]
      },
      "properties": {
        "source": "Coarse-screen discovery",
        "name": "Unnamed face near SU 394 600",
        "status": "Failed terrain threshold",
        "easting": 439689.6274064961,
        "northing": 159818.57953875334,
        "latitude": 51.33607967374705,
        "longitude": -1.4316506265837934,
        "grid_ref": "SU 3968 5981",
        "distance_miles": 22.911577842179174,
        "aspect_deg": 205.61094665527344,
        "aspect_text": "SSW",
        "representative_slope_deg": 13.74985408782959,
        "median_local_slope_deg": 13.265442848205566,
        "max_robust_slope_deg": 24.99151039123535,
        "mean_upper_slope_deg": 14.753795623779297,
        "vertical_relief_m": 59.91429138183594,
        "vertical_relief_ft": 196.56920373718262,
        "horizontal_run_m": 240.0,
        "face_width_m": 995.8450535188313,
        "ridge_length_m": 995.8450535188313,
        "downslope_span_m": 624.8987931511365,
        "connected_area_ha": 19.601861376533336,
        "lip_sharpness_deg": -3.768980026245117,
        "roughness_m": 5.899601936340332,
        "gaps_count": 0,
        "largest_gap_m": 0,
        "percent_face_at_benchmark": 27.30277655354782,
        "whitewool_slope_percent": 115.09638220471649,
        "whitewool_relief_percent": 107.65545559261088,
        "pass_terrain": false,
        "terrain_score": 80.46024244305526,
        "overall_score": 80.46024244305526,
        "landcover_observation": "Not yet checked",
        "launch_observation": "Terrain-derived only",
        "landing_observation": "Terrain-derived only",
        "obstacle_observation": "Not yet checked",
        "airspace_observation": "Not yet checked",
        "protected_observation": "Not yet checked",
        "existing_site_conflict": "None identified",
        "confidence": "Medium",
        "reason": "Representative sustained slope 13.7\u00b0 versus Whitewool 11.9\u00b0; relief 60 m versus 56 m; continuous ridge 996 m versus 1196 m; 27% of the broader face reaches the benchmark threshold.",
        "profile_file": "profiles/unnamed_face_near_su_394_600_profile.png"
      }
    },
    {
      "type": "Feature",
      "geometry": {
        "type": "Polygon",
        "coordinates": [
          [
            [
              -0.6690384103223664,
              50.924225305923486
            ],
            [
              -0.671293919431443,
              50.92299157272071
            ],
            [
              -0.671825591181928,
              50.92231393658343
            ],
            [
              -0.6731073207865206,
              50.921284989266596
            ],
            [
              -0.6735626051397783,
              50.92129016171634
            ],
            [
              -0.6746316430574282,
              50.921734100661816
            ],
            [
              -0.6749547195387243,
              50.922385467992406
            ],
            [
              -0.6749332633666557,
              50.92314087553156
            ],
            [
              -0.674631325495824,
              50.92374916645684
            ],
            [
              -0.6739858487392182,
              50.92442552291191
            ],
            [
              -0.6710340268598355,
              50.92611916955454
            ],
            [
              -0.6687337604122747,
              50.92692058701252
            ],
            [
              -0.6665595923666108,
              50.9272915987168
            ],
            [
              -0.6650217853413801,
              50.92731001257269
            ],
            [
              -0.6640583058731456,
              50.927155060896126
            ],
            [
              -0.6632717700510717,
              50.92678622643614
            ],
            [
              -0.6630605984524616,
              50.92620807471809
            ],
            [
              -0.6631453501364956,
              50.92523749320022
            ],
            [
              -0.663975130552983,
              50.92409552060551
            ],
            [
              -0.6640371952087484,
              50.92391631363188
            ],
            [
              -0.6639864629483636,
              50.92369983277968
            ],
            [
              -0.663158751803091,
              50.92476986238043
            ],
            [
              -0.6622905918904832,
              50.92526368829293
            ],
            [
              -0.6609732835275676,
              50.92553645806645
            ],
            [
              -0.6601506366023503,
              50.92642660746323
            ],
            [
              -0.6589998969936517,
              50.92684519970732
            ],
            [
              -0.6589905894029153,
              50.92716894345974
            ],
            [
              -0.6595514933386244,
              50.92746325035747
            ],
            [
              -0.660343176408409,
              50.92765225198549
            ],
            [
              -0.6610676216079233,
              50.92820031123495
            ],
            [
              -0.6610562626333885,
              50.92859599828273
            ],
            [
              -0.6604798393228052,
              50.92884127159927
            ],
            [
              -0.6591065336969225,
              50.929077394865246
            ],
            [
              -0.6568866662517427,
              50.929051884855916
            ],
            [
              -0.6552442948209836,
              50.928745116836964
            ],
            [
              -0.6540614480949026,
              50.92829968910115
            ],
            [
              -0.6530803270462863,
              50.9287561614682
            ],
            [
              -0.6519367453056204,
              50.92892288305939
            ],
            [
              -0.6509184399541218,
              50.9286952231869
            ],
            [
              -0.6498029682303866,
              50.92789069619781
            ],
            [
              -0.6499199279657573,
              50.92778409814697
            ],
            [
              -0.6498133811101147,
              50.927530982317094
            ],
            [
              -0.6501000513247472,
              50.92746232956948
            ],
            [
              -0.6501052565663261,
              50.9272824725968
            ],
            [
              -0.6503919248302565,
              50.927213819114726
            ],
            [
              -0.6503960880905584,
              50.92706993351362
            ],
            [
              -0.6509683799671192,
              50.92696859578872
            ],
            [
              -0.6513182024933359,
              50.92668476901782
            ],
            [
              -0.6512758474770306,
              50.92618051182125
            ],
            [
              -0.6509964690626292,
              50.92599736763582
            ],
            [
              -0.6508361260472314,
              50.92563568090174
            ],
            [
              -0.6504977561614984,
              50.925523820799945
            ],
            [
              -0.6504606142552408,
              50.92483970620867
            ],
            [
              -0.6508662972801478,
              50.92459250973286
            ],
            [
              -0.6508239486210537,
              50.92408825224729
            ],
            [
              -0.6510484817965367,
              50.9241987965233
            ],
            [
              -0.6509408963399775,
              50.92398165301508
            ],
            [
              -0.6512337833079902,
              50.92369716867886
            ],
            [
              -0.6515204278246406,
              50.923628512203706
            ],
            [
              -0.6523730823089856,
              50.92367433867549
            ],
            [
              -0.6527631622516636,
              50.92396670720328
            ],
            [
              -0.6533104881720542,
              50.924728672562914
            ],
            [
              -0.6532494197964569,
              50.92487190203023
            ],
            [
              -0.65435865416145,
              50.92589222520513
            ],
            [
              -0.6549753920862339,
              50.926223181115525
            ],
            [
              -0.6550830013713289,
              50.92644032100649
            ],
            [
              -0.6570057321303807,
              50.92689424994729
            ],
            [
              -0.6561292606340262,
              50.92569671417204
            ],
            [
              -0.6553481125560024,
              50.92316888203611
            ],
            [
              -0.6542409953256759,
              50.922076625147994
            ],
            [
              -0.654145852334876,
              50.921427826551664
            ],
            [
              -0.6547305139822049,
              50.92089481174111
            ],
            [
              -0.6553047944057621,
              50.92072150899174
            ],
            [
              -0.6557114523097364,
              50.9204383235246
            ],
            [
              -0.6562857235279107,
              50.92026501586621
            ],
            [
              -0.6572552457043432,
              50.920204201322974
            ],
            [
              -0.6578781388186925,
              50.92031931251827
            ],
            [
              -0.6583830791186276,
              50.92057699903746
            ],
            [
              -0.6596578908330472,
              50.92177909189424
            ],
            [
              -0.6603284253959115,
              50.92221858756
            ],
            [
              -0.6607226744220078,
              50.922367043536894
            ],
            [
              -0.6609513532133042,
              50.92233368258081
            ],
            [
              -0.661127249621682,
              50.922155782314995
            ],
            [
              -0.6611417023723077,
              50.921652180039146
            ],
            [
              -0.6609409038437816,
              50.92071430840207
            ],
            [
              -0.6594487906296279,
              50.919149900459395
            ],
            [
              -0.6598036687502558,
              50.91868618911621
            ],
            [
              -0.6611300793911564,
              50.918089686289534
            ],
            [
              -0.6613649289907835,
              50.91784049463645
            ],
            [
              -0.6620539907745089,
              50.917632491159566
            ],
            [
              -0.6634217920227895,
              50.917576188370596
            ],
            [
              -0.6644927064356074,
              50.9179482757472
            ],
            [
              -0.6651052967264831,
              50.91842306499922
            ],
            [
              -0.665373367891178,
              50.919001864128525
            ],
            [
              -0.6669743566878352,
              50.920747355622176
            ],
            [
              -0.668709818598183,
              50.921774689260396
            ],
            [
              -0.6691538192230275,
              50.92217556768126
            ],
            [
              -0.6690235758396471,
              50.92274981767485
            ],
            [
              -0.6682734483671433,
              50.923101099506866
            ],
            [
              -0.6678627335625836,
              50.92352821572363
            ],
            [
              -0.667405373291411,
              50.92359496423325
            ],
            [
              -0.6667700754533258,
              50.92391156337875
            ],
            [
              -0.6676227521872441,
              50.923957278626226
            ],
            [
              -0.6669699759943286,
              50.92488539713248
            ],
            [
              -0.6673104370651483,
              50.92492526644239
            ],
            [
              -0.6678836945814818,
              50.92478787362353
            ],
            [
              -0.6685769380359231,
              50.9244359457318
            ],
            [
              -0.6688045951542826,
              50.92443854112481
            ],
            [
              -0.6690384103223664,
              50.924225305923486
            ]
          ],
          [
            [
              -0.6690373839916288,
              50.92426127761584
            ],
            [
              -0.6690932717766066,
              50.924297897972636
            ],
            [
              -0.6690942980655851,
              50.9242619262797
            ],
            [
              -0.6690373839916288,
              50.92426127761584
            ]
          ],
          [
            [
              -0.6510464013896472,
              50.924270739379246
            ],
            [
              -0.6509905279730518,
              50.92423411049206
            ],
            [
              -0.6509894877246766,
              50.92427008191909
            ],
            [
              -0.6510464013896472,
              50.924270739379246
            ]
          ]
        ]
      },
      "properties": {
        "source": "Coarse-screen discovery",
        "name": "Unnamed face near SU 936 148",
        "status": "Failed terrain threshold",
        "easting": 493591.9733338568,
        "northing": 114784.9036278221,
        "latitude": 50.92493864843143,
        "longitude": -0.6697368864124097,
        "grid_ref": "SU 9359 1478",
        "distance_miles": 20.80565840154554,
        "aspect_deg": 180.62232971191406,
        "aspect_text": "S",
        "representative_slope_deg": 14.264267921447754,
        "median_local_slope_deg": 9.849737167358398,
        "max_robust_slope_deg": 27.27532386779785,
        "mean_upper_slope_deg": 13.850940704345703,
        "vertical_relief_m": 61.98310852050781,
        "vertical_relief_ft": 203.35666175842286,
        "horizontal_run_m": 240.0,
        "face_width_m": 732.507744334056,
        "ridge_length_m": 732.507744334056,
        "downslope_span_m": 565.7165573878447,
        "connected_area_ha": 12.973444640533334,
        "lip_sharpness_deg": -5.172684669494629,
        "roughness_m": 7.110928058624268,
        "gaps_count": 0,
        "largest_gap_m": 0,
        "percent_face_at_benchmark": 10.196258362441537,
        "whitewool_slope_percent": 119.40240398700695,
        "whitewool_relief_percent": 111.37275653141567,
        "pass_terrain": false,
        "terrain_score": 78.88557323204046,
        "overall_score": 78.88557323204046,
        "landcover_observation": "Not yet checked",
        "launch_observation": "Terrain-derived only",
        "landing_observation": "Terrain-derived only",
        "obstacle_observation": "Not yet checked",
        "airspace_observation": "Not yet checked",
        "protected_observation": "Not yet checked",
        "existing_site_conflict": "None identified",
        "confidence": "Medium",
        "reason": "Representative sustained slope 14.3\u00b0 versus Whitewool 11.9\u00b0; relief 62 m versus 56 m; continuous ridge 733 m versus 1196 m; 10% of the broader face reaches the benchmark threshold.",
        "profile_file": "profiles/unnamed_face_near_su_936_148_profile.png"
      }
    },
    {
      "type": "Feature",
      "geometry": {
        "type": "Polygon",
        "coordinates": [
          [
            [
              -0.6778961812578083,
              51.0673198881698
            ],
            [
              -0.6775864422115685,
              51.066164943906585
            ],
            [
              -0.678044171713337,
              51.06613413838778
            ],
            [
              -0.6783856759597341,
              51.06617398222984
            ],
            [
              -0.6786037873073629,
              51.06653627311292
            ],
            [
              -0.6786649722381792,
              51.06639303459131
            ],
            [
              -0.679237903771107,
              51.066327543927585
            ],
            [
              -0.6803215599702868,
              51.06637576457938
            ],
            [
              -0.6805468458494272,
              51.06648625511507
            ],
            [
              -0.6812339530673815,
              51.066422043293215
            ],
            [
              -0.6816978133226848,
              51.06617539751556
            ],
            [
              -0.6817630748970692,
              51.06588827329585
            ],
            [
              -0.6824094223510337,
              51.06524787464124
            ],
            [
              -0.6840649489290979,
              51.06526652227741
            ],
            [
              -0.6842871794581531,
              51.065484918760085
            ],
            [
              -0.6851414530493329,
              51.06556649539343
            ],
            [
              -0.6856491292253745,
              51.06578809945852
            ],
            [
              -0.686509518847825,
              51.065653839779415
            ],
            [
              -0.6870773432098292,
              51.065768165891775
            ],
            [
              -0.6870283959613965,
              51.06547975611085
            ],
            [
              -0.6876594096385349,
              51.06537889406011
            ],
            [
              -0.6878286378864925,
              51.06545275870469
            ],
            [
              -0.6878775900895729,
              51.06574116818807
            ],
            [
              -0.688326160184714,
              51.06603406213012
            ],
            [
              -0.6885321516152052,
              51.06682798814618
            ],
            [
              -0.6884128905536451,
              51.067006562635065
            ],
            [
              -0.6873690040395576,
              51.06757056608795
            ],
            [
              -0.6862822567706912,
              51.06763032369299
            ],
            [
              -0.6858173872683948,
              51.067912958723134
            ],
            [
              -0.6846694618032032,
              51.068115943605044
            ],
            [
              -0.6833828526923944,
              51.069180935381326
            ],
            [
              -0.6823959490808927,
              51.06974553637722
            ],
            [
              -0.6814233306228071,
              51.069806535249214
            ],
            [
              -0.6807208341679379,
              51.07041031215147
            ],
            [
              -0.6801783478941437,
              51.07141169882578
            ],
            [
              -0.6798265698946074,
              51.07173156932452
            ],
            [
              -0.6789171463196226,
              51.07157736613566
            ],
            [
              -0.6783308304424281,
              51.07211047655192
            ],
            [
              -0.6775232930544609,
              51.07238920429542
            ],
            [
              -0.6763752216987948,
              51.07259210647344
            ],
            [
              -0.6759765762155179,
              51.07255160984319
            ],
            [
              -0.6756411872050101,
              51.07229593345022
            ],
            [
              -0.675013135644551,
              51.07228881702033
            ],
            [
              -0.6743177120962177,
              51.07264075830302
            ],
            [
              -0.6732868989714742,
              51.072737012291846
            ],
            [
              -0.6730065620028954,
              51.072553918047724
            ],
            [
              -0.6730127341176154,
              51.072338093056956
            ],
            [
              -0.6736572366515704,
              51.071769686742435
            ],
            [
              -0.6749796644377021,
              51.07146084003704
            ],
            [
              -0.6757810415601673,
              51.07139795509374
            ],
            [
              -0.676703785967353,
              51.071084560984666
            ],
            [
              -0.6773472007043985,
              51.07055210464097
            ],
            [
              -0.6770822423036985,
              51.06982945646646
            ],
            [
              -0.6756590339389071,
              51.069669412485794
            ],
            [
              -0.67527581652151,
              51.0690893503273
            ],
            [
              -0.6744266341795154,
              51.06882784690751
            ],
            [
              -0.6743186167790225,
              51.06861072689498
            ],
            [
              -0.6748375718914833,
              51.068436698020754
            ],
            [
              -0.6749476454275464,
              51.068581875807645
            ],
            [
              -0.6755797530070067,
              51.06844510864815
            ],
            [
              -0.6756959876615575,
              51.06837446038101
            ],
            [
              -0.6755859122507508,
              51.06822928328017
            ],
            [
              -0.6767472117052648,
              51.06755876604037
            ],
            [
              -0.6775485191632473,
              51.06749586842056
            ],
            [
              -0.6778961812578083,
              51.0673198881698
            ]
          ],
          [
            [
              -0.6761434790158241,
              51.06870337146546
            ],
            [
              -0.6767786617167795,
              51.06845868509468
            ],
            [
              -0.6766737111689657,
              51.06813365443313
            ],
            [
              -0.6764952588520349,
              51.06838351190766
            ],
            [
              -0.6759233245381846,
              51.068413017988256
            ],
            [
              -0.6761434790158241,
              51.06870337146546
            ]
          ],
          [
            [
              -0.6843279375585217,
              51.06807611799209
            ],
            [
              -0.6842127364887025,
              51.0681108039285
            ],
            [
              -0.6843269178047395,
              51.068112089014896
            ],
            [
              -0.6843279375585217,
              51.06807611799209
            ]
          ],
          [
            [
              -0.6843279375585217,
              51.06807611799209
            ],
            [
              -0.6843860478829169,
              51.06804078946881
            ],
            [
              -0.6843289573102066,
              51.06804014696906
            ],
            [
              -0.6843279375585217,
              51.06807611799209
            ]
          ],
          [
            [
              -0.6843860478829169,
              51.06804078946881
            ],
            [
              -0.6845012486515359,
              51.06800610335894
            ],
            [
              -0.684387067588276,
              51.06800481844471
            ],
            [
              -0.6843860478829169,
              51.06804078946881
            ]
          ],
          [
            [
              -0.6845022682663421,
              51.06797013233298
            ],
            [
              -0.684730630241125,
              51.06797270182364
            ],
            [
              -0.6848478692768407,
              51.06786607330763
            ],
            [
              -0.6845022682663421,
              51.06797013233298
            ]
          ],
          [
            [
              -0.6848478692768407,
              51.06786607330763
            ],
            [
              -0.6849059789441185,
              51.06783074451974
            ],
            [
              -0.6848488886178931,
              51.067830102275785
            ],
            [
              -0.6848478692768407,
              51.06786607330763
            ]
          ],
          [
            [
              -0.6849059789441185,
              51.06783074451974
            ],
            [
              -0.6849640885229409,
              51.0677954157021
            ],
            [
              -0.6849069982388462,
              51.06779477348685
            ],
            [
              -0.6849059789441185,
              51.06783074451974
            ]
          ]
        ]
      },
      "properties": {
        "source": "Coarse-screen discovery",
        "name": "Unnamed face near SU 923 305",
        "status": "Failed terrain threshold",
        "easting": 492418.19821896753,
        "northing": 130676.38547787318,
        "latitude": 51.06799000316709,
        "longitude": -0.6823933127042419,
        "grid_ref": "SU 9241 3067",
        "distance_miles": 16.20559989068621,
        "aspect_deg": 139.4615478515625,
        "aspect_text": "SE",
        "representative_slope_deg": 13.84328556060791,
        "median_local_slope_deg": 17.950965881347656,
        "max_robust_slope_deg": 26.228317260742188,
        "mean_upper_slope_deg": 14.729717254638672,
        "vertical_relief_m": 59.17039489746094,
        "vertical_relief_ft": 194.12859839538575,
        "horizontal_run_m": 240.0,
        "face_width_m": 792.5855244707782,
        "ridge_length_m": 792.5855244707782,
        "downslope_span_m": 330.3293132687104,
        "connected_area_ha": 14.131015969066665,
        "lip_sharpness_deg": 0.973289966583252,
        "roughness_m": 6.40654182434082,
        "gaps_count": 0,
        "largest_gap_m": 0,
        "percent_face_at_benchmark": 30.226859870727896,
        "whitewool_slope_percent": 115.87847228597498,
        "whitewool_relief_percent": 106.31880430137302,
        "pass_terrain": false,
        "terrain_score": 77.56606755257813,
        "overall_score": 77.56606755257813,
        "landcover_observation": "Not yet checked",
        "launch_observation": "Terrain-derived only",
        "landing_observation": "Terrain-derived only",
        "obstacle_observation": "Not yet checked",
        "airspace_observation": "Not yet checked",
        "protected_observation": "Not yet checked",
        "existing_site_conflict": "None identified",
        "confidence": "Medium",
        "reason": "Representative sustained slope 13.8\u00b0 versus Whitewool 11.9\u00b0; relief 59 m versus 56 m; continuous ridge 793 m versus 1196 m; 30% of the broader face reaches the benchmark threshold.",
        "profile_file": "profiles/unnamed_face_near_su_923_305_profile.png"
      }
    },
    {
      "type": "Feature",
      "geometry": {
        "type": "Polygon",
        "coordinates": [
          [
            [
              -1.4534416748087857,
              51.333761929856465
            ],
            [
              -1.4533178286978854,
              51.33451691595703
            ],
            [
              -1.452966380707638,
              51.3350909436034
            ],
            [
              -1.4538925904480378,
              51.334483616378165
            ],
            [
              -1.4543507771509279,
              51.334593688173165
            ],
            [
              -1.4552173948778102,
              51.3341659691195
            ],
            [
              -1.4560210317845903,
              51.33420568123497
            ],
            [
              -1.4562465102799282,
              51.334566519793505
            ],
            [
              -1.4556555665656126,
              51.33596696594889
            ],
            [
              -1.454497471906308,
              51.33675312393812
            ],
            [
              -1.4539214004487662,
              51.336894358040766
            ],
            [
              -1.454148156676023,
              51.33714726881518
            ],
            [
              -1.4539685838251228,
              51.337758078800086
            ],
            [
              -1.4540791874800387,
              51.338118386058
            ],
            [
              -1.4544816800122418,
              51.33808428097769
            ],
            [
              -1.457312698537103,
              51.33669423511783
            ],
            [
              -1.4579504340698426,
              51.33619347750922
            ],
            [
              -1.4585966269889659,
              51.3349731712519
            ],
            [
              -1.4591756218312673,
              51.334580073163835
            ],
            [
              -1.4600966711363212,
              51.33440442376542
            ],
            [
              -1.4610151835361909,
              51.33444463074983
            ],
            [
              -1.461356834414193,
              51.33469805596465
            ],
            [
              -1.4630794272685614,
              51.334741939539335
            ],
            [
              -1.4634785259118683,
              51.33499562170087
            ],
            [
              -1.463643695006377,
              51.33560802419264
            ],
            [
              -1.464451973630539,
              51.335251928411225
            ],
            [
              -1.465546155584784,
              51.33500506879787
            ],
            [
              -1.4672700147042286,
              51.33494095888619
            ],
            [
              -1.4677856726301979,
              51.33505123928218
            ],
            [
              -1.468070347042234,
              51.335268406872515
            ],
            [
              -1.467720326432655,
              51.335734547305925
            ],
            [
              -1.4679500668593919,
              51.33573559047735
            ],
            [
              -1.4679438230635944,
              51.3362752500604
            ],
            [
              -1.4672375042522643,
              51.337747188239135
            ],
            [
              -1.4667717453498597,
              51.338284757886804
            ],
            [
              -1.4661395065878275,
              51.33831785890589
            ],
            [
              -1.4658015641346964,
              51.33774065211014
            ],
            [
              -1.4657524864313636,
              51.337020844615296
            ],
            [
              -1.4655814307117427,
              51.336912127175395
            ],
            [
              -1.4640813718338104,
              51.33748094461167
            ],
            [
              -1.4621829974377116,
              51.337724103003026
            ],
            [
              -1.4606250099963503,
              51.338328589564256
            ],
            [
              -1.4600506272399276,
              51.338325944782184
            ],
            [
              -1.457506365575822,
              51.33975336329918
            ],
            [
              -1.4549657843664734,
              51.34085693095508
            ],
            [
              -1.4536420675697612,
              51.34106664285373
            ],
            [
              -1.4522077415507593,
              51.340916031043776
            ],
            [
              -1.4510657856903506,
              51.34033502109986
            ],
            [
              -1.4505621470881456,
              51.33921730612099
            ],
            [
              -1.450572034778317,
              51.33838983086201
            ],
            [
              -1.45081124122265,
              51.33759940948794
            ],
            [
              -1.4519205599341727,
              51.336093475562926
            ],
            [
              -1.4509355667611292,
              51.336808449384975
            ],
            [
              -1.4500705804740368,
              51.337092227527855
            ],
            [
              -1.4492664676810572,
              51.33708845166015
            ],
            [
              -1.448350503097874,
              51.33683228934201
            ],
            [
              -1.4477804607074432,
              51.3364698126166
            ],
            [
              -1.4476124749612098,
              51.33610922877663
            ],
            [
              -1.4478551758260825,
              51.33503099572612
            ],
            [
              -1.4473495108124195,
              51.334093152319525
            ],
            [
              -1.4473676685358028,
              51.3325821099372
            ],
            [
              -1.4479648655587058,
              51.33067802436256
            ],
            [
              -1.448894069230183,
              51.329818895547824
            ],
            [
              -1.4497546215726795,
              51.329894897713615
            ],
            [
              -1.4500335863146256,
              51.33057981300487
            ],
            [
              -1.4503760076975758,
              51.33076131567948
            ],
            [
              -1.4510647231028513,
              51.33080052290343
            ],
            [
              -1.4513501503713246,
              51.330945776491866
            ],
            [
              -1.4511152822956503,
              51.33137642766545
            ],
            [
              -1.4513201065695251,
              51.333464182633655
            ],
            [
              -1.450737621447063,
              51.334145059535345
            ],
            [
              -1.4505078896216053,
              51.33414398263118
            ],
            [
              -1.4498139596259223,
              51.33453649850646
            ],
            [
              -1.4495812116348512,
              51.33478726021901
            ],
            [
              -1.4496922044227205,
              51.335111594474476
            ],
            [
              -1.4500359488554255,
              51.33518516649194
            ],
            [
              -1.4503827043162627,
              51.33500689705587
            ],
            [
              -1.4511983731416003,
              51.3340392803378
            ],
            [
              -1.4517769902743343,
              51.33368219613431
            ],
            [
              -1.4522484474779505,
              51.3326769820602
            ],
            [
              -1.452194444588059,
              51.33238889575275
            ],
            [
              -1.452543740054727,
              51.33199475632261
            ],
            [
              -1.4532954657890054,
              51.331566514595266
            ],
            [
              -1.4534098977494205,
              51.331603027598135
            ],
            [
              -1.453235897526319,
              51.33174613290213
            ],
            [
              -1.4538127609241138,
              51.331532947360685
            ],
            [
              -1.4535234749400052,
              51.33171149498354
            ],
            [
              -1.4536379074432417,
              51.33174800776434
            ],
            [
              -1.4540999095563287,
              51.331534285270756
            ],
            [
              -1.4538684818299388,
              51.33167712399708
            ],
            [
              -1.454040771548551,
              51.33167792674723
            ],
            [
              -1.453923775916523,
              51.33185727785286
            ],
            [
              -1.454154777400054,
              51.33175041627433
            ],
            [
              -1.4543232257273153,
              51.332075013857285
            ],
            [
              -1.4539156596039282,
              51.332540845529685
            ],
            [
              -1.4538016521804584,
              51.332468355774914
            ],
            [
              -1.4536267950562973,
              51.33268341611677
            ],
            [
              -1.4533306587240433,
              51.333437599009486
            ],
            [
              -1.4534416748087857,
              51.333761929856465
            ]
          ],
          [
            [
              -1.4519205599341727,
              51.336093475562926
            ],
            [
              -1.451978424091827,
              51.33605776693529
            ],
            [
              -1.4519209887322937,
              51.33605749835275
            ],
            [
              -1.4519205599341727,
              51.336093475562926
            ]
          ],
          [
            [
              -1.453235897526319,
              51.33174613290213
            ],
            [
              -1.453178039793749,
              51.331781842196456
            ],
            [
              -1.4532354698232843,
              51.33178211014687
            ],
            [
              -1.453235897526319,
              51.33174613290213
            ]
          ],
          [
            [
              -1.453178039793749,
              51.331781842196456
            ],
            [
              -1.4531201819712969,
              51.3318175514617
            ],
            [
              -1.453177612044889,
              51.33181781944061
            ],
            [
              -1.453178039793749,
              51.331781842196456
            ]
          ],
          [
            [
              -1.4538680546230176,
              51.33171310124605
            ],
            [
              -1.4538101974208955,
              51.33174881085439
            ],
            [
              -1.4538676274152136,
              51.33174907849478
            ],
            [
              -1.4538680546230176,
              51.33171310124605
            ]
          ],
          [
            [
              -1.4538101974208955,
              51.33174881085439
            ],
            [
              -1.453752340128891,
              51.33178452043369
            ],
            [
              -1.453809770167267,
              51.33178478810256
            ],
            [
              -1.4538101974208955,
              51.33174881085439
            ]
          ],
          [
            [
              -1.4533280927824863,
              51.3336534624152
            ],
            [
              -1.4532689495889668,
              51.33379710343454
            ],
            [
              -1.4533263821370952,
              51.33379737134784
            ],
            [
              -1.4533280927824863,
              51.3336534624152
            ]
          ],
          [
            [
              -1.4519788528441098,
              51.336021789724555
            ],
            [
              -1.4520367168660222,
              51.33598608106727
            ],
            [
              -1.4519792815955055,
              51.33598581251358
            ],
            [
              -1.4519788528441098,
              51.336021789724555
            ]
          ],
          [
            [
              -1.4521845882217976,
              51.33321637208963
            ],
            [
              -1.4522428770380307,
              51.33314468607238
            ],
            [
              -1.452185445315734,
              51.33314441763028
            ],
            [
              -1.4521845882217976,
              51.33321637208963
            ]
          ],
          [
            [
              -1.452243305538726,
              51.33310870884202
            ],
            [
              -1.4523015941258088,
              51.33303702279353
            ],
            [
              -1.4522441625374574,
              51.33303675438063
            ],
            [
              -1.452243305538726,
              51.33310870884202
            ]
          ],
          [
            [
              -1.4538595102990797,
              51.33243264617791
            ],
            [
              -1.4539173683278173,
              51.33239693655183
            ],
            [
              -1.4538599375236694,
              51.332396668933455
            ],
            [
              -1.4538595102990797,
              51.33243264617791
            ]
          ]
        ]
      },
      "properties": {
        "source": "Coarse-screen discovery",
        "name": "Unnamed face near SU 381 601",
        "status": "Failed terrain threshold",
        "easting": 437986.0217313863,
        "northing": 160088.05094261767,
        "latitude": 51.33861861132785,
        "longitude": -1.45607562671708,
        "grid_ref": "SU 3798 6008",
        "distance_miles": 23.807211529622013,
        "aspect_deg": 190.44439697265625,
        "aspect_text": "S",
        "representative_slope_deg": 12.581579208374023,
        "median_local_slope_deg": 9.889388084411621,
        "max_robust_slope_deg": 25.514270782470703,
        "mean_upper_slope_deg": 14.578736305236816,
        "vertical_relief_m": 55.16206359863281,
        "vertical_relief_ft": 180.97790473693848,
        "horizontal_run_m": 240.0,
        "face_width_m": 957.6273169256747,
        "ridge_length_m": 957.6273169256747,
        "downslope_span_m": 647.596717866254,
        "connected_area_ha": 16.84962747093333,
        "lip_sharpness_deg": -3.9480531215667725,
        "roughness_m": 5.69696044921875,
        "gaps_count": 0,
        "largest_gap_m": 0,
        "percent_face_at_benchmark": 14.611882238528866,
        "whitewool_slope_percent": 105.3170630070673,
        "whitewool_relief_percent": 99.11653715960915,
        "pass_terrain": false,
        "terrain_score": 76.76913382910146,
        "overall_score": 76.76913382910146,
        "landcover_observation": "Not yet checked",
        "launch_observation": "Terrain-derived only",
        "landing_observation": "Terrain-derived only",
        "obstacle_observation": "Not yet checked",
        "airspace_observation": "Not yet checked",
        "protected_observation": "Not yet checked",
        "existing_site_conflict": "None identified",
        "confidence": "Medium",
        "reason": "Representative sustained slope 12.6\u00b0 versus Whitewool 11.9\u00b0; relief 55 m versus 56 m; continuous ridge 958 m versus 1196 m; 15% of the broader face reaches the benchmark threshold.",
        "profile_file": "profiles/unnamed_face_near_su_381_601_profile.png"
      }
    },
    {
      "type": "Feature",
      "geometry": {
        "type": "Polygon",
        "coordinates": [
          [
            [
              -1.02292675400397,
              51.00336991887072
            ],
            [
              -1.0228149850726935,
              51.00326103834618
            ],
            [
              -1.0227549446011566,
              51.00340446428576
            ],
            [
              -1.0225291403652115,
              51.003294629841456
            ],
            [
              -1.0224698548678892,
              51.00340207995173
            ],
            [
              -1.0221870335207712,
              51.00329176790042
            ],
            [
              -1.0221277472392396,
              51.00339921783282
            ],
            [
              -1.0219597186112255,
              51.00325388371137
            ],
            [
              -1.0218434139732715,
              51.00336085629862
            ],
            [
              -1.0216753863763128,
              51.00321552177294
            ],
            [
              -1.0213325234284139,
              51.00324863300084
            ],
            [
              -1.0204848318398265,
              51.00288171094219
            ],
            [
              -1.020198230221838,
              51.00295127239725
            ],
            [
              -1.0188313316313269,
              51.00286784009903
            ],
            [
              -1.0181539580054675,
              51.00253831288507
            ],
            [
              -1.017261446566442,
              51.00159527838823
            ],
            [
              -1.0161728246599924,
              51.00183799285084
            ],
            [
              -1.015202031322509,
              51.00190178006851
            ],
            [
              -1.0133775207692208,
              51.00188639069316
            ],
            [
              -1.0125823519170367,
              51.001735746564
            ],
            [
              -1.011790244712779,
              51.00144119475481
            ],
            [
              -1.0108940598523848,
              51.000677990149356
            ],
            [
              -1.011108354435787,
              51.00132748043646
            ],
            [
              -1.01083975677751,
              51.00323225494012
            ],
            [
              -1.0117512733678504,
              51.0032759487093
            ],
            [
              -1.0116843206649262,
              51.00374314880574
            ],
            [
              -1.0119678835078274,
              51.003817510589215
            ],
            [
              -1.0119655914069074,
              51.00392543727065
            ],
            [
              -1.01167438530076,
              51.00421083104301
            ],
            [
              -1.0117807809164991,
              51.004571550959845
            ],
            [
              -1.0116644496711213,
              51.00467851324119
            ],
            [
              -1.0101593735260013,
              51.00304658388385
            ],
            [
              -1.010001335617383,
              51.00243355065103
            ],
            [
              -1.0096607679463947,
              51.002358700975485
            ],
            [
              -1.0093293937165828,
              51.00185214379646
            ],
            [
              -1.0090558080486776,
              51.00131009361215
            ],
            [
              -1.0091342753691097,
              51.00030326170502
            ],
            [
              -1.0087428422679718,
              50.99994012157564
            ],
            [
              -1.0084593082411748,
              50.999865752076225
            ],
            [
              -1.0082542584665817,
              50.99878455040922
            ],
            [
              -1.009464530716319,
              50.99818312032818
            ],
            [
              -1.0109491196677811,
              50.99808774860745
            ],
            [
              -1.0135008982354092,
              50.99875699495205
            ],
            [
              -1.01394708430436,
              50.999228527275406
            ],
            [
              -1.0145134015082728,
              50.99941321463886
            ],
            [
              -1.0180595934163919,
              50.998903335461115
            ],
            [
              -1.0190295620951082,
              50.99887549976689
            ],
            [
              -1.0205088541936047,
              50.999031836305285
            ],
            [
              -1.020844873235096,
              50.99932250847253
            ],
            [
              -1.0205454203676827,
              51.00000365751952
            ],
            [
              -1.0209985025959931,
              51.000151382177336
            ],
            [
              -1.0209278625548022,
              51.00079846673999
            ],
            [
              -1.0216112828789392,
              51.000840172477986
            ],
            [
              -1.0221761384363963,
              51.001096774289564
            ],
            [
              -1.02356905197975,
              51.00265564721827
            ],
            [
              -1.0234519974149194,
              51.002798597138025
            ],
            [
              -1.0236192741137606,
              51.0029799048327
            ],
            [
              -1.0234482217863268,
              51.00297847558956
            ],
            [
              -1.0234436909808,
              51.003194329723804
            ],
            [
              -1.0232171308019824,
              51.003120472289915
            ],
            [
              -1.0232696167767328,
              51.003336802963574
            ],
            [
              -1.0229867939008477,
              51.003226492838834
            ],
            [
              -1.02292675400397,
              51.00336991887072
            ]
          ],
          [
            [
              -1.0234535076554923,
              51.00272664575579
            ],
            [
              -1.023397245686747,
              51.00269019359917
            ],
            [
              -1.0233964905247048,
              51.00272616929
            ],
            [
              -1.0234535076554923,
              51.00272664575579
            ]
          ]
        ]
      },
      "properties": {
        "source": "Coarse-screen discovery",
        "name": "Pidham Hill",
        "status": "Failed terrain threshold",
        "easting": 469200.8967832829,
        "northing": 122798.24839498068,
        "latitude": 51.00042312682658,
        "longitude": -1.0151891756269185,
        "grid_ref": "SU 6920 2279",
        "distance_miles": 7.538389911335574,
        "aspect_deg": 194.8495635986328,
        "aspect_text": "SSW",
        "representative_slope_deg": 12.547760963439941,
        "median_local_slope_deg": 10.641212463378906,
        "max_robust_slope_deg": 17.020061492919922,
        "mean_upper_slope_deg": 13.28119945526123,
        "vertical_relief_m": 55.3104248046875,
        "vertical_relief_ft": 181.46465411621094,
        "horizontal_run_m": 240.0,
        "face_width_m": 944.4452764280722,
        "ridge_length_m": 944.4452764280722,
        "downslope_span_m": 398.51081164824427,
        "connected_area_ha": 15.24215635911111,
        "lip_sharpness_deg": -3.8624300956726074,
        "roughness_m": 3.227750301361084,
        "gaps_count": 0,
        "largest_gap_m": 0,
        "percent_face_at_benchmark": 27.799040957283005,
        "whitewool_slope_percent": 105.03397944708459,
        "whitewool_relief_percent": 99.38311618210476,
        "pass_terrain": false,
        "terrain_score": 76.59103368255847,
        "overall_score": 76.59103368255847,
        "landcover_observation": "Not yet checked",
        "launch_observation": "Terrain-derived only",
        "landing_observation": "Terrain-derived only",
        "obstacle_observation": "Not yet checked",
        "airspace_observation": "Not yet checked",
        "protected_observation": "Not yet checked",
        "existing_site_conflict": "None identified",
        "confidence": "Medium",
        "reason": "Representative sustained slope 12.5\u00b0 versus Whitewool 11.9\u00b0; relief 55 m versus 56 m; continuous ridge 944 m versus 1196 m; 28% of the broader face reaches the benchmark threshold.",
        "profile_file": "profiles/pidham_hill_profile.png"
      }
    },
    {
      "type": "Feature",
      "geometry": {
        "type": "Polygon",
        "coordinates": [
          [
            [
              -1.1324758335027194,
              51.000663392742894
            ],
            [
              -1.1340233100943022,
              51.000243088157696
            ],
            [
              -1.135173657326127,
              50.99971187965388
            ],
            [
              -1.1373535759242357,
              50.99900835515475
            ],
            [
              -1.1388312900734727,
              50.999271125937966
            ],
            [
              -1.1413989461824252,
              50.99918207285605
            ],
            [
              -1.1419704196835825,
              50.99911430640401
            ],
            [
              -1.1431763381471418,
              50.99865539083623
            ],
            [
              -1.1437577323081851,
              50.998047961721234
            ],
            [
              -1.1447780215829688,
              50.998379268572876
            ],
            [
              -1.145745934405339,
              50.99845831121098
            ],
            [
              -1.1467178087290748,
              50.99832148411462
            ],
            [
              -1.1477513031186375,
              50.99793322591959
            ],
            [
              -1.1493798968829712,
              50.996181984096914
            ],
            [
              -1.1499743210435414,
              50.99485498321297
            ],
            [
              -1.1506106177946696,
              50.99435586463982
            ],
            [
              -1.1510313362631108,
              50.99317152262683
            ],
            [
              -1.1513222775108816,
              50.99284979969482
            ],
            [
              -1.1514500653451794,
              50.99209510987389
            ],
            [
              -1.1518556639380513,
              50.991738236265356
            ],
            [
              -1.1524551998316392,
              50.99012340469901
            ],
            [
              -1.1524224338072178,
              50.98879183989803
            ],
            [
              -1.1520981141674187,
              50.98781797794762
            ],
            [
              -1.1503435627164584,
              50.98712157926133
            ],
            [
              -1.1505001198238558,
              50.9879143177355
            ],
            [
              -1.150300223104016,
              50.98949606465695
            ],
            [
              -1.1483592289425493,
              50.99275628028039
            ],
            [
              -1.1474332797063842,
              50.993505146546376
            ],
            [
              -1.1476468161300888,
              50.994298303735086
            ],
            [
              -1.147581241365712,
              50.994765588758476
            ],
            [
              -1.146771898105521,
              50.99537137297524
            ],
            [
              -1.14641730053889,
              50.99605243750184
            ],
            [
              -1.1460712743360688,
              50.99626580033125
            ],
            [
              -1.1460228453690704,
              50.99579768321542
            ],
            [
              -1.1463774467089105,
              50.99511661987497
            ],
            [
              -1.1463893241486582,
              50.99446903433468
            ],
            [
              -1.1456766044216087,
              50.99291660871628
            ],
            [
              -1.1465561183421535,
              50.9915917081638
            ],
            [
              -1.1470981731987417,
              50.990012465614356
            ],
            [
              -1.147328164328367,
              50.989906198515094
            ],
            [
              -1.1477410205936158,
              50.989153591915105
            ],
            [
              -1.1479126865715226,
              50.989118861932454
            ],
            [
              -1.1482227140251227,
              50.9877538125996
            ],
            [
              -1.1480045875079283,
              50.987212494937815
            ],
            [
              -1.1474365631415446,
              50.98710040663011
            ],
            [
              -1.147212517533548,
              50.98688288078936
            ],
            [
              -1.1469275191131538,
              50.98688080060795
            ],
            [
              -1.1469294968605672,
              50.98677286952109
            ],
            [
              -1.1466444991347837,
              50.986770788652464
            ],
            [
              -1.1466471369933575,
              50.986626880544094
            ],
            [
              -1.146419139541913,
              50.98662521535716
            ],
            [
              -1.146364778900312,
              50.98648089088949
            ],
            [
              -1.1455097913138652,
              50.98647464209082
            ],
            [
              -1.1461535304929586,
              50.98867423968125
            ],
            [
              -1.146131753331411,
              50.989861480894305
            ],
            [
              -1.1459508421983624,
              50.99039988622542
            ],
            [
              -1.1449626099275543,
              50.99143613253241
            ],
            [
              -1.1444840855262939,
              50.992656012023645
            ],
            [
              -1.143550132095303,
              50.99383657075887
            ],
            [
              -1.143489151501196,
              50.99405201466633
            ],
            [
              -1.1435892662420508,
              50.994808366223005
            ],
            [
              -1.1435037869508764,
              50.99635495696431
            ],
            [
              -1.1432346265935098,
              50.99548942095064
            ],
            [
              -1.143206096338864,
              50.99394199434393
            ],
            [
              -1.143628984905471,
              50.99264974892081
            ],
            [
              -1.1443925576856224,
              50.991431960231836
            ],
            [
              -1.1445867140107964,
              50.99017401783558
            ],
            [
              -1.144225388533228,
              50.988120407908525
            ],
            [
              -1.143383611630579,
              50.987394603511675
            ],
            [
              -1.142985272173241,
              50.987355700976984
            ],
            [
              -1.1426976210411808,
              50.98749751841187
            ],
            [
              -1.1426227305285863,
              50.988468478724556
            ],
            [
              -1.1422793954224222,
              50.98853792288189
            ],
            [
              -1.1418154234114029,
              50.98896629855481
            ],
            [
              -1.1415085173069202,
              50.990151444867465
            ],
            [
              -1.1405069055190578,
              50.99190719197413
            ],
            [
              -1.1403225987207626,
              50.99262547271039
            ],
            [
              -1.1403423940793878,
              50.99464059986176
            ],
            [
              -1.141113964029412,
              50.99608554509444
            ],
            [
              -1.1408772866394004,
              50.996551568761
            ],
            [
              -1.1406445905366585,
              50.99680173044372
            ],
            [
              -1.1401288259606182,
              50.99694186386504
            ],
            [
              -1.1393206788532397,
              50.99747564179159
            ],
            [
              -1.138923588128058,
              50.99736477129144
            ],
            [
              -1.1385378209594335,
              50.99664229236545
            ],
            [
              -1.1384211337003176,
              50.996785359347804
            ],
            [
              -1.1382520972200572,
              50.99667616762245
            ],
            [
              -1.138135408999522,
              50.996819234313925
            ],
            [
              -1.1371695450292598,
              50.99663219820215
            ],
            [
              -1.1370541878404818,
              50.9967033100487
            ],
            [
              -1.1367704646983054,
              50.996629251053115
            ],
            [
              -1.1362540228433775,
              50.996805344194435
            ],
            [
              -1.1353794636703032,
              50.997842349290075
            ],
            [
              -1.1335953177395852,
              50.99872868079021
            ],
            [
              -1.1324355866075866,
              50.999763549263044
            ],
            [
              -1.1308941595880426,
              50.999860041699236
            ],
            [
              -1.1304333307087475,
              51.00010848630884
            ],
            [
              -1.1304299691034032,
              51.000288370259796
            ],
            [
              -1.1308813921882912,
              51.00054360079517
            ],
            [
              -1.1324758335027194,
              51.000663392742894
            ]
          ]
        ]
      },
      "properties": {
        "source": "Coarse-screen discovery",
        "name": "Unnamed face near SU 604 224",
        "status": "Failed terrain threshold",
        "easting": 460379.4905786813,
        "northing": 122264.91979339608,
        "latitude": 50.99661949412346,
        "longitude": -1.1409757273956782,
        "grid_ref": "SU 6037 2226",
        "distance_miles": 8.62818253929345,
        "aspect_deg": 151.7818603515625,
        "aspect_text": "SSE",
        "representative_slope_deg": 12.747254371643066,
        "median_local_slope_deg": 12.330589294433594,
        "max_robust_slope_deg": 28.108875274658203,
        "mean_upper_slope_deg": 14.835268020629883,
        "vertical_relief_m": 53.87898254394531,
        "vertical_relief_ft": 176.76832108947752,
        "horizontal_run_m": 240.0,
        "face_width_m": 1139.8805027974304,
        "ridge_length_m": 1139.8805027974304,
        "downslope_span_m": 906.8145950386534,
        "connected_area_ha": 17.229080313066667,
        "lip_sharpness_deg": -3.6137514114379883,
        "roughness_m": 6.810021877288818,
        "gaps_count": 0,
        "largest_gap_m": 0,
        "percent_face_at_benchmark": 15.202144383086782,
        "whitewool_slope_percent": 106.70388586290552,
        "whitewool_relief_percent": 96.81106592196538,
        "pass_terrain": false,
        "terrain_score": 75.50300491790738,
        "overall_score": 75.50300491790738,
        "landcover_observation": "Not yet checked",
        "launch_observation": "Terrain-derived only",
        "landing_observation": "Terrain-derived only",
        "obstacle_observation": "Not yet checked",
        "airspace_observation": "Not yet checked",
        "protected_observation": "Not yet checked",
        "existing_site_conflict": "None identified",
        "confidence": "Medium",
        "reason": "Representative sustained slope 12.7\u00b0 versus Whitewool 11.9\u00b0; relief 54 m versus 56 m; continuous ridge 1140 m versus 1196 m; 15% of the broader face reaches the benchmark threshold.",
        "profile_file": "profiles/unnamed_face_near_su_604_224_profile.png"
      }
    },
    {
      "type": "Feature",
      "geometry": {
        "type": "Polygon",
        "coordinates": [
          [
            [
              -0.5091504499501889,
              50.90331922796808
            ],
            [
              -0.5157673807653783,
              50.90282779130834
            ],
            [
              -0.5184080299949722,
              50.90210566776643
            ],
            [
              -0.5191623471558452,
              50.9016474459275
            ],
            [
              -0.5193409816041995,
              50.90139782361129
            ],
            [
              -0.5197709508065081,
              50.90219492362166
            ],
            [
              -0.5203283850963452,
              50.902561829618264
            ],
            [
              -0.5209495505351126,
              50.90271363640053
            ],
            [
              -0.5219165820964149,
              50.90272588316979
            ],
            [
              -0.5231737253835891,
              50.90256187214443
            ],
            [
              -0.5237357411269792,
              50.90278488377779
            ],
            [
              -0.5253239586466969,
              50.90294889112497
            ],
            [
              -0.5264661925106106,
              50.90281937715342
            ],
            [
              -0.5272705186469724,
              50.90257763817588
            ],
            [
              -0.5283751308508897,
              50.901835903679114
            ],
            [
              -0.5288562682595703,
              50.901014336228776
            ],
            [
              -0.5289358190133375,
              50.900295659274335
            ],
            [
              -0.5283452723914405,
              50.89917271357331
            ],
            [
              -0.5284805727927997,
              50.898490723412536
            ],
            [
              -0.529810316158482,
              50.89782378071198
            ],
            [
              -0.5309580714470378,
              50.89751437289516
            ],
            [
              -0.5327461616043739,
              50.89674521154345
            ],
            [
              -0.5312715752415496,
              50.89478353446891
            ],
            [
              -0.5309348530652742,
              50.89463536180102
            ],
            [
              -0.5299555288776406,
              50.895018858226514
            ],
            [
              -0.5297769759746072,
              50.89526849772859
            ],
            [
              -0.5292025576808519,
              50.895441182375265
            ],
            [
              -0.5289671232735101,
              50.895690104017746
            ],
            [
              -0.5281037812608095,
              50.89600307836493
            ],
            [
              -0.5279832251071176,
              50.89621746233797
            ],
            [
              -0.5268309433036196,
              50.8966707197772
            ],
            [
              -0.5262474143941138,
              50.8971311469682
            ],
            [
              -0.5263588989342397,
              50.89720452223643
            ],
            [
              -0.5262394669457725,
              50.89738293460934
            ],
            [
              -0.5264101004480786,
              50.89738508849299
            ],
            [
              -0.5262918035024127,
              50.89752753124869
            ],
            [
              -0.5264613023439042,
              50.89756565472499
            ],
            [
              -0.5264408684673775,
              50.89821310864918
            ],
            [
              -0.5270495143442975,
              50.898760549044276
            ],
            [
              -0.5272781670941371,
              50.89872744964014
            ],
            [
              -0.5274249809820338,
              50.89948496513377
            ],
            [
              -0.5268141814919286,
              50.90080866650834
            ],
            [
              -0.5260531381887505,
              50.9014827564076
            ],
            [
              -0.5254820378845332,
              50.901547512922896
            ],
            [
              -0.5254922627788017,
              50.90122378629622
            ],
            [
              -0.5257868979960728,
              50.90090365128975
            ],
            [
              -0.5257459181588356,
              50.90039935814403
            ],
            [
              -0.5253568370256423,
              50.90010657250983
            ],
            [
              -0.5246480731021589,
              50.899126050382485
            ],
            [
              -0.5240280556754613,
              50.89713909367065
            ],
            [
              -0.5234046786313573,
              50.8970592429044
            ],
            [
              -0.5234649684401954,
              50.89695205341231
            ],
            [
              -0.5229621763222181,
              50.89665782123832
            ],
            [
              -0.5203481228031597,
              50.896552751552285
            ],
            [
              -0.519827110753532,
              50.89683401915129
            ],
            [
              -0.5183595298692748,
              50.898254763820816
            ],
            [
              -0.5177816077925627,
              50.89853530008191
            ],
            [
              -0.5173708900906036,
              50.89892590907058
            ],
            [
              -0.5153469388692389,
              50.89994372495912
            ],
            [
              -0.5141375630555344,
              50.90039613164196
            ],
            [
              -0.5094888521663311,
              50.90163229974757
            ],
            [
              -0.5069199352687701,
              50.901887346973574
            ],
            [
              -0.5063430510757904,
              50.902131856150625
            ],
            [
              -0.5059322062135024,
              50.90252242357461
            ],
            [
              -0.5059229964402733,
              50.90281017796481
            ],
            [
              -0.5061436257601813,
              50.90302890537066
            ],
            [
              -0.5073881778734919,
              50.90326072729377
            ],
            [
              -0.5091504499501889,
              50.90331922796808
            ]
          ],
          [
            [
              -0.5234069536838598,
              50.89698730366729
            ],
            [
              -0.5233489388399537,
              50.897022553892484
            ],
            [
              -0.5233500764088241,
              50.896986584274714
            ],
            [
              -0.5234069536838598,
              50.89698730366729
            ]
          ]
        ]
      },
      "properties": {
        "source": "Coarse-screen discovery",
        "name": "Unnamed face near TQ 045 123",
        "status": "Failed terrain threshold",
        "easting": 504549.73158453556,
        "northing": 112359.8799093818,
        "latitude": 50.901259776311775,
        "longitude": -0.5145761316429321,
        "grid_ref": "TQ 0454 1235",
        "distance_miles": 27.32669448586469,
        "aspect_deg": 193.0183563232422,
        "aspect_text": "SSW",
        "representative_slope_deg": 12.008245468139648,
        "median_local_slope_deg": 9.559513092041016,
        "max_robust_slope_deg": 16.940324783325195,
        "mean_upper_slope_deg": 12.038456916809082,
        "vertical_relief_m": 57.8675651550293,
        "vertical_relief_ft": 189.8542224632263,
        "horizontal_run_m": 240.0,
        "face_width_m": 795.7234289113549,
        "ridge_length_m": 795.7234289113549,
        "downslope_span_m": 712.5833428488695,
        "connected_area_ha": 13.839621803377776,
        "lip_sharpness_deg": -2.7328014373779297,
        "roughness_m": 3.0913169384002686,
        "gaps_count": 0,
        "largest_gap_m": 0,
        "percent_face_at_benchmark": 10.689638984085255,
        "whitewool_slope_percent": 100.517838311637,
        "whitewool_relief_percent": 103.97784814139408,
        "pass_terrain": false,
        "terrain_score": 73.1235645942721,
        "overall_score": 73.1235645942721,
        "landcover_observation": "Not yet checked",
        "launch_observation": "Terrain-derived only",
        "landing_observation": "Terrain-derived only",
        "obstacle_observation": "Not yet checked",
        "airspace_observation": "Not yet checked",
        "protected_observation": "Not yet checked",
        "existing_site_conflict": "None identified",
        "confidence": "Medium",
        "reason": "Representative sustained slope 12.0\u00b0 versus Whitewool 11.9\u00b0; relief 58 m versus 56 m; continuous ridge 796 m versus 1196 m; 11% of the broader face reaches the benchmark threshold.",
        "profile_file": "profiles/unnamed_face_near_tq_045_123_profile.png"
      }
    },
    {
      "type": "Feature",
      "geometry": {
        "type": "Polygon",
        "coordinates": [
          [
            [
              -0.9909560810505934,
              50.98462028851602
            ],
            [
              -0.9892259663377413,
              50.982914171934894
            ],
            [
              -0.985179519248084,
              50.98287909761022
            ],
            [
              -0.9835931641815121,
              50.982433522391325
            ],
            [
              -0.9827492950158716,
              50.9819224276
            ],
            [
              -0.9825142554699603,
              50.98224422104066
            ],
            [
              -0.9819997603468466,
              50.98231170405859
            ],
            [
              -0.9820614710954452,
              50.982096348388964
            ],
            [
              -0.9824081356766537,
              50.98188347470581
            ],
            [
              -0.9826360992397493,
              50.981885459829606
            ],
            [
              -0.9823012311382344,
              50.98155870363445
            ],
            [
              -0.9821404838379122,
              50.9810895345133
            ],
            [
              -0.9821110206869288,
              50.979829899843274
            ],
            [
              -0.9825645693830153,
              50.979941796849
            ],
            [
              -0.9830141914816156,
              50.98023356905003
            ],
            [
              -0.9836839236365466,
              50.98088707649634
            ],
            [
              -0.9847011090312711,
              50.98129172414755
            ],
            [
              -0.9862913525242349,
              50.98155740716295
            ],
            [
              -0.988511640804904,
              50.98168459550309
            ],
            [
              -0.9909521088573879,
              50.98217346524578
            ],
            [
              -0.9908849808694037,
              50.982640654076036
            ],
            [
              -0.9917828294433318,
              50.98329608426533
            ],
            [
              -0.9918820140106454,
              50.983980601611336
            ],
            [
              -0.991999116953297,
              50.98383768315189
            ],
            [
              -0.9923902849301119,
              50.98420087886196
            ],
            [
              -0.9926604644059319,
              50.984886869841056
            ],
            [
              -0.992833783561178,
              50.98478041737586
            ],
            [
              -0.9930578713971806,
              50.984962259592145
            ],
            [
              -0.9919109636341905,
              50.98527620989913
            ],
            [
              -0.9909560810505934,
              50.98462028851602
            ]
          ],
          [
            [
              -0.9919695168100613,
              50.98520475069524
            ],
            [
              -0.9919133007133452,
              50.985168283529575
            ],
            [
              -0.9919125216885607,
              50.985204258986336
            ],
            [
              -0.9919695168100613,
              50.98520475069524
            ]
          ],
          [
            [
              -0.9927721188403922,
              50.98499577890028
            ],
            [
              -0.9927159023593761,
              50.98495931211744
            ],
            [
              -0.9927151239607178,
              50.984995287584354
            ],
            [
              -0.9927721188403922,
              50.98499577890028
            ]
          ],
          [
            [
              -0.9920475426625557,
              50.984233904928786
            ],
            [
              -0.9919913276659786,
              50.98419743780098
            ],
            [
              -0.9919905487284449,
              50.98423341326461
            ],
            [
              -0.9920475426625557,
              50.984233904928786
            ]
          ],
          [
            [
              -0.9919936644689784,
              50.98408951140869
            ],
            [
              -0.9919374496877758,
              50.98405304425528
            ],
            [
              -0.9919366707126085,
              50.984089019719214
            ],
            [
              -0.9919936644689784,
              50.98408951140869
            ]
          ]
        ]
      },
      "properties": {
        "source": "Coarse-screen discovery",
        "name": "Unnamed face near SU 713 198",
        "status": "Failed terrain threshold",
        "easting": 471281.74416723585,
        "northing": 120797.19286872626,
        "latitude": 50.98217833113883,
        "longitude": -0.9859318866116559,
        "grid_ref": "SU 7128 2079",
        "distance_miles": 9.081835194400387,
        "aspect_deg": 218.34764099121094,
        "aspect_text": "SW",
        "representative_slope_deg": 14.096628189086914,
        "median_local_slope_deg": 11.154056549072266,
        "max_robust_slope_deg": 22.455535888671875,
        "mean_upper_slope_deg": 15.362043380737305,
        "vertical_relief_m": 80.03180694580078,
        "vertical_relief_ft": 262.57155350006104,
        "horizontal_run_m": 240.0,
        "face_width_m": 654.4222196809133,
        "ridge_length_m": 654.4222196809133,
        "downslope_span_m": 268.25525881303474,
        "connected_area_ha": 5.8214790463999995,
        "lip_sharpness_deg": -10.7362642288208,
        "roughness_m": 4.958316326141357,
        "gaps_count": 0,
        "largest_gap_m": 0,
        "percent_face_at_benchmark": 36.59971856210822,
        "whitewool_slope_percent": 117.9991362442912,
        "whitewool_relief_percent": 143.8030967226312,
        "pass_terrain": false,
        "terrain_score": 70.99338784212321,
        "overall_score": 70.99338784212321,
        "landcover_observation": "Not yet checked",
        "launch_observation": "Terrain-derived only",
        "landing_observation": "Terrain-derived only",
        "obstacle_observation": "Not yet checked",
        "airspace_observation": "Not yet checked",
        "protected_observation": "Not yet checked",
        "existing_site_conflict": "None identified",
        "confidence": "Medium",
        "reason": "Representative sustained slope 14.1\u00b0 versus Whitewool 11.9\u00b0; relief 80 m versus 56 m; continuous ridge 654 m versus 1196 m; 37% of the broader face reaches the benchmark threshold.",
        "profile_file": "profiles/unnamed_face_near_su_713_198_profile.png"
      }
    },
    {
      "type": "Feature",
      "geometry": {
        "type": "Polygon",
        "coordinates": [
          [
            [
              -1.183501270436802,
              50.68533424397519
            ],
            [
              -1.1841927300572699,
              50.684655395312035
            ],
            [
              -1.1853285099555013,
              50.6844834183017
            ],
            [
              -1.1851623484400018,
              50.684266355585
            ],
            [
              -1.1855027680708643,
              50.68423275042247
            ],
            [
              -1.1853969757311775,
              50.68380020804563
            ],
            [
              -1.1848953862799223,
              50.68332891573159
            ],
            [
              -1.18552020288751,
              50.683225331057855
            ],
            [
              -1.1861487498019838,
              50.68290586738123
            ],
            [
              -1.187277646148121,
              50.683129643149954
            ],
            [
              -1.1892062164039943,
              50.682963151615525
            ],
            [
              -1.1951143384891774,
              50.68192457668461
            ],
            [
              -1.1956843290693862,
              50.68171260829337
            ],
            [
              -1.1959668639170142,
              50.68175054051503
            ],
            [
              -1.1961952270730043,
              50.6816441641932
            ],
            [
              -1.1963638878756413,
              50.681717293986196
            ],
            [
              -1.1966494938729875,
              50.68157532768995
            ],
            [
              -1.1968753989123835,
              50.68161286752627
            ],
            [
              -1.1976158798625984,
              50.6813660802956
            ],
            [
              -1.1987515326446034,
              50.6811939717999
            ],
            [
              -1.200222061056279,
              50.68131201853776
            ],
            [
              -1.2003292071056522,
              50.681672589429674
            ],
            [
              -1.2011707173680108,
              50.68214614444353
            ],
            [
              -1.2014477653080762,
              50.68250787810965
            ],
            [
              -1.2017327506954014,
              50.68240187874196
            ],
            [
              -1.2019130147930728,
              50.6817913916236
            ],
            [
              -1.2025377745113277,
              50.68168771543495
            ],
            [
              -1.2038372207938008,
              50.681876513470506
            ],
            [
              -1.2093863822604085,
              50.681950255456016
            ],
            [
              -1.2095308939098868,
              50.683462545483636
            ],
            [
              -1.2092465239433496,
              50.68353258447585
            ],
            [
              -1.2084560927671453,
              50.68338328706271
            ],
            [
              -1.204092992480337,
              50.68349752104291
            ],
            [
              -1.2033500752359494,
              50.68388826701384
            ],
            [
              -1.2018764072784651,
              50.6839501564194
            ],
            [
              -1.2011980366695063,
              50.68387354391463
            ],
            [
              -1.2010866038250765,
              50.68376482971337
            ],
            [
              -1.2009154847299133,
              50.68383562430869
            ],
            [
              -1.2008046636075054,
              50.68369093044152
            ],
            [
              -1.2006335443628717,
              50.68376172462313
            ],
            [
              -1.200579356534832,
              50.683617418776485
            ],
            [
              -1.200182319341072,
              50.68365067959297
            ],
            [
              -1.2001281330234597,
              50.683506373540794
            ],
            [
              -1.1999570134466166,
              50.68357716672983
            ],
            [
              -1.198546723222085,
              50.683243629358124
            ],
            [
              -1.1943972102174516,
              50.684114623834276
            ],
            [
              -1.1903639075502777,
              50.68480635978884
            ],
            [
              -1.1885479125902536,
              50.68500963767665
            ],
            [
              -1.187471871344864,
              50.68500214434067
            ],
            [
              -1.1863989406607036,
              50.68481474475466
            ],
            [
              -1.1841273642384853,
              50.685158708466766
            ],
            [
              -1.1837259345528337,
              50.685443767778764
            ],
            [
              -1.1836020551826565,
              50.68605462175253
            ],
            [
              -1.183430277391019,
              50.68616136971735
            ],
            [
              -1.1836101694636596,
              50.6855868917238
            ],
            [
              -1.183501270436802,
              50.68533424397519
            ]
          ],
          [
            [
              -1.1836126661221322,
              50.68544297478408
            ],
            [
              -1.1836705485718242,
              50.68537141282294
            ],
            [
              -1.1836139144437148,
              50.685371016312835
            ],
            [
              -1.1836126661221322,
              50.68544297478408
            ]
          ],
          [
            [
              -1.1836705485718242,
              50.68537141282294
            ],
            [
              -1.1837284308444842,
              50.68529985083134
            ],
            [
              -1.1836717968017012,
              50.68529945434978
            ],
            [
              -1.1836705485718242,
              50.68537141282294
            ]
          ],
          [
            [
              -1.1835579045190594,
              50.68533464053979
            ],
            [
              -1.1836151627601943,
              50.6852990578407
            ],
            [
              -1.183558528719963,
              50.68529866130412
            ],
            [
              -1.1835579045190594,
              50.68533464053979
            ]
          ]
        ]
      },
      "properties": {
        "source": "Coarse-screen discovery",
        "name": "Unnamed face near SZ 573 874",
        "status": "Failed terrain threshold",
        "easting": 457200.030012514,
        "northing": 87394.9265096131,
        "latitude": 50.68340724662008,
        "longitude": -1.1917108121355837,
        "grid_ref": "SZ 5720 8739",
        "distance_miles": 29.948081187308382,
        "aspect_deg": 210.51162719726562,
        "aspect_text": "SSW",
        "representative_slope_deg": 13.40776538848877,
        "median_local_slope_deg": 11.078437805175781,
        "max_robust_slope_deg": 23.48409080505371,
        "mean_upper_slope_deg": 14.514152526855469,
        "vertical_relief_m": 58.61138153076172,
        "vertical_relief_ft": 192.29456498138427,
        "horizontal_run_m": 240.0,
        "face_width_m": 803.6989369700896,
        "ridge_length_m": 803.6989369700896,
        "downslope_span_m": 717.3013965758728,
        "connected_area_ha": 10.105933922133332,
        "lip_sharpness_deg": -4.501514434814453,
        "roughness_m": 5.921651363372803,
        "gaps_count": 0,
        "largest_gap_m": 0,
        "percent_face_at_benchmark": 20.287338860193586,
        "whitewool_slope_percent": 112.23284842204924,
        "whitewool_relief_percent": 105.31435549147508,
        "pass_terrain": false,
        "terrain_score": 70.24118384165695,
        "overall_score": 70.24118384165695,
        "landcover_observation": "Not yet checked",
        "launch_observation": "Terrain-derived only",
        "landing_observation": "Terrain-derived only",
        "obstacle_observation": "Not yet checked",
        "airspace_observation": "Not yet checked",
        "protected_observation": "Not yet checked",
        "existing_site_conflict": "None identified",
        "confidence": "Medium",
        "reason": "Representative sustained slope 13.4\u00b0 versus Whitewool 11.9\u00b0; relief 59 m versus 56 m; continuous ridge 804 m versus 1196 m; 20% of the broader face reaches the benchmark threshold.",
        "profile_file": "profiles/unnamed_face_near_sz_573_874_profile.png"
      }
    },
    {
      "type": "Feature",
      "geometry": {
        "type": "Polygon",
        "coordinates": [
          [
            [
              -0.5541837942906399,
              50.86280389344632
            ],
            [
              -0.5547354783693172,
              50.86335048750739
            ],
            [
              -0.555760769718943,
              50.863291210449766
            ],
            [
              -0.5568162446825585,
              50.8640959157899
            ],
            [
              -0.5569778760619568,
              50.86438578687706
            ],
            [
              -0.5569110437677043,
              50.86470881737028
            ],
            [
              -0.5566179642670512,
              50.864993066133835
            ],
            [
              -0.5561588067865468,
              50.86513132354397
            ],
            [
              -0.5559225597230918,
              50.86541627357929
            ],
            [
              -0.555752040701918,
              50.865414163774986
            ],
            [
              -0.5556896439999246,
              50.86559331210808
            ],
            [
              -0.5553508280659537,
              50.865517150908246
            ],
            [
              -0.5549707409464977,
              50.864936700544895
            ],
            [
              -0.5542831099200627,
              50.865108105888375
            ],
            [
              -0.5533592105661778,
              50.86556445183755
            ],
            [
              -0.5526002451724168,
              50.86620275634895
            ],
            [
              -0.5511513587552733,
              50.86708438270744
            ],
            [
              -0.5493123342828781,
              50.86770925434379
            ],
            [
              -0.549304519401509,
              50.86796104585211
            ],
            [
              -0.5498027104652293,
              50.868399045657576
            ],
            [
              -0.5497870854898997,
              50.868902628711744
            ],
            [
              -0.5495474314525054,
              50.86929547582186
            ],
            [
              -0.5490949109157932,
              50.869217883573995
            ],
            [
              -0.5487081713250926,
              50.86885323478844
            ],
            [
              -0.5482032821412279,
              50.86863105155017
            ],
            [
              -0.5481564946940582,
              50.868306612780735
            ],
            [
              -0.5463296888988982,
              50.86853576457839
            ],
            [
              -0.5431475928183933,
              50.86846010705251
            ],
            [
              -0.543100840661198,
              50.86813566653915
            ],
            [
              -0.5433962637037061,
              50.86777951247643
            ],
            [
              -0.543680474912041,
              50.867783058880036
            ],
            [
              -0.5440850932660103,
              50.867572201884116
            ],
            [
              -0.5445532700362224,
              50.86714623138771
            ],
            [
              -0.5462618721054856,
              50.86705957182591
            ],
            [
              -0.5467378523614385,
              50.866381801074716
            ],
            [
              -0.548283721354126,
              50.86604119703381
            ],
            [
              -0.5494918775586923,
              50.865588423936714
            ],
            [
              -0.551921491506319,
              50.86425119620342
            ],
            [
              -0.5538996120323106,
              50.86280037286297
            ],
            [
              -0.5541837942906399,
              50.86280389344632
            ]
          ]
        ]
      },
      "properties": {
        "source": "Coarse-screen discovery",
        "name": "Unnamed face near TQ 021 083",
        "status": "Failed terrain threshold",
        "easting": 502117.1073480158,
        "northing": 108403.37317794302,
        "latitude": 50.866127494793076,
        "longitude": -0.5502625529136178,
        "grid_ref": "TQ 0211 0840",
        "distance_miles": 27.42252987402267,
        "aspect_deg": 156.77777099609375,
        "aspect_text": "SSE",
        "representative_slope_deg": 13.246946334838867,
        "median_local_slope_deg": 9.539664268493652,
        "max_robust_slope_deg": 37.488807678222656,
        "mean_upper_slope_deg": 14.95525074005127,
        "vertical_relief_m": 62.39308547973633,
        "vertical_relief_ft": 204.70173056533812,
        "horizontal_run_m": 240.0,
        "face_width_m": 664.710217730375,
        "ridge_length_m": 664.710217730375,
        "downslope_span_m": 298.19527299073525,
        "connected_area_ha": 7.443359759822221,
        "lip_sharpness_deg": -8.071468353271484,
        "roughness_m": 10.349668502807617,
        "gaps_count": 0,
        "largest_gap_m": 0,
        "percent_face_at_benchmark": 25.672969966629587,
        "whitewool_slope_percent": 110.88667477202677,
        "whitewool_relief_percent": 112.10941310049594,
        "pass_terrain": false,
        "terrain_score": 69.99789668923896,
        "overall_score": 69.99789668923896,
        "landcover_observation": "Not yet checked",
        "launch_observation": "Terrain-derived only",
        "landing_observation": "Terrain-derived only",
        "obstacle_observation": "Not yet checked",
        "airspace_observation": "Not yet checked",
        "protected_observation": "Not yet checked",
        "existing_site_conflict": "None identified",
        "confidence": "Medium",
        "reason": "Representative sustained slope 13.2\u00b0 versus Whitewool 11.9\u00b0; relief 62 m versus 56 m; continuous ridge 665 m versus 1196 m; 26% of the broader face reaches the benchmark threshold.",
        "profile_file": "profiles/unnamed_face_near_tq_021_083_profile.png"
      }
    },
    {
      "type": "Feature",
      "geometry": {
        "type": "Polygon",
        "coordinates": [
          [
            [
              -1.0096554199651275,
              51.006855580945114
            ],
            [
              -1.0084610265133962,
              51.006701525321546
            ],
            [
              -1.0077606509255586,
              51.00745120317742
            ],
            [
              -1.0069308445079552,
              51.008919417116495
            ],
            [
              -1.0058913339767452,
              51.00952227343578
            ],
            [
              -1.0042892391700076,
              51.00976050871694
            ],
            [
              -1.0038900612245805,
              51.009757107075906
            ],
            [
              -1.0039517089986134,
              51.00954174048356
            ],
            [
              -1.0037806335490909,
              51.009540282314674
            ],
            [
              -1.0025769341777933,
              51.00981787149849
            ],
            [
              -1.0020583020066498,
              51.010065318090085
            ],
            [
              -1.0018301989736857,
              51.01006337009886
            ],
            [
              -1.0007012778975723,
              51.009513992449634
            ],
            [
              -1.0019134718002292,
              51.00884069298639
            ],
            [
              -1.0040380060861276,
              51.00817515964512
            ],
            [
              -1.0043277438487914,
              51.00796173640526
            ],
            [
              -1.005448105896563,
              51.00624413944087
            ],
            [
              -1.0068974431841626,
              51.00514102198248
            ],
            [
              -1.0082751220802337,
              51.00472093693768
            ],
            [
              -1.0094686981228453,
              51.00491096975393
            ],
            [
              -1.009374576591529,
              51.00397463937018
            ],
            [
              -1.010123470794887,
              51.00362116490706
            ],
            [
              -1.0100178556490984,
              51.00322446796322
            ],
            [
              -1.010309065601871,
              51.002939078294304
            ],
            [
              -1.0103144225953522,
              51.00268724945067
            ],
            [
              -1.0100369932397397,
              51.002325079307205
            ],
            [
              -1.0092980782064833,
              51.00221087138238
            ],
            [
              -1.008860341463629,
              51.001343590693004
            ],
            [
              -1.0087130566345002,
              51.00022689800768
            ],
            [
              -1.0083801742357583,
              50.99979228919365
            ],
            [
              -1.0083855410698965,
              50.99954046036022
            ],
            [
              -1.008048831893844,
              50.999285728341555
            ],
            [
              -1.0082868502849114,
              50.99881998174776
            ],
            [
              -1.008634288120278,
              50.998571055311494
            ],
            [
              -1.0097259341429976,
              50.99818450846913
            ],
            [
              -1.010923172423588,
              50.998194647855534
            ],
            [
              -1.01154571227798,
              50.99841580760978
            ],
            [
              -1.0126828921607285,
              50.99856934912465
            ],
            [
              -1.013474956452583,
              50.99886389478524
            ],
            [
              -1.014144621167154,
              50.999553204972585
            ],
            [
              -1.015172379795202,
              50.99948990673769
            ],
            [
              -1.0159758879663525,
              50.999244801185924
            ],
            [
              -1.0181492052216752,
              50.9989392431339
            ],
            [
              -1.0194604908213314,
              50.99895025311955
            ],
            [
              -1.020596953702425,
              50.999139693476714
            ],
            [
              -1.0207018932508158,
              50.99957235725803
            ],
            [
              -1.0203476949481651,
              51.00014510093009
            ],
            [
              -1.0208030492164326,
              51.000184899320324
            ],
            [
              -1.0209604654652937,
              51.00083389459154
            ],
            [
              -1.0219814381102537,
              51.0010943176946
            ],
            [
              -1.0232671082788962,
              51.00232845865643
            ],
            [
              -1.0234846036386966,
              51.00283402429139
            ],
            [
              -1.0233637723798457,
              51.0031568525598
            ],
            [
              -1.0231942300755694,
              51.00308347156684
            ],
            [
              -1.0232467159042815,
              51.00329980225133
            ],
            [
              -1.0230201555320675,
              51.00322594443568
            ],
            [
              -1.0229030978283349,
              51.00336889377448
            ],
            [
              -1.022734311181865,
              51.00325953643514
            ],
            [
              -1.0226742704641265,
              51.003402962331954
            ],
            [
              -1.0224492223385937,
              51.0032571520556
            ],
            [
              -1.02238918074692,
              51.00340057780113
            ],
            [
              -1.0221641335341636,
              51.00325476698056
            ],
            [
              -1.0221611090011218,
              51.00339866967571
            ],
            [
              -1.0219923240069695,
              51.003289311273974
            ],
            [
              -1.021876019353841,
              51.00339628389298
            ],
            [
              -1.0205181932432903,
              51.002881163252255
            ],
            [
              -1.0189779689085297,
              51.002904225852056
            ],
            [
              -1.0181865599935556,
              51.002573741495326
            ],
            [
              -1.017237791433647,
              51.0015942521502
            ],
            [
              -1.0159203448561527,
              51.001871021744066
            ],
            [
              -1.0128992647266704,
              51.001809560615015
            ],
            [
              -1.0116540875049904,
              51.00136725191733
            ],
            [
              -1.0109266549982612,
              51.00071342075863
            ],
            [
              -1.0111317748331599,
              51.00179461777377
            ],
            [
              -1.0108168658778887,
              51.00319525184623
            ],
            [
              -1.0110426416588907,
              51.00330510877236
            ],
            [
              -1.0116143466041598,
              51.00323798138063
            ],
            [
              -1.0115450995194697,
              51.00381310806412
            ],
            [
              -1.0119411711665023,
              51.003960385514596
            ],
            [
              -1.011649200399921,
              51.004281754776954
            ],
            [
              -1.0117540675355619,
              51.004714425818555
            ],
            [
              -1.0111222663140937,
              51.00492497349071
            ],
            [
              -1.0110036382358114,
              51.00513986172418
            ],
            [
              -1.0113228203623825,
              51.006222022755765
            ],
            [
              -1.01091449297166,
              51.00665035170846
            ],
            [
              -1.0106871711740557,
              51.006612445568074
            ],
            [
              -1.0104552580876558,
              51.00679039214734
            ],
            [
              -1.0096554199651275,
              51.006855580945114
            ]
          ]
        ]
      },
      "properties": {
        "source": "Coarse-screen discovery",
        "name": "Pidham Hill",
        "status": "Failed terrain threshold",
        "easting": 469788.19126724097,
        "northing": 123565.27980763128,
        "latitude": 51.00724859315845,
        "longitude": -1.006673721359512,
        "grid_ref": "SU 6978 2356",
        "distance_miles": 7.164020789543313,
        "aspect_deg": 139.078125,
        "aspect_text": "SE",
        "representative_slope_deg": 13.392338752746582,
        "median_local_slope_deg": 9.295445442199707,
        "max_robust_slope_deg": 31.49170684814453,
        "mean_upper_slope_deg": 14.946317672729492,
        "vertical_relief_m": 63.997650146484375,
        "vertical_relief_ft": 209.96605050659178,
        "horizontal_run_m": 240.0,
        "face_width_m": 794.045963237586,
        "ridge_length_m": 794.045963237586,
        "downslope_span_m": 279.35168548102956,
        "connected_area_ha": 9.876981363377777,
        "lip_sharpness_deg": -8.012277603149414,
        "roughness_m": 7.776942253112793,
        "gaps_count": 0,
        "largest_gap_m": 0,
        "percent_face_at_benchmark": 13.615106326656667,
        "whitewool_slope_percent": 112.10371614528658,
        "whitewool_relief_percent": 114.99253390928074,
        "pass_terrain": false,
        "terrain_score": 67.65628122534132,
        "overall_score": 67.65628122534132,
        "landcover_observation": "Not yet checked",
        "launch_observation": "Terrain-derived only",
        "landing_observation": "Terrain-derived only",
        "obstacle_observation": "Not yet checked",
        "airspace_observation": "Not yet checked",
        "protected_observation": "Not yet checked",
        "existing_site_conflict": "None identified",
        "confidence": "Medium",
        "reason": "Representative sustained slope 13.4\u00b0 versus Whitewool 11.9\u00b0; relief 64 m versus 56 m; continuous ridge 794 m versus 1196 m; 14% of the broader face reaches the benchmark threshold.",
        "profile_file": "profiles/pidham_hill_profile.png"
      }
    },
    {
      "type": "Feature",
      "geometry": {
        "type": "Polygon",
        "coordinates": [
          [
            [
              -0.9497940591050301,
              51.04720750610232
            ],
            [
              -0.9522716209049283,
              51.04618626281878
            ],
            [
              -0.9537072652021557,
              51.04580332039195
            ],
            [
              -0.9545199925206623,
              51.04519889951757
            ],
            [
              -0.9546984822904143,
              51.04487665856844
            ],
            [
              -0.950932021081174,
              51.044842917916355
            ],
            [
              -0.9504094721582401,
              51.04523402830796
            ],
            [
              -0.949776030825447,
              51.0454802124874
            ],
            [
              -0.9498885409283779,
              51.045553187069316
            ],
            [
              -0.9495420629920537,
              51.0457299836508
            ],
            [
              -0.949246954907884,
              51.0461591143524
            ],
            [
              -0.9490545855761027,
              51.047092914701054
            ],
            [
              -0.9492233549516833,
              51.047202377570216
            ],
            [
              -0.9497940591050301,
              51.04720750610232
            ]
          ]
        ]
      },
      "properties": {
        "source": "Coarse-screen discovery",
        "name": "Unnamed face near SU 738 290",
        "status": "Failed terrain threshold",
        "easting": 473572.4489391802,
        "northing": 127886.66881324293,
        "latitude": 51.04563005100176,
        "longitude": -0.9518698897283989,
        "grid_ref": "SU 7357 2788",
        "distance_miles": 6.0197669845131845,
        "aspect_deg": 136.26031494140625,
        "aspect_text": "SE",
        "representative_slope_deg": 14.686927795410156,
        "median_local_slope_deg": 18.707887649536133,
        "max_robust_slope_deg": 27.99893569946289,
        "mean_upper_slope_deg": 15.952006340026855,
        "vertical_relief_m": 65.2224349975586,
        "vertical_relief_ft": 213.98437363739015,
        "horizontal_run_m": 240.0,
        "face_width_m": 315.66433684079675,
        "ridge_length_m": 315.66433684079675,
        "downslope_span_m": 163.19250813371036,
        "connected_area_ha": 3.2885912984888885,
        "lip_sharpness_deg": -6.222373008728027,
        "roughness_m": 6.193666934967041,
        "gaps_count": 0,
        "largest_gap_m": 0,
        "percent_face_at_benchmark": 49.19862621637092,
        "whitewool_slope_percent": 122.94037770552316,
        "whitewool_relief_percent": 117.19325711077883,
        "pass_terrain": false,
        "terrain_score": 65.63627978899278,
        "overall_score": 65.63627978899278,
        "landcover_observation": "Not yet checked",
        "launch_observation": "Terrain-derived only",
        "landing_observation": "Terrain-derived only",
        "obstacle_observation": "Not yet checked",
        "airspace_observation": "Not yet checked",
        "protected_observation": "Not yet checked",
        "existing_site_conflict": "None identified",
        "confidence": "Medium",
        "reason": "Representative sustained slope 14.7\u00b0 versus Whitewool 11.9\u00b0; relief 65 m versus 56 m; continuous ridge 316 m versus 1196 m; 49% of the broader face reaches the benchmark threshold.",
        "profile_file": "profiles/unnamed_face_near_su_738_290_profile.png"
      }
    },
    {
      "type": "Feature",
      "geometry": {
        "type": "Polygon",
        "coordinates": [
          [
            [
              -1.1525140507502105,
              51.5284637261807
            ],
            [
              -1.153043121358612,
              51.527927867383085
            ],
            [
              -1.1530537978230488,
              51.52735228753658
            ],
            [
              -1.1527211160628068,
              51.52663031489431
            ],
            [
              -1.1537651969384306,
              51.52631404130092
            ],
            [
              -1.154231893508971,
              51.52602957720665
            ],
            [
              -1.1569563511462289,
              51.52529363099327
            ],
            [
              -1.1594593171839436,
              51.524052335530904
            ],
            [
              -1.1601062359977616,
              51.523373374602045
            ],
            [
              -1.1601108672771134,
              51.52312155777226
            ],
            [
              -1.159825180549833,
              51.52297559846832
            ],
            [
              -1.1599471311072336,
              51.52261668579944
            ],
            [
              -1.15966012415542,
              51.52254267376751
            ],
            [
              -1.1596693912924312,
              51.52203904008249
            ],
            [
              -1.160313632495753,
              51.52150397300346
            ],
            [
              -1.1607331517222796,
              51.52064348817489
            ],
            [
              -1.1595208904443455,
              51.520706769109594
            ],
            [
              -1.1592875866404182,
              51.520849012240575
            ],
            [
              -1.158056085913442,
              51.521955519131275
            ],
            [
              -1.1581627960296528,
              51.52242400620974
            ],
            [
              -1.1579864820013126,
              51.522602634136206
            ],
            [
              -1.156355881633974,
              51.523454408769084
            ],
            [
              -1.1550845417405218,
              51.523589176457875
            ],
            [
              -1.1536361917204137,
              51.52393852534939
            ],
            [
              -1.1514991438753335,
              51.52410298595073
            ],
            [
              -1.1503377536564943,
              51.52452632584642
            ],
            [
              -1.1501520280220576,
              51.52520857399132
            ],
            [
              -1.1505490212469167,
              51.525571234029634
            ],
            [
              -1.150600668573655,
              51.52589541501903
            ],
            [
              -1.1512256791295798,
              51.52640363712818
            ],
            [
              -1.1515992969995479,
              51.52802537404554
            ],
            [
              -1.1520533312817385,
              51.52842441963316
            ],
            [
              -1.1525140507502105,
              51.5284637261807
            ]
          ]
        ]
      },
      "properties": {
        "source": "Coarse-screen discovery",
        "name": "Unnamed face near SU 587 809",
        "status": "Failed terrain threshold",
        "easting": 458693.56973590853,
        "northing": 180971.85270467226,
        "latitude": 51.524619833069856,
        "longitude": -1.1553815233892704,
        "grid_ref": "SU 5869 8097",
        "distance_miles": 29.19929599863898,
        "aspect_deg": 136.9052734375,
        "aspect_text": "SE",
        "representative_slope_deg": 13.049015045166016,
        "median_local_slope_deg": 12.30864143371582,
        "max_robust_slope_deg": 21.745948791503906,
        "mean_upper_slope_deg": 13.809431076049805,
        "vertical_relief_m": 56.35905456542969,
        "vertical_relief_ft": 184.90504058044434,
        "horizontal_run_m": 240.0,
        "face_width_m": 605.4268880090676,
        "ridge_length_m": 605.4268880090676,
        "downslope_span_m": 227.85242858709535,
        "connected_area_ha": 6.381852441955555,
        "lip_sharpness_deg": -3.574324607849121,
        "roughness_m": 4.424447536468506,
        "gaps_count": 0,
        "largest_gap_m": 0,
        "percent_face_at_benchmark": 24.078663362379086,
        "whitewool_slope_percent": 109.22984443615991,
        "whitewool_relief_percent": 101.26731963401933,
        "pass_terrain": false,
        "terrain_score": 62.99826068667282,
        "overall_score": 62.99826068667282,
        "landcover_observation": "Not yet checked",
        "launch_observation": "Terrain-derived only",
        "landing_observation": "Terrain-derived only",
        "obstacle_observation": "Not yet checked",
        "airspace_observation": "Not yet checked",
        "protected_observation": "Not yet checked",
        "existing_site_conflict": "None identified",
        "confidence": "Medium",
        "reason": "Representative sustained slope 13.0\u00b0 versus Whitewool 11.9\u00b0; relief 56 m versus 56 m; continuous ridge 605 m versus 1196 m; 24% of the broader face reaches the benchmark threshold.",
        "profile_file": "profiles/unnamed_face_near_su_587_809_profile.png"
      }
    },
    {
      "type": "Feature",
      "geometry": {
        "type": "Polygon",
        "coordinates": [
          [
            [
              -1.087078232390097,
              50.992434461586036
            ],
            [
              -1.0862436315695312,
              50.9913844624885
            ],
            [
              -1.086137392910709,
              50.990987830411214
            ],
            [
              -1.086208522391527,
              50.990268747849264
            ],
            [
              -1.086043164880177,
              50.98997959912439
            ],
            [
              -1.0862732936944783,
              50.98987345295477
            ],
            [
              -1.0863929474603042,
              50.98958653293773
            ],
            [
              -1.0862958916905248,
              50.9887222073233
            ],
            [
              -1.086583720497851,
              50.988580529736524
            ],
            [
              -1.0864838390624572,
              50.98786010987459
            ],
            [
              -1.0862572516092177,
              50.987786374376554
            ],
            [
              -1.08626007627954,
              50.98764246863439
            ],
            [
              -1.0850694470244462,
              50.987309314782095
            ],
            [
              -1.082168161441039,
              50.98699870674295
            ],
            [
              -1.0801417959072126,
              50.98568742169713
            ],
            [
              -1.0784995596622615,
              50.98513475265
            ],
            [
              -1.078803762334091,
              50.984165637457444
            ],
            [
              -1.07888495786228,
              50.98294288961081
            ],
            [
              -1.078514482244743,
              50.98150068832334
            ],
            [
              -1.0779018192308945,
              50.980776214852725
            ],
            [
              -1.0775620105486443,
              50.9806655867143
            ],
            [
              -1.0766487278944779,
              50.980730337374915
            ],
            [
              -1.0762967898300642,
              50.98123130402162
            ],
            [
              -1.0764399344695308,
              50.982635734016455
            ],
            [
              -1.0760936907480665,
              50.98284888888637
            ],
            [
              -1.0755607470514843,
              50.98385216994401
            ],
            [
              -1.0754260383225114,
              50.98489458214454
            ],
            [
              -1.07563973675392,
              50.9856159127091
            ],
            [
              -1.0761448568137286,
              50.98601570928482
            ],
            [
              -1.0771102490223192,
              50.98620324781374
            ],
            [
              -1.0776845033666265,
              50.98599188991148
            ],
            [
              -1.0782630263070898,
              50.9855646709455
            ],
            [
              -1.0786456293650835,
              50.986395273953576
            ],
            [
              -1.080265166477163,
              50.98809918511812
            ],
            [
              -1.0809399345485922,
              50.98857225967715
            ],
            [
              -1.0819602719262944,
              50.98886813585464
            ],
            [
              -1.0822973138200183,
              50.98912265695751
            ],
            [
              -1.0827911867778606,
              50.99009804720296
            ],
            [
              -1.0826559109697536,
              50.99117644375369
            ],
            [
              -1.082866204746592,
              50.992077642922986
            ],
            [
              -1.085084452904922,
              50.99234690486425
            ],
            [
              -1.087078232390097,
              50.992434461586036
            ]
          ]
        ]
      },
      "properties": {
        "source": "Coarse-screen discovery",
        "name": "Unnamed face near SU 641 204",
        "status": "Failed terrain threshold",
        "easting": 464478.2696538638,
        "northing": 121347.95270483063,
        "latitude": 50.98793108895669,
        "longitude": -1.0827390100577716,
        "grid_ref": "SU 6447 2134",
        "distance_miles": 8.378881103538335,
        "aspect_deg": 220.5732879638672,
        "aspect_text": "SW",
        "representative_slope_deg": 13.419158935546875,
        "median_local_slope_deg": 12.03826904296875,
        "max_robust_slope_deg": 24.699926376342773,
        "mean_upper_slope_deg": 14.508255004882812,
        "vertical_relief_m": 67.99533081054688,
        "vertical_relief_ft": 223.0818011364746,
        "horizontal_run_m": 240.0,
        "face_width_m": 501.30604460276663,
        "ridge_length_m": 501.30604460276663,
        "downslope_span_m": 199.61281536764,
        "connected_area_ha": 4.189991931911111,
        "lip_sharpness_deg": -4.714821815490723,
        "roughness_m": 5.183207988739014,
        "gaps_count": 0,
        "largest_gap_m": 0,
        "percent_face_at_benchmark": 10.046717235143417,
        "whitewool_slope_percent": 112.32822078298418,
        "whitewool_relief_percent": 122.1756637315237,
        "pass_terrain": false,
        "terrain_score": 62.723734990557624,
        "overall_score": 62.723734990557624,
        "landcover_observation": "Not yet checked",
        "launch_observation": "Terrain-derived only",
        "landing_observation": "Terrain-derived only",
        "obstacle_observation": "Not yet checked",
        "airspace_observation": "Not yet checked",
        "protected_observation": "Not yet checked",
        "existing_site_conflict": "None identified",
        "confidence": "Medium",
        "reason": "Representative sustained slope 13.4\u00b0 versus Whitewool 11.9\u00b0; relief 68 m versus 56 m; continuous ridge 501 m versus 1196 m; 10% of the broader face reaches the benchmark threshold.",
        "profile_file": "profiles/unnamed_face_near_su_641_204_profile.png"
      }
    },
    {
      "type": "Feature",
      "geometry": {
        "type": "Polygon",
        "coordinates": [
          [
            [
              -1.0101407379651792,
              51.00685904513645
            ],
            [
              -1.0098571596284633,
              51.00678467886965
            ],
            [
              -1.0098548623872428,
              51.00689260542721
            ],
            [
              -1.0096283062242357,
              51.006818721708164
            ],
            [
              -1.0093986863894824,
              51.006888739610346
            ],
            [
              -1.0091736635300135,
              51.006742903986506
            ],
            [
              -1.0091713647061598,
              51.00685083052258
            ],
            [
              -1.008832299229893,
              51.0067040272935
            ],
            [
              -1.0084323801233872,
              51.00673661682139
            ],
            [
              -1.0077320035397268,
              51.00748629449553
            ],
            [
              -1.0069607561508878,
              51.00888304182103
            ],
            [
              -1.006035297062318,
              51.009486868467235
            ],
            [
              -1.0043183833103397,
              51.00976010955845
            ],
            [
              -1.0039192053648054,
              51.00975670801699
            ],
            [
              -1.0039808530035175,
              51.0095413414085
            ],
            [
              -1.0037527524072587,
              51.00953939718456
            ],
            [
              -1.0012266525234386,
              51.0103094402704
            ],
            [
              -1.0007149639962574,
              51.01023310219995
            ],
            [
              -1.0001508914038215,
              51.00994042167491
            ],
            [
              -1.0002117834366122,
              51.009761032556966
            ],
            [
              -1.0017129741572994,
              51.008910297069164
            ],
            [
              -1.0041835067058775,
              51.008067806037594
            ],
            [
              -1.0052445475064862,
              51.006457651599476
            ],
            [
              -1.0067539887990833,
              51.005211119424175
            ],
            [
              -1.0073873485821032,
              51.00492864450939
            ],
            [
              -1.0083042630415087,
              51.004720536766776
            ],
            [
              -1.0088166704601416,
              51.00476086588148
            ],
            [
              -1.0092689947810856,
              51.004944611481356
            ],
            [
              -1.0094993711369453,
              51.00483861823097
            ],
            [
              -1.009345932596088,
              51.004009731123446
            ],
            [
              -1.0096363858003958,
              51.00376031875374
            ],
            [
              -1.0100948275833483,
              51.00365625685039
            ],
            [
              -1.0100485266620016,
              51.00315211626443
            ],
            [
              -1.0103420317551446,
              51.00275879986376
            ],
            [
              -1.0100091162813785,
              51.00232419569244
            ],
            [
              -1.009270201333048,
              51.00220998759174
            ],
            [
              -1.0087792820792318,
              51.00116234549907
            ],
            [
              -1.008740661918314,
              51.000298448807186
            ],
            [
              -1.0084077787578731,
              50.99986384007282
            ],
            [
              -1.008413145456268,
              50.9996120112404
            ],
            [
              -1.0080764356155114,
              50.99935727930065
            ],
            [
              -1.008316754267005,
              50.998783606000664
            ],
            [
              -1.008836759515942,
              50.998464179148016
            ],
            [
              -1.0099268704549123,
              50.998149581531464
            ],
            [
              -1.0109523092820474,
              50.99819424700084
            ],
            [
              -1.0133908320619005,
              50.99882655507162
            ],
            [
              -1.0140604949933232,
              50.99951586573568
            ],
            [
              -1.0151445044206304,
              50.99948902435675
            ],
            [
              -1.0159480127206881,
              50.999243918997394
            ],
            [
              -1.0180643177135196,
              50.998937882422254
            ],
            [
              -1.0194326156745,
              50.99894937176303
            ],
            [
              -1.0205690784168409,
              50.99913881239061
            ],
            [
              -1.0207317880601665,
              50.999535978287035
            ],
            [
              -1.0203775904075603,
              51.000108722056794
            ],
            [
              -1.0208321872706487,
              51.00018449600807
            ],
            [
              -1.0209888469513069,
              51.00086946691883
            ],
            [
              -1.0219543178570198,
              51.00105746124705
            ],
            [
              -1.0232399862966957,
              51.002291602505494
            ],
            [
              -1.0234582363109574,
              51.00276119250049
            ],
            [
              -1.0232188380676557,
              51.003298921784115
            ],
            [
              -1.0229922777447262,
              51.00322506391466
            ],
            [
              -1.0229322378666261,
              51.003368489949516
            ],
            [
              -1.0227634511525128,
              51.0032591326519
            ],
            [
              -1.0227604284730674,
              51.00340303537268
            ],
            [
              -1.0225346242309161,
              51.00329320093891
            ],
            [
              -1.022361302868976,
              51.00339969712909
            ],
            [
              -1.0221925173964261,
              51.00329033901399
            ],
            [
              -1.0221332311293914,
              51.00339778894927
            ],
            [
              -1.0219652024892345,
              51.003252454835604
            ],
            [
              -1.0218488978674354,
              51.00335942742843
            ],
            [
              -1.021680870258332,
              51.00321409291053
            ],
            [
              -1.0215645650836407,
              51.00332106521794
            ],
            [
              -1.0211699817227022,
              51.00310186891021
            ],
            [
              -1.0210544326511939,
              51.00317286504339
            ],
            [
              -1.0204903157181469,
              51.002880282135585
            ],
            [
              -1.0202037141170075,
              51.00294984360419
            ],
            [
              -1.0188368155577243,
              51.002866411370285
            ],
            [
              -1.018103184356452,
              51.002500429504884
            ],
            [
              -1.0172669303894588,
              51.001593849732295
            ],
            [
              -1.0164071327675035,
              51.00180250838683
            ],
            [
              -1.0152645312226751,
              51.00190083196617
            ],
            [
              -1.013383004743436,
              51.00188496222048
            ],
            [
              -1.0127011039522726,
              51.00177125714941
            ],
            [
              -1.0118519799815697,
              51.001476224048744
            ],
            [
              -1.0108995437582518,
              51.00067656179259
            ],
            [
              -1.0111138384120668,
              51.0013260520702
            ],
            [
              -1.0108452409872646,
              51.003230826588215
            ],
            [
              -1.0116427223518252,
              51.00327355593221
            ],
            [
              -1.0115187503921796,
              51.00374027369189
            ],
            [
              -1.0116297295695864,
              51.003885140430285
            ],
            [
              -1.0119148213374944,
              51.003887551229596
            ],
            [
              -1.0119125291077358,
              51.00399547790803
            ],
            [
              -1.0116798696012383,
              51.004209402652656
            ],
            [
              -1.0117261891073428,
              51.00471354260571
            ],
            [
              -1.0110350738101854,
              51.00503153424553
            ],
            [
              -1.0112941764224284,
              51.006257114973785
            ],
            [
              -1.0108866134021792,
              51.00664946828919
            ],
            [
              -1.0104296743487775,
              51.00668158203996
            ],
            [
              -1.0104844003347726,
              51.00678999143991
            ],
            [
              -1.0101407379651792,
              51.00685904513645
            ]
          ],
          [
            [
              -1.0227359049223237,
              51.00185560414837
            ],
            [
              -1.0226781331762353,
              51.00189110302655
            ],
            [
              -1.0227351492712797,
              51.00189157983731
            ],
            [
              -1.0227359049223237,
              51.00185560414837
            ]
          ],
          [
            [
              -1.010199290899212,
              51.00678757705261
            ],
            [
              -1.0101430345402795,
              51.006751118568936
            ],
            [
              -1.0101422690168198,
              51.006787094091656
            ],
            [
              -1.010199290899212,
              51.00678757705261
            ]
          ]
        ]
      },
      "properties": {
        "source": "Required reassessment",
        "name": "Pidham Hill",
        "status": "Failed terrain threshold",
        "easting": 469790.3600683513,
        "northing": 123566.854411741,
        "latitude": 51.007262487519654,
        "longitude": -1.0066425117884978,
        "grid_ref": "SU 6979 2356",
        "distance_miles": 7.163447223121075,
        "aspect_deg": 139.90185546875,
        "aspect_text": "SE",
        "representative_slope_deg": 13.30903148651123,
        "median_local_slope_deg": 9.275275230407715,
        "max_robust_slope_deg": 31.483640670776367,
        "mean_upper_slope_deg": 14.91240119934082,
        "vertical_relief_m": 63.472679138183594,
        "vertical_relief_ft": 208.24370462371826,
        "horizontal_run_m": 240.0,
        "face_width_m": 850.2178629946429,
        "ridge_length_m": 850.2178629946429,
        "downslope_span_m": 284.65812093790737,
        "connected_area_ha": 10.06910938471111,
        "lip_sharpness_deg": -7.949566841125488,
        "roughness_m": 7.755241394042969,
        "gaps_count": 0,
        "largest_gap_m": 0,
        "percent_face_at_benchmark": 13.369495851946395,
        "whitewool_slope_percent": 111.40637311213098,
        "whitewool_relief_percent": 114.04925323670541,
        "pass_terrain": false,
        "terrain_score": 68.33129274988163,
        "overall_score": 68.33129274988163,
        "landcover_observation": "Not yet checked",
        "launch_observation": "Terrain-derived only",
        "landing_observation": "Terrain-derived only",
        "obstacle_observation": "Not yet checked",
        "airspace_observation": "Not yet checked",
        "protected_observation": "Not yet checked",
        "existing_site_conflict": "None identified",
        "confidence": "Medium",
        "reason": "Representative sustained slope 13.3\u00b0 versus Whitewool 11.9\u00b0; relief 63 m versus 56 m; continuous ridge 850 m versus 1196 m; 13% of the broader face reaches the benchmark threshold.",
        "profile_file": "profiles/pidham_hill_profile.png"
      }
    },
    {
      "type": "Feature",
      "geometry": {
        "type": "Polygon",
        "coordinates": [
          [
            [
              -0.971564793083343,
              51.180653148215264
            ],
            [
              -0.9715687946122845,
              51.18047327811896
            ],
            [
              -0.9717953350782472,
              51.18058321201417
            ],
            [
              -0.9718001358194694,
              51.180367367879704
            ],
            [
              -0.9720282762141985,
              51.18040535327864
            ],
            [
              -0.971975840973359,
              51.18018900632368
            ],
            [
              -0.9721475455697771,
              51.18019051463413
            ],
            [
              -0.9720378754007916,
              51.17997366495664
            ],
            [
              -0.9722095792006069,
              51.17997517317155
            ],
            [
              -0.9722732117046704,
              51.17968788360008
            ],
            [
              -0.9719538054507221,
              51.178605646149045
            ],
            [
              -0.9711717582377135,
              51.177735227330764
            ],
            [
              -0.9700851555163208,
              51.1776896876793
            ],
            [
              -0.9699158648439594,
              51.17758025433844
            ],
            [
              -0.9697117898673377,
              51.17646304428484
            ],
            [
              -0.9693256131662614,
              51.17581198396075
            ],
            [
              -0.9687589357618288,
              51.17555512365746
            ],
            [
              -0.9671041152881673,
              51.175324641637125
            ],
            [
              -0.9660836510472274,
              51.17488385630926
            ],
            [
              -0.9653501494490708,
              51.17440961858829
            ],
            [
              -0.9644006459862429,
              51.173357766925804
            ],
            [
              -0.9624324370963009,
              51.17179314284414
            ],
            [
              -0.9609599637021944,
              51.171096435274706
            ],
            [
              -0.9602749005629776,
              51.1710183877186
            ],
            [
              -0.9600991858904245,
              51.17119673191749
            ],
            [
              -0.9598783831391436,
              51.17083495800251
            ],
            [
              -0.9603950082321256,
              51.17076758693858
            ],
            [
              -0.9603418290337766,
              51.17058720874824
            ],
            [
              -0.959597123871217,
              51.1706165706671
            ],
            [
              -0.9595326166040629,
              51.170939827343076
            ],
            [
              -0.9591344834336649,
              51.170828343006676
            ],
            [
              -0.9591271960613924,
              51.171152108443124
            ],
            [
              -0.9580850164022711,
              51.171682550148304
            ],
            [
              -0.9580213075781834,
              51.171969831943805
            ],
            [
              -0.959324516618411,
              51.17255712779586
            ],
            [
              -0.9594921448192065,
              51.172738524167244
            ],
            [
              -0.9604012814824789,
              51.173034453966736
            ],
            [
              -0.9605092635097324,
              51.173323262274934
            ],
            [
              -0.9607929688634664,
              51.17343372561436
            ],
            [
              -0.9620261067802368,
              51.1745960664667
            ],
            [
              -0.9629175449810851,
              51.17568340377218
            ],
            [
              -0.9640443951947707,
              51.17648496956689
            ],
            [
              -0.9655162811988443,
              51.177217612898616
            ],
            [
              -0.9670534833821458,
              51.17759100325507
            ],
            [
              -0.9673832135952269,
              51.17820559176741
            ],
            [
              -0.9673099101643675,
              51.178924566380616
            ],
            [
              -0.9677033132899747,
              51.17925186715789
            ],
            [
              -0.9694074915685573,
              51.179842585448114
            ],
            [
              -0.9699782324861103,
              51.17991957272051
            ],
            [
              -0.9703700605486691,
              51.18031881264075
            ],
            [
              -0.9705425666366043,
              51.18028434930114
            ],
            [
              -0.9706522304853806,
              51.18050120033315
            ],
            [
              -0.9708255379314089,
              51.18043076256962
            ],
            [
              -0.9709360042481979,
              51.18061163932882
            ],
            [
              -0.9711101123447613,
              51.180505227131746
            ],
            [
              -0.9712786159521813,
              51.18065063278304
            ],
            [
              -0.9713390533140753,
              51.18050723985918
            ],
            [
              -0.971564793083343,
              51.180653148215264
            ]
          ],
          [
            [
              -0.960033063217442,
              51.171591936742544
            ],
            [
              -0.9598074040042703,
              51.17144600637692
            ],
            [
              -0.9597550355908737,
              51.17122965400599
            ],
            [
              -0.9598678644130024,
              51.171302619292305
            ],
            [
              -0.9600983769290014,
              51.17123270586454
            ],
            [
              -0.960033063217442,
              51.171591936742544
            ]
          ],
          [
            [
              -0.9597558448193403,
              51.171193680062835
            ],
            [
              -0.9596978120403583,
              51.17122914526496
            ],
            [
              -0.959698621313332,
              51.171193171322464
            ],
            [
              -0.9597558448193403,
              51.171193680062835
            ]
          ]
        ]
      },
      "properties": {
        "source": "Required reassessment",
        "name": "Holybourne slopes",
        "status": "Failed terrain threshold",
        "easting": 472415.60398726485,
        "northing": 142339.4748136468,
        "latitude": 51.175716262947674,
        "longitude": -0.9654727763118456,
        "grid_ref": "SU 7241 4233",
        "distance_miles": 5.970681612107967,
        "aspect_deg": 189.35397338867188,
        "aspect_text": "S",
        "representative_slope_deg": 12.194999694824219,
        "median_local_slope_deg": 9.767753601074219,
        "max_robust_slope_deg": 16.305212020874023,
        "mean_upper_slope_deg": 12.953109741210938,
        "vertical_relief_m": 53.21894836425781,
        "vertical_relief_ft": 174.6028545513916,
        "horizontal_run_m": 240.0,
        "face_width_m": 606.3487715818919,
        "ridge_length_m": 606.3487715818919,
        "downslope_span_m": 464.1521507507132,
        "connected_area_ha": 6.966241840177777,
        "lip_sharpness_deg": -3.9800729751586914,
        "roughness_m": 3.329437017440796,
        "gaps_count": 0,
        "largest_gap_m": 0,
        "percent_face_at_benchmark": 13.214247853281035,
        "whitewool_slope_percent": 102.08110841730736,
        "whitewool_relief_percent": 95.6251004589324,
        "pass_terrain": false,
        "terrain_score": 66.8442495921812,
        "overall_score": 66.8442495921812,
        "landcover_observation": "Not yet checked",
        "launch_observation": "Terrain-derived only",
        "landing_observation": "Terrain-derived only",
        "obstacle_observation": "Not yet checked",
        "airspace_observation": "Not yet checked",
        "protected_observation": "Not yet checked",
        "existing_site_conflict": "None identified",
        "confidence": "Medium",
        "reason": "Representative sustained slope 12.2\u00b0 versus Whitewool 11.9\u00b0; relief 53 m versus 56 m; continuous ridge 606 m versus 1196 m; 13% of the broader face reaches the benchmark threshold.",
        "profile_file": "profiles/holybourne_slopes_profile.png"
      }
    },
    {
      "type": "Feature",
      "geometry": {
        "type": "Polygon",
        "coordinates": [
          [
            [
              -1.0530344129025908,
              51.003718021726776
            ],
            [
              -1.0518362843724651,
              51.00374428908785
            ],
            [
              -1.051726646335386,
              51.003527507910924
            ],
            [
              -1.0530198655691343,
              51.00163095149398
            ],
            [
              -1.0535221007725468,
              50.99936815735073
            ],
            [
              -1.0549832404330202,
              50.99761686615541
            ],
            [
              -1.055581829568688,
              50.996218408532634
            ],
            [
              -1.0558719871797697,
              50.995968879327
            ],
            [
              -1.0562717825159247,
              50.99593612668772
            ],
            [
              -1.057064082070456,
              50.996230378161165
            ],
            [
              -1.0576802619695207,
              50.99677507792723
            ],
            [
              -1.057544383033302,
              50.997853440963056
            ],
            [
              -1.0571840899513567,
              50.99875008360256
            ],
            [
              -1.0564780518172843,
              50.9998238438206
            ],
            [
              -1.0556038553542335,
              51.00075231310226
            ],
            [
              -1.0552478847467635,
              51.00143309279474
            ],
            [
              -1.0552954048293606,
              51.00190124214469
            ],
            [
              -1.0548824032229291,
              51.0025815595934
            ],
            [
              -1.05418649200104,
              51.00315164045374
            ],
            [
              -1.0530344129025908,
              51.003718021726776
            ]
          ]
        ]
      },
      "properties": {
        "source": "Required reassessment",
        "name": "Henwood Down",
        "status": "Failed terrain threshold",
        "easting": 466359.8548100518,
        "northing": 122594.35425659752,
        "latitude": 50.99892404411868,
        "longitude": -1.055708185537308,
        "grid_ref": "SU 6635 2259",
        "distance_miles": 7.49775567750042,
        "aspect_deg": 140.04315185546875,
        "aspect_text": "SE",
        "representative_slope_deg": 11.85958194732666,
        "median_local_slope_deg": 10.157443046569824,
        "max_robust_slope_deg": 14.710469245910645,
        "mean_upper_slope_deg": 12.8687744140625,
        "vertical_relief_m": 52.806392669677734,
        "vertical_relief_ft": 173.2493253263855,
        "horizontal_run_m": 240.0,
        "face_width_m": 567.0781761562102,
        "ridge_length_m": 567.0781761562102,
        "downslope_span_m": 415.6404451901617,
        "connected_area_ha": 4.83842400391111,
        "lip_sharpness_deg": -5.465720176696777,
        "roughness_m": 2.535696268081665,
        "gaps_count": 0,
        "largest_gap_m": 0,
        "percent_face_at_benchmark": 15.267665952890793,
        "whitewool_slope_percent": 99.27341540343059,
        "whitewool_relief_percent": 94.88381035546954,
        "pass_terrain": false,
        "terrain_score": 56.17866764872198,
        "overall_score": 56.17866764872198,
        "landcover_observation": "Not yet checked",
        "launch_observation": "Terrain-derived only",
        "landing_observation": "Terrain-derived only",
        "obstacle_observation": "Not yet checked",
        "airspace_observation": "Not yet checked",
        "protected_observation": "Not yet checked",
        "existing_site_conflict": "None identified",
        "confidence": "Medium",
        "reason": "Representative sustained slope 11.9\u00b0 versus Whitewool 11.9\u00b0; relief 53 m versus 56 m; continuous ridge 567 m versus 1196 m; 15% of the broader face reaches the benchmark threshold.",
        "profile_file": "profiles/henwood_down_profile.png"
      }
    },
    {
      "type": "Feature",
      "geometry": {
        "type": "Point",
        "coordinates": [
          -1.100259988185225,
          51.090169995067654
        ]
      },
      "properties": {
        "source": "Required reassessment",
        "name": "Bighton Hill",
        "status": "Failed terrain threshold",
        "easting": 463109.7094835612,
        "northing": 132702.27498182247,
        "latitude": 51.090169995067654,
        "longitude": -1.100259988185225,
        "grid_ref": "SU 6310 3270",
        "distance_miles": 2.5094652925387706,
        "aspect_deg": NaN,
        "aspect_text": "",
        "representative_slope_deg": NaN,
        "median_local_slope_deg": NaN,
        "max_robust_slope_deg": NaN,
        "mean_upper_slope_deg": NaN,
        "vertical_relief_m": NaN,
        "vertical_relief_ft": NaN,
        "horizontal_run_m": NaN,
        "face_width_m": NaN,
        "ridge_length_m": NaN,
        "downslope_span_m": NaN,
        "connected_area_ha": NaN,
        "lip_sharpness_deg": NaN,
        "roughness_m": NaN,
        "gaps_count": 0,
        "largest_gap_m": 0,
        "percent_face_at_benchmark": 0,
        "whitewool_slope_percent": 0,
        "whitewool_relief_percent": 0,
        "pass_terrain": false,
        "terrain_score": 0,
        "overall_score": 0,
        "landcover_observation": "Not yet checked",
        "launch_observation": "Terrain-derived only",
        "landing_observation": "Terrain-derived only",
        "obstacle_observation": "Not yet checked",
        "airspace_observation": "Not yet checked",
        "protected_observation": "Not yet checked",
        "existing_site_conflict": "None identified",
        "confidence": "Medium",
        "reason": "No contiguous south-east to south-west face in the 3 km verification window met the sustained-slope and relief pre-filter.",
        "profile_file": ""
      }
    },
    {
      "type": "Feature",
      "geometry": {
        "type": "Point",
        "coordinates": [
          -0.9500999880793896,
          51.14849999511413
        ]
      },
      "properties": {
        "source": "Required reassessment",
        "name": "Neatham Down",
        "status": "Failed terrain threshold",
        "easting": 473533.4134525778,
        "northing": 139328.0842357881,
        "latitude": 51.14849999511413,
        "longitude": -0.9500999880793896,
        "grid_ref": "SU 7353 3932",
        "distance_miles": 5.172181265813306,
        "aspect_deg": NaN,
        "aspect_text": "",
        "representative_slope_deg": NaN,
        "median_local_slope_deg": NaN,
        "max_robust_slope_deg": NaN,
        "mean_upper_slope_deg": NaN,
        "vertical_relief_m": NaN,
        "vertical_relief_ft": NaN,
        "horizontal_run_m": NaN,
        "face_width_m": NaN,
        "ridge_length_m": NaN,
        "downslope_span_m": NaN,
        "connected_area_ha": NaN,
        "lip_sharpness_deg": NaN,
        "roughness_m": NaN,
        "gaps_count": 0,
        "largest_gap_m": 0,
        "percent_face_at_benchmark": 0,
        "whitewool_slope_percent": 0,
        "whitewool_relief_percent": 0,
        "pass_terrain": false,
        "terrain_score": 0,
        "overall_score": 0,
        "landcover_observation": "Not yet checked",
        "launch_observation": "Terrain-derived only",
        "landing_observation": "Terrain-derived only",
        "obstacle_observation": "Not yet checked",
        "airspace_observation": "Not yet checked",
        "protected_observation": "Not yet checked",
        "existing_site_conflict": "None identified",
        "confidence": "Medium",
        "reason": "No contiguous south-east to south-west face in the 3 km verification window met the sustained-slope and relief pre-filter.",
        "profile_file": ""
      }
    },
    {
      "type": "Feature",
      "geometry": {
        "type": "Point",
        "coordinates": [
          -1.218509988276505,
          51.03127999502132
        ]
      },
      "properties": {
        "source": "Required reassessment",
        "name": "Longwood Warren",
        "status": "Failed terrain threshold",
        "easting": 454897.650274403,
        "northing": 126058.83000793823,
        "latitude": 51.03127999502132,
        "longitude": -1.218509988276505,
        "grid_ref": "SU 5489 2605",
        "distance_miles": 9.045186504274577,
        "aspect_deg": NaN,
        "aspect_text": "",
        "representative_slope_deg": NaN,
        "median_local_slope_deg": NaN,
        "max_robust_slope_deg": NaN,
        "mean_upper_slope_deg": NaN,
        "vertical_relief_m": NaN,
        "vertical_relief_ft": NaN,
        "horizontal_run_m": NaN,
        "face_width_m": NaN,
        "ridge_length_m": NaN,
        "downslope_span_m": NaN,
        "connected_area_ha": NaN,
        "lip_sharpness_deg": NaN,
        "roughness_m": NaN,
        "gaps_count": 0,
        "largest_gap_m": 0,
        "percent_face_at_benchmark": 0,
        "whitewool_slope_percent": 0,
        "whitewool_relief_percent": 0,
        "pass_terrain": false,
        "terrain_score": 0,
        "overall_score": 0,
        "landcover_observation": "Not yet checked",
        "launch_observation": "Terrain-derived only",
        "landing_observation": "Terrain-derived only",
        "obstacle_observation": "Not yet checked",
        "airspace_observation": "Not yet checked",
        "protected_observation": "Not yet checked",
        "existing_site_conflict": "None identified",
        "confidence": "Medium",
        "reason": "No contiguous south-east to south-west face in the 3 km verification window met the sustained-slope and relief pre-filter.",
        "profile_file": ""
      }
    },
    {
      "type": "Feature",
      "geometry": {
        "type": "Point",
        "coordinates": [
          -1.2159999882712351,
          51.03849999502672
        ]
      },
      "properties": {
        "source": "Required reassessment",
        "name": "Gander Down",
        "status": "Failed terrain threshold",
        "easting": 455065.11941223603,
        "northing": 126863.60297042338,
        "latitude": 51.03849999502672,
        "longitude": -1.2159999882712351,
        "grid_ref": "SU 5506 2686",
        "distance_miles": 8.672582572620593,
        "aspect_deg": NaN,
        "aspect_text": "",
        "representative_slope_deg": NaN,
        "median_local_slope_deg": NaN,
        "max_robust_slope_deg": NaN,
        "mean_upper_slope_deg": NaN,
        "vertical_relief_m": NaN,
        "vertical_relief_ft": NaN,
        "horizontal_run_m": NaN,
        "face_width_m": NaN,
        "ridge_length_m": NaN,
        "downslope_span_m": NaN,
        "connected_area_ha": NaN,
        "lip_sharpness_deg": NaN,
        "roughness_m": NaN,
        "gaps_count": 0,
        "largest_gap_m": 0,
        "percent_face_at_benchmark": 0,
        "whitewool_slope_percent": 0,
        "whitewool_relief_percent": 0,
        "pass_terrain": false,
        "terrain_score": 0,
        "overall_score": 0,
        "landcover_observation": "Not yet checked",
        "launch_observation": "Terrain-derived only",
        "landing_observation": "Terrain-derived only",
        "obstacle_observation": "Not yet checked",
        "airspace_observation": "Not yet checked",
        "protected_observation": "Not yet checked",
        "existing_site_conflict": "None identified",
        "confidence": "Medium",
        "reason": "No contiguous south-east to south-west face in the 3 km verification window met the sustained-slope and relief pre-filter.",
        "profile_file": ""
      }
    },
    {
      "type": "Feature",
      "geometry": {
        "type": "Point",
        "coordinates": [
          -1.1199999882286304,
          51.029999995022436
        ]
      },
      "properties": {
        "source": "Required reassessment",
        "name": "Bramdean slopes",
        "status": "Failed terrain threshold",
        "easting": 461807.1591305742,
        "northing": 125994.33940953357,
        "latitude": 51.029999995022436,
        "longitude": -1.1199999882286304,
        "grid_ref": "SU 6180 2599",
        "distance_miles": 6.165052529858327,
        "aspect_deg": NaN,
        "aspect_text": "",
        "representative_slope_deg": NaN,
        "median_local_slope_deg": NaN,
        "max_robust_slope_deg": NaN,
        "mean_upper_slope_deg": NaN,
        "vertical_relief_m": NaN,
        "vertical_relief_ft": NaN,
        "horizontal_run_m": NaN,
        "face_width_m": NaN,
        "ridge_length_m": NaN,
        "downslope_span_m": NaN,
        "connected_area_ha": NaN,
        "lip_sharpness_deg": NaN,
        "roughness_m": NaN,
        "gaps_count": 0,
        "largest_gap_m": 0,
        "percent_face_at_benchmark": 0,
        "whitewool_slope_percent": 0,
        "whitewool_relief_percent": 0,
        "pass_terrain": false,
        "terrain_score": 0,
        "overall_score": 0,
        "landcover_observation": "Not yet checked",
        "launch_observation": "Terrain-derived only",
        "landing_observation": "Terrain-derived only",
        "obstacle_observation": "Not yet checked",
        "airspace_observation": "Not yet checked",
        "protected_observation": "Not yet checked",
        "existing_site_conflict": "None identified",
        "confidence": "Medium",
        "reason": "No contiguous south-east to south-west face in the 3 km verification window met the sustained-slope and relief pre-filter.",
        "profile_file": ""
      }
    },
    {
      "type": "Feature",
      "geometry": {
        "type": "Point",
        "coordinates": [
          -1.1334999881500627,
          51.182599995136385
        ]
      },
      "properties": {
        "source": "Required reassessment",
        "name": "Candover Valley",
        "status": "Failed terrain threshold",
        "easting": 460660.7746349355,
        "northing": 142953.22020428305,
        "latitude": 51.182599995136385,
        "longitude": -1.1334999881500627,
        "grid_ref": "SU 6066 4295",
        "distance_miles": 6.355374126425165,
        "aspect_deg": NaN,
        "aspect_text": "",
        "representative_slope_deg": NaN,
        "median_local_slope_deg": NaN,
        "max_robust_slope_deg": NaN,
        "mean_upper_slope_deg": NaN,
        "vertical_relief_m": NaN,
        "vertical_relief_ft": NaN,
        "horizontal_run_m": NaN,
        "face_width_m": NaN,
        "ridge_length_m": NaN,
        "downslope_span_m": NaN,
        "connected_area_ha": NaN,
        "lip_sharpness_deg": NaN,
        "roughness_m": NaN,
        "gaps_count": 0,
        "largest_gap_m": 0,
        "percent_face_at_benchmark": 0,
        "whitewool_slope_percent": 0,
        "whitewool_relief_percent": 0,
        "pass_terrain": false,
        "terrain_score": 0,
        "overall_score": 0,
        "landcover_observation": "Not yet checked",
        "launch_observation": "Terrain-derived only",
        "landing_observation": "Terrain-derived only",
        "obstacle_observation": "Not yet checked",
        "airspace_observation": "Not yet checked",
        "protected_observation": "Not yet checked",
        "existing_site_conflict": "None identified",
        "confidence": "Medium",
        "reason": "No contiguous south-east to south-west face in the 3 km verification window met the sustained-slope and relief pre-filter.",
        "profile_file": ""
      }
    },
    {
      "type": "Feature",
      "geometry": {
        "type": "Point",
        "coordinates": [
          -1.0044999880560108,
          51.2371999951797
        ]
      },
      "properties": {
        "source": "Required reassessment",
        "name": "Upton Grey",
        "status": "Failed terrain threshold",
        "easting": 469594.8713264504,
        "northing": 149139.2742387917,
        "latitude": 51.2371999951797,
        "longitude": -1.0044999880560108,
        "grid_ref": "SU 6959 4913",
        "distance_miles": 9.18354140039176,
        "aspect_deg": NaN,
        "aspect_text": "",
        "representative_slope_deg": NaN,
        "median_local_slope_deg": NaN,
        "max_robust_slope_deg": NaN,
        "mean_upper_slope_deg": NaN,
        "vertical_relief_m": NaN,
        "vertical_relief_ft": NaN,
        "horizontal_run_m": NaN,
        "face_width_m": NaN,
        "ridge_length_m": NaN,
        "downslope_span_m": NaN,
        "connected_area_ha": NaN,
        "lip_sharpness_deg": NaN,
        "roughness_m": NaN,
        "gaps_count": 0,
        "largest_gap_m": 0,
        "percent_face_at_benchmark": 0,
        "whitewool_slope_percent": 0,
        "whitewool_relief_percent": 0,
        "pass_terrain": false,
        "terrain_score": 0,
        "overall_score": 0,
        "landcover_observation": "Not yet checked",
        "launch_observation": "Terrain-derived only",
        "landing_observation": "Terrain-derived only",
        "obstacle_observation": "Not yet checked",
        "airspace_observation": "Not yet checked",
        "protected_observation": "Not yet checked",
        "existing_site_conflict": "None identified",
        "confidence": "Medium",
        "reason": "No contiguous south-east to south-west face in the 3 km verification window met the sustained-slope and relief pre-filter.",
        "profile_file": ""
      }
    },
    {
      "type": "Feature",
      "geometry": {
        "type": "Point",
        "coordinates": [
          -1.060739988156357,
          51.10714999508112
        ]
      },
      "properties": {
        "source": "Required reassessment",
        "name": "Barn Lane and Kingswood Rise",
        "status": "Failed terrain threshold",
        "easting": 465853.35474751476,
        "northing": 134625.10464016066,
        "latitude": 51.10714999508112,
        "longitude": -1.060739988156357,
        "grid_ref": "SU 6585 3462",
        "distance_miles": 0.4913589013439036,
        "aspect_deg": NaN,
        "aspect_text": "",
        "representative_slope_deg": NaN,
        "median_local_slope_deg": NaN,
        "max_robust_slope_deg": NaN,
        "mean_upper_slope_deg": NaN,
        "vertical_relief_m": NaN,
        "vertical_relief_ft": NaN,
        "horizontal_run_m": NaN,
        "face_width_m": NaN,
        "ridge_length_m": NaN,
        "downslope_span_m": NaN,
        "connected_area_ha": NaN,
        "lip_sharpness_deg": NaN,
        "roughness_m": NaN,
        "gaps_count": 0,
        "largest_gap_m": 0,
        "percent_face_at_benchmark": 0,
        "whitewool_slope_percent": 0,
        "whitewool_relief_percent": 0,
        "pass_terrain": false,
        "terrain_score": 0,
        "overall_score": 0,
        "landcover_observation": "Not yet checked",
        "launch_observation": "Terrain-derived only",
        "landing_observation": "Terrain-derived only",
        "obstacle_observation": "Not yet checked",
        "airspace_observation": "Not yet checked",
        "protected_observation": "Not yet checked",
        "existing_site_conflict": "None identified",
        "confidence": "Medium",
        "reason": "No contiguous south-east to south-west face in the 3 km verification window met the sustained-slope and relief pre-filter.",
        "profile_file": ""
      }
    },
    {
      "type": "Feature",
      "geometry": {
        "type": "Point",
        "coordinates": [
          -1.0317999881449187,
          51.10239999507815
        ]
      },
      "properties": {
        "source": "Required reassessment",
        "name": "Semaphore Farm and Headmore",
        "status": "Failed terrain threshold",
        "easting": 467886.3282438808,
        "northing": 134123.12112085545,
        "latitude": 51.10239999507815,
        "longitude": -1.0317999881449187,
        "grid_ref": "SU 6788 3412",
        "distance_miles": 0.8406393214805923,
        "aspect_deg": NaN,
        "aspect_text": "",
        "representative_slope_deg": NaN,
        "median_local_slope_deg": NaN,
        "max_robust_slope_deg": NaN,
        "mean_upper_slope_deg": NaN,
        "vertical_relief_m": NaN,
        "vertical_relief_ft": NaN,
        "horizontal_run_m": NaN,
        "face_width_m": NaN,
        "ridge_length_m": NaN,
        "downslope_span_m": NaN,
        "connected_area_ha": NaN,
        "lip_sharpness_deg": NaN,
        "roughness_m": NaN,
        "gaps_count": 0,
        "largest_gap_m": 0,
        "percent_face_at_benchmark": 0,
        "whitewool_slope_percent": 0,
        "whitewool_relief_percent": 0,
        "pass_terrain": false,
        "terrain_score": 0,
        "overall_score": 0,
        "landcover_observation": "Not yet checked",
        "launch_observation": "Terrain-derived only",
        "landing_observation": "Terrain-derived only",
        "obstacle_observation": "Not yet checked",
        "airspace_observation": "Not yet checked",
        "protected_observation": "Not yet checked",
        "existing_site_conflict": "None identified",
        "confidence": "Medium",
        "reason": "No contiguous south-east to south-west face in the 3 km verification window met the sustained-slope and relief pre-filter.",
        "profile_file": ""
      }
    },
    {
      "type": "Feature",
      "geometry": {
        "type": "Point",
        "coordinates": [
          -1.0087499607756396,
          51.23598367552898
        ]
      },
      "properties": {
        "source": "Required reassessment",
        "name": "Tunworth Down",
        "status": "Failed terrain threshold",
        "easting": 469300.00084088277,
        "northing": 148999.99947507813,
        "latitude": 51.23598367552898,
        "longitude": -1.0087499607756396,
        "grid_ref": "SU 6930 4899",
        "distance_miles": 9.063606341302433,
        "aspect_deg": NaN,
        "aspect_text": "",
        "representative_slope_deg": NaN,
        "median_local_slope_deg": NaN,
        "max_robust_slope_deg": NaN,
        "mean_upper_slope_deg": NaN,
        "vertical_relief_m": NaN,
        "vertical_relief_ft": NaN,
        "horizontal_run_m": NaN,
        "face_width_m": NaN,
        "ridge_length_m": NaN,
        "downslope_span_m": NaN,
        "connected_area_ha": NaN,
        "lip_sharpness_deg": NaN,
        "roughness_m": NaN,
        "gaps_count": 0,
        "largest_gap_m": 0,
        "percent_face_at_benchmark": 0,
        "whitewool_slope_percent": 0,
        "whitewool_relief_percent": 0,
        "pass_terrain": false,
        "terrain_score": 0,
        "overall_score": 0,
        "landcover_observation": "Not yet checked",
        "launch_observation": "Terrain-derived only",
        "landing_observation": "Terrain-derived only",
        "obstacle_observation": "Not yet checked",
        "airspace_observation": "Not yet checked",
        "protected_observation": "Not yet checked",
        "existing_site_conflict": "None identified",
        "confidence": "Medium",
        "reason": "No contiguous south-east to south-west face in the 3 km verification window met the sustained-slope and relief pre-filter.",
        "profile_file": ""
      }
    },
    {
      "type": "Feature",
      "geometry": {
        "type": "Point",
        "coordinates": [
          -1.1454999882335835,
          51.04349999503195
        ]
      },
      "properties": {
        "source": "Required reassessment",
        "name": "Axford slopes",
        "status": "Failed terrain threshold",
        "easting": 460001.5738780718,
        "northing": 127474.57059296279,
        "latitude": 51.04349999503195,
        "longitude": -1.1454999882335835,
        "grid_ref": "SU 6000 2747",
        "distance_miles": 6.078932769865735,
        "aspect_deg": NaN,
        "aspect_text": "",
        "representative_slope_deg": NaN,
        "median_local_slope_deg": NaN,
        "max_robust_slope_deg": NaN,
        "mean_upper_slope_deg": NaN,
        "vertical_relief_m": NaN,
        "vertical_relief_ft": NaN,
        "horizontal_run_m": NaN,
        "face_width_m": NaN,
        "ridge_length_m": NaN,
        "downslope_span_m": NaN,
        "connected_area_ha": NaN,
        "lip_sharpness_deg": NaN,
        "roughness_m": NaN,
        "gaps_count": 0,
        "largest_gap_m": 0,
        "percent_face_at_benchmark": 0,
        "whitewool_slope_percent": 0,
        "whitewool_relief_percent": 0,
        "pass_terrain": false,
        "terrain_score": 0,
        "overall_score": 0,
        "landcover_observation": "Not yet checked",
        "launch_observation": "Terrain-derived only",
        "landing_observation": "Terrain-derived only",
        "obstacle_observation": "Not yet checked",
        "airspace_observation": "Not yet checked",
        "protected_observation": "Not yet checked",
        "existing_site_conflict": "None identified",
        "confidence": "Medium",
        "reason": "No contiguous south-east to south-west face in the 3 km verification window met the sustained-slope and relief pre-filter.",
        "profile_file": ""
      }
    },
    {
      "type": "Feature",
      "geometry": {
        "type": "Point",
        "coordinates": [
          -1.024499988074028,
          51.22249999516827
        ]
      },
      "properties": {
        "source": "Required reassessment",
        "name": "Weston Corbett",
        "status": "Failed terrain threshold",
        "easting": 468220.34680636844,
        "northing": 147485.79452808265,
        "latitude": 51.22249999516827,
        "longitude": -1.024499988074028,
        "grid_ref": "SU 6822 4748",
        "distance_miles": 8.031135564581545,
        "aspect_deg": NaN,
        "aspect_text": "",
        "representative_slope_deg": NaN,
        "median_local_slope_deg": NaN,
        "max_robust_slope_deg": NaN,
        "mean_upper_slope_deg": NaN,
        "vertical_relief_m": NaN,
        "vertical_relief_ft": NaN,
        "horizontal_run_m": NaN,
        "face_width_m": NaN,
        "ridge_length_m": NaN,
        "downslope_span_m": NaN,
        "connected_area_ha": NaN,
        "lip_sharpness_deg": NaN,
        "roughness_m": NaN,
        "gaps_count": 0,
        "largest_gap_m": 0,
        "percent_face_at_benchmark": 0,
        "whitewool_slope_percent": 0,
        "whitewool_relief_percent": 0,
        "pass_terrain": false,
        "terrain_score": 0,
        "overall_score": 0,
        "landcover_observation": "Not yet checked",
        "launch_observation": "Terrain-derived only",
        "landing_observation": "Terrain-derived only",
        "obstacle_observation": "Not yet checked",
        "airspace_observation": "Not yet checked",
        "protected_observation": "Not yet checked",
        "existing_site_conflict": "None identified",
        "confidence": "Medium",
        "reason": "No contiguous south-east to south-west face in the 3 km verification window met the sustained-slope and relief pre-filter.",
        "profile_file": ""
      }
    },
    {
      "type": "Feature",
      "geometry": {
        "type": "Point",
        "coordinates": [
          -1.1080391546822865,
          51.212503498888346
        ]
      },
      "properties": {
        "source": "Required reassessment",
        "name": "Farleigh Hill",
        "status": "Failed terrain threshold",
        "easting": 462400.0008362787,
        "northing": 146299.99947175017,
        "latitude": 51.212503498888346,
        "longitude": -1.1080391546822865,
        "grid_ref": "SU 6240 4629",
        "distance_miles": 7.699863890973673,
        "aspect_deg": NaN,
        "aspect_text": "",
        "representative_slope_deg": NaN,
        "median_local_slope_deg": NaN,
        "max_robust_slope_deg": NaN,
        "mean_upper_slope_deg": NaN,
        "vertical_relief_m": NaN,
        "vertical_relief_ft": NaN,
        "horizontal_run_m": NaN,
        "face_width_m": NaN,
        "ridge_length_m": NaN,
        "downslope_span_m": NaN,
        "connected_area_ha": NaN,
        "lip_sharpness_deg": NaN,
        "roughness_m": NaN,
        "gaps_count": 0,
        "largest_gap_m": 0,
        "percent_face_at_benchmark": 0,
        "whitewool_slope_percent": 0,
        "whitewool_relief_percent": 0,
        "pass_terrain": false,
        "terrain_score": 0,
        "overall_score": 0,
        "landcover_observation": "Not yet checked",
        "launch_observation": "Terrain-derived only",
        "landing_observation": "Terrain-derived only",
        "obstacle_observation": "Not yet checked",
        "airspace_observation": "Not yet checked",
        "protected_observation": "Not yet checked",
        "existing_site_conflict": "None identified",
        "confidence": "Medium",
        "reason": "No contiguous south-east to south-west face in the 3 km verification window met the sustained-slope and relief pre-filter.",
        "profile_file": ""
      }
    },
    {
      "type": "Feature",
      "geometry": {
        "type": "Point",
        "coordinates": [
          -1.0544999881262098,
          51.1554999951174
        ]
      },
      "properties": {
        "source": "Required reassessment",
        "name": "Bentworth slopes",
        "status": "Failed terrain threshold",
        "easting": 466221.1347366276,
        "northing": 140007.52296186544,
        "latitude": 51.1554999951174,
        "longitude": -1.0544999881262098,
        "grid_ref": "SU 6622 4000",
        "distance_miles": 3.334698260218976,
        "aspect_deg": NaN,
        "aspect_text": "",
        "representative_slope_deg": NaN,
        "median_local_slope_deg": NaN,
        "max_robust_slope_deg": NaN,
        "mean_upper_slope_deg": NaN,
        "vertical_relief_m": NaN,
        "vertical_relief_ft": NaN,
        "horizontal_run_m": NaN,
        "face_width_m": NaN,
        "ridge_length_m": NaN,
        "downslope_span_m": NaN,
        "connected_area_ha": NaN,
        "lip_sharpness_deg": NaN,
        "roughness_m": NaN,
        "gaps_count": 0,
        "largest_gap_m": 0,
        "percent_face_at_benchmark": 0,
        "whitewool_slope_percent": 0,
        "whitewool_relief_percent": 0,
        "pass_terrain": false,
        "terrain_score": 0,
        "overall_score": 0,
        "landcover_observation": "Not yet checked",
        "launch_observation": "Terrain-derived only",
        "landing_observation": "Terrain-derived only",
        "obstacle_observation": "Not yet checked",
        "airspace_observation": "Not yet checked",
        "protected_observation": "Not yet checked",
        "existing_site_conflict": "None identified",
        "confidence": "Medium",
        "reason": "No contiguous south-east to south-west face in the 3 km verification window met the sustained-slope and relief pre-filter.",
        "profile_file": ""
      }
    },
    {
      "type": "Feature",
      "geometry": {
        "type": "Point",
        "coordinates": [
          -1.0119999881214614,
          51.1269999950969
        ]
      },
      "properties": {
        "source": "Required reassessment",
        "name": "Chawton Park",
        "status": "Failed terrain threshold",
        "easting": 469235.9105962531,
        "northing": 136877.19734031643,
        "latitude": 51.1269999950969,
        "longitude": -1.0119999881214614,
        "grid_ref": "SU 6923 3687",
        "distance_miles": 2.120680897036723,
        "aspect_deg": NaN,
        "aspect_text": "",
        "representative_slope_deg": NaN,
        "median_local_slope_deg": NaN,
        "max_robust_slope_deg": NaN,
        "mean_upper_slope_deg": NaN,
        "vertical_relief_m": NaN,
        "vertical_relief_ft": NaN,
        "horizontal_run_m": NaN,
        "face_width_m": NaN,
        "ridge_length_m": NaN,
        "downslope_span_m": NaN,
        "connected_area_ha": NaN,
        "lip_sharpness_deg": NaN,
        "roughness_m": NaN,
        "gaps_count": 0,
        "largest_gap_m": 0,
        "percent_face_at_benchmark": 0,
        "whitewool_slope_percent": 0,
        "whitewool_relief_percent": 0,
        "pass_terrain": false,
        "terrain_score": 0,
        "overall_score": 0,
        "landcover_observation": "Not yet checked",
        "launch_observation": "Terrain-derived only",
        "landing_observation": "Terrain-derived only",
        "obstacle_observation": "Not yet checked",
        "airspace_observation": "Not yet checked",
        "protected_observation": "Not yet checked",
        "existing_site_conflict": "None identified",
        "confidence": "Medium",
        "reason": "No contiguous south-east to south-west face in the 3 km verification window met the sustained-slope and relief pre-filter.",
        "profile_file": ""
      }
    },
    {
      "type": "Feature",
      "geometry": {
        "type": "Point",
        "coordinates": [
          -1.0800999882600169,
          50.9397999949567
        ]
      },
      "properties": {
        "source": "Required reassessment",
        "name": "Windmill Down",
        "status": "Failed terrain threshold",
        "easting": 464730.23182892427,
        "northing": 115997.91850576247,
        "latitude": 50.9397999949567,
        "longitude": -1.0800999882600169,
        "grid_ref": "SU 6473 1599",
        "distance_miles": 11.655307181599943,
        "aspect_deg": NaN,
        "aspect_text": "",
        "representative_slope_deg": NaN,
        "median_local_slope_deg": NaN,
        "max_robust_slope_deg": NaN,
        "mean_upper_slope_deg": NaN,
        "vertical_relief_m": NaN,
        "vertical_relief_ft": NaN,
        "horizontal_run_m": NaN,
        "face_width_m": NaN,
        "ridge_length_m": NaN,
        "downslope_span_m": NaN,
        "connected_area_ha": NaN,
        "lip_sharpness_deg": NaN,
        "roughness_m": NaN,
        "gaps_count": 0,
        "largest_gap_m": 0,
        "percent_face_at_benchmark": 0,
        "whitewool_slope_percent": 0,
        "whitewool_relief_percent": 0,
        "pass_terrain": false,
        "terrain_score": 0,
        "overall_score": 0,
        "landcover_observation": "Not yet checked",
        "launch_observation": "Terrain-derived only",
        "landing_observation": "Terrain-derived only",
        "obstacle_observation": "Not yet checked",
        "airspace_observation": "Not yet checked",
        "protected_observation": "Not yet checked",
        "existing_site_conflict": "None identified",
        "confidence": "Medium",
        "reason": "No contiguous south-east to south-west face in the 3 km verification window met the sustained-slope and relief pre-filter.",
        "profile_file": ""
      }
    }
  ]
}